sentence_id,label,sentence,departure,arrival,template_id
4042,INVALID,Yvetot ou Bourges pour les vacances ?,,,157
1375,VALID,Je veux aller de Bayonne à Metz,Bayonne,Metz,1
1477,VALID,Billet de train Fontenay-le-Comte Béziers pour aujourd'hui,Fontenay-le-Comte,Béziers,40
2832,INVALID,Transports locaux Bayonne,,,273
2198,INVALID,Informations pratiques Privas,,,256
2284,INVALID,Évnéements culturels Fougères,,,268
3819,VALID,je veux partir de poitiers et descendre a aix-les-bains,Poitiers,Aix-les-Bains,108
2876,INVALID,Marché local Marseille,,,202
3033,INVALID,Carte de Laval,,,169
2271,INVALID,Activités sportives Épernay,,,264
3485,INVALID,Parc célèbre à Roubaix,,,203
878,VALID,Départ Perpignan arrivée Aubenas,Perpignan,Aubenas,15
3415,INVALID,Concert prévu à Vitry-le-François,,,174
4067,VALID,Je veux voyager en train de Montreuil a Tours,Montreuil,Tours,43
1539,VALID,Je dois me rndre à Poitiers depuuis Saint-Nazaire en TGV,Saint-Nazaire,Poitiers,144
538,VALID,Je pars en train de Chambéry vers Clisson,Chambéry,Clisson,71
1434,VALID,Y a-t-il un train vers midi de Compiègne à Verdun ?,Compiègne,Verdun,137
312,VALID,Je veux un train rapide de Granville à Auch,Granville,Auch,35
1030,VALID,Je veux un train confortable de Modane à Laon,Modane,Laon,69
3379,INVALID,Mon ami vit à Granville et moi à Bourg-en-Bresse,,,154
1388,VALID,Y a-t-il un départ tôt demain de Calais vers Cherbourg ?,Calais,Cherbourg,125
3781,VALID,quelle est la duree du trajet en train de saumur a abbeville ?,Saumur,Abbeville,31
758,VALID,Y a-t-il des trains vers Quimper au départ de Rennes ?,Rennes,Quimper,4
3449,INVALID,Population active Clisson,,,220
2829,INVALID,Zones résidentielles Paris,,,274
3545,INVALID,Carte météo Albert,,,251
2436,INVALID,Je suis né à Belfort,,,185
2454,INVALID,Zones vertes Avignon,,,224
2851,INVALID,aL distance entre Perpignan et Boourg-en-Bressse,,,276
1323,VALID,Je cherche un train après 18h de Privas vers Metz,Privas,Metz,98
3110,INVALID,Office du tourisme Bolbec,,,205
4008,INVALID,Parc celebre a Maubeuge,,,203
3019,INVALID,Ajaccio ou Hazebrouck pour les vacances ?,,,23
605,VALID,Je veux prendre le train de Arles à Chinon,Arles,Chinon,28
554,VALID,Je souhaite prendre un train en début d'après-midi de Vienne à Aurillac,Vienne,Aurillac,110
2111,INVALID,Spécialités culinaires Hazebrouck,,,187
3576,INVALID,Population urbaine Saint-Dizier,,,266
494,VALID,Dernier train de Oyonnax vers Albertville,Oyonnax,Albertville,42
1113,VALID,Billet de train aller-retour Cambrai Angers,Cambrai,Angers,78
46,VALID,y a-t-il un train vers 10h de port-boulet à fontenay-le-comte ?,Port-Boulet,Fontenay-le-Comte,129
1583,VALID,Je cherche le train le moins cher de Yvetot à Mende,Yvetot,Mende,54
2427,INVALID,Services publics Nevers,,,234
1827,INVALID,machés hebdomadaires bourges,,,238
324,VALID,Je veux aller de Colmar à Dole,Colmar,Dole,1
1745,VALID,Je dois être à Besançon avant midi en partant de Montélimar,Montélimar,Besançon,88
3941,VALID,Je veuxx arriver a ernon depuis Abletrvile,Albertville,Vernon,63
816,VALID,Je dois me rendre de Besançon à Fougères,Besançon,Fougères,7
948,VALID,Y a-t-il un train toutes les deux heures de Châteauroux à Perpignan ?,Châteauroux,Perpignan,145
3663,INVALID,Calendrier événements Arles,,,248
3247,INVALID,Hôtel disponible à Saint-Omer,,,163
2,VALID,je souhaite prendre un train en début d'après-midi de hazebrouck à valenciennes,Hazebrouck,Valenciennes,110
3297,INVALID,Météo actuelle à Châteauroux,,,167
3037,INVALID,Journaux locaux Saint-Étienne,,,192
3401,INVALID,Architecture de Thonon-les-Bains,,,198
2763,INVALID,Zones touristiques Douai,,,219
1911,INVALID,cartographie dijon,,,237
975,VALID,Y a-t-il un TER Mâcon Pontivy ?,Mâcon,Pontivy,68
2201,INVALID,Architecture de Lille,,,198
2150,INVALID,Parc célèbre à Thonon-les-Bains,,,203
4088,INVALID,Vienne est une belle ville,,,153
2551,INVALID,Office du tourisme Vienne,,,205
2126,INVALID,Informations locales Montivilliers,,,241
3714,INVALID,services municipaux troyes,,,259
775,VALID,Je veux voyager confortablementt de Saint-Denis vers Albert,Saint-Denis,Albert,104
198,VALID,train du soir saint-étienne nancy,Saint-Étienne,Nancy,66
3091,INVALID,Restaurant à Colmar,,,25
3457,INVALID,Université à Manosque,,,179
243,VALID,un aller simple perpignan fontainebleau,Perpignan,Fontainebleau,10
78,VALID,dernier train de maubeuge vers montargis,Maubeuge,Montargis,42
1589,VALID,Y a-t-il un train de nuit entre Amboise et Vernon ?,Amboise,Vernon,149
355,VALID,Morlaix Chinon pour demain,Morlaix,Chinon,6
84,VALID,quels sont les horaires de train bar-le-duc douai ?,Bar-le-Duc,Douai,8
3611,INVALID,Soipng àB olbec,,,182
739,VALID,Train avec restauration de Montivilliers à Elbeuf,Montivilliers,Elbeuf,135
994,VALID,Comment me rendre à Chambéry depuis Saint-Brieuc ?,Saint-Brieuc,Chambéry,3
1623,VALID,Je veux aller de Limoges à Mâcon,Limoges,Mâcon,1
694,VALID,Trajet de Angoulême vers Mâcon,Angoulême,Mâcon,11
61,VALID,train avec wifi de vichy à privas,Vichy,Privas,111
1734,VALID,Je voudrais aller de Chartres à Les Sables-d'Olonne en TGV,Chartres,Les Sables-d'Olonne,47
1700,VALID,Je vais de Montreuil à Périgueux en train,Montreuil,Périgueux,52
2933,INVALID,Activités culturelles Privas,,,247
1712,VALID,Train avec wifi de Lens à Bourgoin-Jallieu,Lens,Bourgoin-Jallieu,111
1916,INVALID,informations pratiques saumur,,,256
542,VALID,Je pars demain de Hazebrouck vers Sens,Hazebrouck,Sens,37
1094,VALID,Je planifie un voyage en train de Moulins vers Florence,Moulins,Florence,49
964,VALID,Je veux prendre le train de Biarritz à Segré,Biarritz,Segré,28
304,VALID,Je dois faire Nantes Roubaix en train,Nantes,Roubaix,102
2179,INVALID,Heure locale à Les Sables-d'Olonne,,,194
3981,INVALID,Espaces verts Saumur,,,239
1533,VALID,Combien de temps dure le trajet en train de Brest à Vannes ?,Brest,Vannes,60
572,VALID,Dernier train de Montivilliers vers Bolbec,Montivilliers,Bolbec,42
2495,INVALID,Centres de loisirs Abbeville,,,262
771,VALID,Un aller simple Montpellier Verdun,Montpellier,Verdun,10
209,VALID,je cherche à aller de digne-les-bains à provins par le train,Digne-les-Bains,Provins,116
1076,VALID,Je veux arriver à Dunkerquedepuis ennes,Rennes,Dunkerque,63
1741,VALID,Y a-t-il un départ en soirée de Nîmes pour Vesoul ?,Nîmes,Vesoul,141
968,VALID,Quelle est la fréquence des trains Bastia Nantes ?,Bastia,Nantes,72
2304,INVALID,Évry ou Concarneau pour les vacances ?,,,157
1723,VALID,Je veux voyager en train de Besançon à Pau,Besançon,Pau,43
1355,VALID,Train avec restauration de Annemasse à Quimper,Annemasse,Quimper,135
2729,INVALID,Carte postale Fontainebleau,,,196
227,VALID, e veux réserverr por le train de bourg-en-bresse vers aurillac,Bourg-en-Bresse,Aurillac,130
991,VALID,Y a-t-il un départ tôt demain de Digne-les-Bains vers Louviers ?,Digne-les-Bains,Louviers,125
882,VALID,Quel train prendre pour aller de Fontenay-le-Comte à Tourcoing ?,Fontenay-le-Comte,Tourcoing,84
1985,INVALID,histoire de compiègne,,,171
1895,INVALID,quartiers de vesoul,,,173
4038,VALID,Train avec wifi de Segre a Soissons,Segré,Soissons,111
3278,INVALID,Journaux locaux Châteaubriant,,,192
1096,VALID,Je cherche un train Le Havre Louviers,Le Havre,Louviers,14
2700,INVALID,Histoire de Aix-les-Bains,,,171
1234,VALID,Je dois me rendre de Granville à Châlons-en-Champagne,Granville,Châlons-en-Champagne,7
3030,INVALID,Zones touristiques Limoges,,,219
789,VALID,Prrochian déparrt de Soissons pour Auch,Soissons,Auch,27
1584,VALID,Je voudrais connaître les horaires de train de Moulins à Reims,Moulins,Reims,67
912,VALID,Train direct sans correspondance Quimper Rodez,Quimper,Rodez,82
2047,INVALID,guide pratique louviers,,,229
1354,VALID,Je cherche un train dimanche de Fontenay-le-Comte à Nancy,Fontenay-le-Comte,Nancy,132
3868,INVALID,informations locales montargis,,,241
3269,INVALID,Musée à visiter à Arles,,,172
2708,INVALID,Quelle heure est-il à Melun ?,,,160
3411,INVALID,Bonjour,,,21
3870,INVALID,associations locales les sables-d'olonne,,,236
3455,INVALID,Associations à Villeurbanne,,,207
1811,INVALID,théâtre à pontoise,,,217
891,VALID,Y a-t-il un TGV direct Dijon Dieppe ?,Dijon,Dieppe,93
719,VALID,Prochain départ de Strasbourg pour Rouen,Strasbourg,Rouen,27
257,VALID,y a-t-il un train avant 8h de concarneau à quimper ?,Concarneau,Quimper,103
1669,VALID,Je veux partir en milieu de soirée de Metz pour Bordeaux,Metz,Bordeaux,150
2002,INVALID,mende est une bbelle ville,,,153
779,VALID,Prochain départ de Courbevoie pour Châteauroux,Courbevoie,Châteauroux,27
3015,INVALID,Population étudiante Concarneau,,,193
1844,INVALID,population urbaine nîmes,,,266
130,VALID,je veux arriver à maubeuge depuis orange,Orange,Maubeuge,63
744,VALID,Je cherche le train le plus économique de Meaux à Bolbec,Meaux,Bolbec,124
1551,VALID,Je souhaite réserver un train de Chartres vers Reims,Chartres,Reims,58
269,VALID,Quel train me conseillez-vous de Pontivy à Cholet ?,Pontivy,Cholet,53
1117,VALID,Y a-t-il un train toutes les deux heures de Marseille à Saint-Nazaire ?,Marseille,Saint-Nazaire,145
1767,VALID,Quel train me conseillez-vous de Épinal à Cholet ?,Épinal,Cholet,53
553,VALID,Jev eux partir enmilieu ed soireé de hCalon-sur-Saône opur Dle,Chalon-sur-Saône,Dole,150
1192,VALID,Je veux acheter un billet de train Ancenis Carcassonne,Ancenis,Carcassonne,83
3193,INVALID,Cinéma à Vitry-le-François,,,216
3116,INVALID,Statistiques économiques Amboise,,,272
3860,INVALID,cartographie avranches,,,237
1505,VALID,Je voudrais aller de Beauvais à Tourcoing en TGV,Beauvais,Tourcoing,47
2750,INVALID,Centres de loisirs Le Mans,,,262
2177,INVALID,Offres d'emploi Beauvais,,,246
3412,INVALID,Centres éducatifs Poitiers,,,270
2014,INVALID,guide étudiant châteaubriant,,,201
1376,VALID,Je pars en train de Arles vers Vitré,Arles,Vitré,71
660,VALID,Je cherche le train le plus économique de Dunkerque à Nanterre,Dunkerque,Nanterre,124
1908,INVALID,restaurant à elbeuf,,,25
4045,VALID,Quel train me conseillez-vous de Angers a Briancon ?,Angers,Briançon,53
465,VALID,Y a-t-il un départ tôt demain de Compiègne vers Vitry-le-François ?,Compiègne,Vitry-le-François,125
1670,VALID,Y a-t-il un TGV Dunkerque Challans ?,Dunkerque,Challans,34
3486,INVALID,Quelle heure est-il à Belfort ?,,,160
1181,VALID, Dernier train de Tourconig vers Pontoise,Tourcoing,Pontoise,42
1125,VALID,Je veux partir de Albi et descendre à Meaux,Albi,Meaux,108
1873,INVALID,zones résidentielles thonon-les-bains,,,274
441,VALID,Je veux arrivre à Le Mans depuis Granville,Granville,Le Mans,63
2714,INVALID,Metz ou Saumur pour les vacances ?,,,157
2094,INVALID,Hôpitaux à Dieppe,,,222
2906,INVALID,Activités sportives Gap,,,264
2544,INVALID,Guide étudiant Bayonne,,,201
1960,INVALID,services publics saint-malo,,,234
3245,INVALID,Informations pratiques Albi,,,256
2536,INVALID,Offic epostal Pontarlie,,,221
2715,INVALID,Quartiers historiques Besançon,,,227
41,VALID,je dois aller de évreux à amiens ce soir,Évreux,Amiens,39
1627,VALID,Y a-t-il un Ouigo de Montpellier vers Briançon ?,Montpellier,Briançon,109
524,VALID,Y a-t-il un train rapide sans arrêt Saint-Quentin Auray ?,Saint-Quentin,Auray,113
3045,INVALID,Guide étudiant Cherbourg,,,201
2478,INVALID,Code postal Nice,,,176
3129,INVALID,Statistiques météo Lannion,,,204
1698,VALID,Je dois me rendre à Saint-Malo depuis Biarritz en TGV,Biarritz,Saint-Malo,144
1810,INVALID,écoles à bar-le-duc,,,213
3151,INVALID,Guide pratiquue Chinon,,,229
634,VALID,Train express de Calais vers Orange,Calais,Orange,139
2863,INVALID,Zones commerciales Monntivilliers,,,263
55,VALID,je dois être à toul avant midi en partant de lens,Lens,Toul,88
3277,INVALID,Concert prévu à Antibes,,,174
952,VALID,Y a-t-il u départ en soirée de Aix-les-Bains pour Dieppe ?,Aix-les-Bains,Dieppe,141
510,VALID,Train direct sans correspondance Manosque Fontenay-le-Comte,Manosque,Fontenay-le-Comte,82
2993,INVALID,Centres éducatifs Albert,,,270
1754,VALID,Quel train me conseillez-vous de Manosque à Les Sables-d'Olonne ?,Manosque,Les Sables-d'Olonne,53
1463,VALID,Train avec peu de correspondances de Melun vers Nancy,Melun,Nancy,127
1799,INVALID,cartographie port-boulet,,,237
456,VALID,Train de fin de journée Poitiers vers Saint-Omer,Poitiers,Saint-Omer,147
584,VALID,Je cherche un train pur demain de Montbéliard à Rennes,Montbéliard,Rennes,75
2209,INVALID,Climat de Fécamp,,,186
3764,VALID,y a-t-il un tgv digne-les-bains perpignan ?,Digne-les-Bains,Perpignan,34
1886,INVALID,office du tourisme biarritz,,,205
3737,VALID,je veux partir de montreuil et descendre a bourges,Montreuil,Bourges,108
3317,INVALID,J'habite à Pontoise,,,17
2415,INVALID,Marché local Dunkerque,,,202
1179,VALID,Train de milieu d'après-midi Les Sables-d'Olonne Antibes,Les Sables-d'Olonne,Antibes,143
2190,INVALID,Quelle est la population de Chinon ?,,,155
1588,VALID,Je cherche à voyager de Rodez à Saint-Quentin en TER,Rodez,Saint-Quentin,148
1221,VALID,À quelle heure arrive le train à Saint-Étienne depuis Paris ?,Paris,Saint-Étienne,48
2517,INVALID,Je travaille à Bayonne,,,165
3085,INVALID,Meilleur moment pour visiter Roubaix,,,197
4066,INVALID,Universite a Clermont-Ferrand,,,179
485,VALID,Je dois voyager de Évreux à Albert ce week-end,Évreux,Albert,77
1200,VALID,Je cherche un train Cannes Calais,Cannes,Calais,14
1500,VALID,Y a-t-il des trains en semaine de Chartres à Vierzon ?,Chartres,Vierzon,74
815,VALID,Comment rejoindre Biarritz depuis Elbeuf en train ?,Elbeuf,Biarritz,38
1546,VALID,Je cherche un train jeudi de Vendôme à Versailles,Vendôme,Versailles,140
1299,VALID,Je dois prendre le train de Évreux pour Lens,Évreux,Lens,45
2119,INVALID,J'habite à Ancenis,,,152
1606,VALID,Train du matn Auxerre Le Mans,Auxerre,Le Mans,29
49,VALID,je cherche un train pour la semaine prochaine de biarritz à fontenay-le-comte,Biarritz,Fontenay-le-Comte,106
3822,INVALID,evenements locaux langres,,,228
3308,INVALID,Centres culturels Aurillac,,,254
353,VALID,Je veux le prochain départ en train de Maubeuge pour Albertville,Maubeuge,Albertville,122
505,VALID,Y a-t-il un TGV en fin d'après-midi Troyes Paris ?,Troyes,Paris,133
1381,VALID,Je souhaite réserver un train de Le Havre vers Arras,Le Havre,Arras,58
2620,INVALID,Entreprise connue à Aubenas,,,180
4097,INVALID,Centres culturels Creteil,,,254
165,VALID,yy-at-il un départ en soirée d ecambéry pour thonon-ls-ebains ?,Chambéry,Thonon-les-Bains,141
624,VALID,Je veux partir de Albert et descendre à Toulon,Albert,Toulon,108
976,VALID,Je veux me rendre à Montivilliers depuis Béthune par le train,Béthune,Montivilliers,73
2523,INVALID,Je déménage à Maubeuge,,,195
3043,INVALID,Photos anciennes Évreux,,,200
2147,INVALID,Bonjour,,,21
941,VALID,Je veux acheter un billet de train Metz Aubenas,Metz,Aubenas,83
3367,INVALID,Marché local Soissons,,,202
3636,INVALID, Mon ami vit à Châteaubrian et moi àA vranches,,,19
1995,INVALID,restaurant à boulogne-billancourt,,,159
2049,INVALID,quartiers historiques chambéry,,,227
2294,INVALID,Ambassade à Metz,,,184
1275,VALID,Quel est le meilleur train de Compiègne à Versailles ?,Compiègne,Versailles,44
3222,INVALID,Actvités culturelles Auray,,,247
549,VALID,Billet de train aller-retour Angoulême Reims,Angoulême,Reims,78
767,VALID,Y a-t-il un train l'après-midi de Montpellier à Segré ?,Montpellier,Segré,121
3551,INVALID,Je vis à Niort,,,168
2385,INVALID,Population étudiante Manosque,,,193
1158,VALID,Y a-t-il un TGV direct Vienne Poitiers ?,Vienne,Poitiers,93
3706,INVALID,festival a vitry-le-francois,,,189
1212,VALID,Train du soir Charleville-Mézières Angers,Charleville-Mézières,Angers,66
3008,INVALID,Restaurant à Port-Boulet,,,25
3659,INVALID,Informations générales Avignon,,,275
3930,VALID,Je veux le train de Sens a Beziers le plus tot possible,Sens,Béziers,100
141,VALID,je souhaite partir de clermont-ferrand et arriver à blois,Clermont-Ferrand,Blois,81
1478,VALID,Je dois aller de Évreux à Elbeuf ce soir,Évreux,Elbeuf,39
2885,INVALID,Quartier sûr à Grenoble,,,190
929,VALID,Évreux Soissons pour demain,Évreux,Soissons,6
1180,VALID,Je veeux me rendr à Roubaix depis Valence par le train,Valence,Roubaix,73
954,VALID,Je cherche un train dimanche de Pontivy à Valence,Pontivy,Valence,132
2373,INVALID,Météo actuelle à Ancenis,,,167
1796,INVALID,heure locale à albertville,,,194
1759,VALID,À quelle heure arrive le train à Vienne depuis Thonon-les-Bains ?,Thonon-les-Bains,Vienne,48
3170,INVALID,Zones rurales Orléans,,,243
2978,INVALID,Informations générales Boulogne-Billancourt,,,275
438,VALID,Je cherche un trajet en train de Cannes vers Montreuil,Cannes,Montreuil,30
1610,VALID,Je voudrais partir de La Rochelle pour aller à Orléans,La Rochelle,Orléans,9
3719,INVALID,centres de loisirs limoges,,,262
310,VALID,Je veux partir en train de Pontivy à Nancy samedi,Pontivy,Nancy,126
2157,INVALID,J'habite actuellement à Vannes,,,161
124,VALID,quels sont les horaires de train villeurbanne florence ?,Villeurbanne,Florence,8
3527,INVALID,Plan de ville Saumur,,,206
2604,INVALID,Ambassade à Angoulême,,,184
4000,INVALID,Loches est une belle ville,,,153
2679,INVALID,Arras est une belle ville,,,18
742,VALID,Combien de temps dure le trajet en train de Abbeville à Tourcoing ?,Abbeville,Tourcoing,60
1984,INVALID,carte détaillée oyonnax,,,265
1722,VALID,Je veux me rendre à Vesoul depuis Granville par le train,Granville,Vesoul,73
1394,VALID,Je veux le prochain départ en train de Tarbes pour Saint-Étienne,Tarbes,Saint-Étienne,122
3685,INVALID,informations locales lyon,,,241
1703,VALID,Je veux acheter mon billet pour le train Douai Dinan,Douai,Dinan,118
3489,INVALID,Le maire de Nanterre,,,158
420,VALID,Je veux comparer les horaires de train de Port-Boulet à Gap,Port-Boulet,Gap,94
3933,INVALID,Centres culturels Caen,,,254
1309,VALID,Train avec places assises garanties Compiègne Montpellier,Compiègne,Montpellier,119
3365,INVALID,Théâtre à Thonon-les-Bains,,,217
4092,VALID,Je veux le train le plus rapide de Chinon a Vitry-le-Francois,Chinon,Vitry-le-François,79
3083,INVALID,Je suis né à Chambéry,,,185
3384,INVALID,Informations locales Segré,,,241
4048,VALID,Je veux  le  trian le plus rraide de Nice a Bastia,Nice,Bastia,79
2909,INVALID,ôpHitaaux à oFugères ,,,222
4099,INVALID,Statistiques emploi Bordeaux,,,225
4085,INVALID,Carte detaillee Poitiers,,,265
2964,INVALID,Ambassade à Mulhouse,,,184
2766,INVALID,Architecture de Chaumont,,,198
2868,INVALID,Zones vertes Saint-Omer,,,224
1369,VALID,Je voudrais partir de Calais pour aller à Chambéry,Calais,Chambéry,9
2156,INVALID,Actualités à Bourgoin-Jallieu,,,178
627,VALID,Train de fin de matinée Saint-Malo Calais,Saint-Malo,Calais,131
3874,INVALID,theatre a moorlaix,,,217
54,VALID,y a-t-il un train vers midi de caen à châlons-en-champagne ?,Caen,Châlons-en-Champagne,137
1997,INVALID,statistiques économiques fécamp,,,272
1,VALID,je dois me déplacer en train de fontenay-le-comte vers melun mardi,Fontenay-le-Comte,Melun,120
2196,INVALID,Langue parlée à Caen,,,175
3480,INVALID,Guide pratique Challans,,,229
3613,INVALID,Je vis à Agen,,,168
1408,VALID,Je souhaite réserver un train de Concarneau vers Perpignan,Concarneau,Perpignan,58
274,VALID,Y a-t-il un départ tôt demain de Fontenay-le-Comte vers Vannes ?,Fontenay-le-Comte,Vannes,125
2267,INVALID,Quartier sûr à Béthune,,,190
3,VALID,je dois aller à lille en partant de auray en train,Auray,Lille,128
2650,INVALID,Toulon est une belle ville,,,18
1098,VALID,Y a-t-il un Intercités Montauban Modane ?,Montauban,Modane,57
871,VALID,Je vais de Épinal à Clermont-Ferrand en train,Épinal,Clermont-Ferrand,52
507,VALID,Je dois voyager de Châlons-en-Champagne à Évreux vendredi,Châlons-en-Champagne,Évreux,112
2434,INVALID,Actualités à Fontainebleau,,,178
3140,INVALID,Centres commerciaux Le Mans,,,226
1620,VALID,Je dois me déplacer de Toulon à Carcassonne en train,Toulon,Carcassonne,65
4049,INVALID,Carte detaillee Soissons,,,265
2091,INVALID,Je suis né à Amboise,,,185
1603,VALID,Y a-t-il des trains disponibles de Aurillac à Strasbourg ?,Aurillac,Strasbourg,50
1276,VALID,Je dois aller à Langres en partant de Moulins en train,Moulins,Langres,128
3796,INVALID,carte administrative beauvais,,,218
1731,VALID,Y a-t-il des trains disponibles de Bourgoin-Jallieu à Paris ?,Bourgoin-Jallieu,Paris,50
364,VALID,Prochain départ de Dinan pour Angers,Dinan,Angers,27
3733,VALID,je dois etre a bastia avant midi en partant de dijon,Dijon,Bastia,88
3872,INVALID,zones touristiques dunkerque,,,219
2376,INVALID,Carte générale Bolbec,,,257
3889,VALID,je veux comparer les horaires de rain de creteil a clermnot-efrrand,Créteil,Clermont-Ferrand,94
3421,INVALID,ervices publics oBrdaux,,,234
3261,INVALID,Statistiques météo Châlons-en-Champagne,,,204
1771,VALID,Je planifie un voyage en train de Vernon vers Pontoise,Vernon,Pontoise,49
868,VALID,Billet de train Bourgoin-Jallieu Amboise pour aujourd'hui,Bourgoin-Jallieu,Amboise,40
2424,INVALID,Zones résidentielles Pontarlier,,,274
2823,INVALID,Associations à Avignon,,,207
2682,INVALID,Centres culturels Vitré,,,254
1865,INVALID,spécialités culinaires étampes,,,187
1863,INVALID,cinéma à montélimar,,,216
53,VALID,je cherche un train dimanche de montbéliard à tarbes,Montbéliard,Tarbes,132
2580,INVALID,Musée à visiter à Manosque,,,172
1555,VALID,Je veux le train avec le meilleur confort Poitiers Montargis,Poitiers,Montargis,138
305,VALID,Prochain TGV de Compiègne pour Étampes,Compiègne,Étampes,95
2999,INVALID,Monument célèbre à Les Sables-d'Olonne,,,188
612,VALID,Je voudrais partir de Aurillac pour aller à Auray,Aurillac,Auray,9
1952,INVALID,carte administrative blois,,,218
689,VALID,Train direct sans correspondance Agen Privas,Agen,Privas,82
1341,VALID,Je dois voyager en train de Strasbourg vers Avranches mercredi,Strasbourg,Avranches,136
1955,INVALID,carte administrative saint-denis,,,218
2197,INVALID,Théâtre à Strasbourg,,,217
2670,INVALID,Mon ami vit à Pau et moi à Valenciennes,,,154
2695,INVALID,Statistiques économiques Belfort,,,272
693,VALID,Y a-t-il un Intercités Modane Auxerre ?,Modane,Auxerre,57
3784,VALID,prochain tgv de avignon pour rennes,Avignon,Rennes,95
2698,INVALID,Population urbaine Clermont-Ferrand,,,266
3761,VALID,je dois me rendre de pontoise a auch,Pontoise,Auch,7
2923,INVALID,Théâtre à Montargis,,,217
1898,INVALID,plages proches de vesoul,,,181
235,VALID,y a-t-il un train l'après-midi de perpignan à évreux ?,Perpignan,Évreux,121
3340,INVALID,Monuments historiques Nancy,,,214
112,VALID,train rapide de beauvais à albertville,Beauvais,Albertville,46
778,VALID,Je veux partir en milieu de soirée de Villeurbanne pour Lisieux,Villeurbanne,Lisieux,150
1449,VALID,Je veux aller dee Dijon à Clisson,Dijon,Clisson,1
1932,INVALID,quel temps fait-il à arras ?,,,151
2414,INVALID,Informations locales Courbevoie,,,241
1261,VALID,Je planifie un voyage en train de Charleville-Mézières vers Modane,Charleville-Mézières,Modane,49
2880,INVALID,Statistiques locales Lons-le-Saunier,,,261
2377,INVALID,Statistiques économiques Oyonnax,,,272
2690,INVALID,Centres éducatifs Elbeuf,,,270
3774,VALID,je veux partir de douai a montbeliard en premiere classe,Douai,Montbéliard,142
879,VALID,Train avec places assises garanties Avignon Lorient,Avignon,Lorient,119
2206,INVALID,Zones touristiques Le Puy-en-Velay,,,249
4086,VALID,Digne-les-Bains Lens pour demain,Digne-les-Bains,Lens,6
2578,INVALID,Bibliothèque à Pontarlier,,,212
2575,INVALID,La distance entre Avranches et Nice,,,276
2541,INVALID,La distance entre Béziers et Aurillac,,,276
3671,INVALID,Hôpitaux à Lourdes,,,222
2334,INVALID,Associations à Limoges,,,207
1123,VALID,Y a-t-il un TER Créteil Le Mans ?,Créteil,Le Mans,68
3172,INVALID,Guide touristique Avignon,,,183
3012,INVALID,Événements culturels Dole,,,268
3408,INVALID,Informations pratiques Valence,,,256
637,VALID,Train avec places assises garanties Ancenis Bordeaux,Ancenis,Bordeaux,119
1510,VALID,Je vais de Rouen à Évreux en train,Rouen,Évreux,52
3844,VALID,train matinal de colmar vers ajaccio,Colmar,Ajaccio,115
783,VALID,Je cherche à aller de Saint-Nazaire à Albertville par le train,Saint-Nazaire,Albertville,116
3194,INVALID,Informations trafic Nanterre,,,260
3826,INVALID,population etudiante angers,,,193
1445,VALID,Y a-t-il un train toutes les heures de Valenciennes à Cean ?,Valenciennes,Caen,89
971,VALID,Je veux le prochain départ en train de Saumur pour Lunéville,Saumur,Lunéville,122
4017,VALID,Je veux aller de Angers a Nimes,Angers,Nîmes,1
1570,VALID,Y a-t-il un train avant 8h de Port-Boulet à Manosque ?,Port-Boulet,Manosque,103
4077,VALID,Train quotidien Annecy Epernay,Annecy,Épernay,107
1933,INVALID,carte touristique de aix-en-provence,,,164
297,VALID,Je réserve un train de Dinan à Pontivy,Dinan,Pontivy,26
415,VALID,Je cherche à aller de Mende à Langres par le trian,Mende,Langres,116
1403,VALID,Train de Strasbourg à Vitré cet après-midi,Strasbourg,Vitré,59
306,VALID,Je veux me rendreà  Nantes depui Potarlier par le train,Pontarlier,Nantes,73
533,VALID,Je réserve un train de Bar-le-Duc à Nice,Bar-le-Duc,Nice,26
3437,INVALID,Restaurant à Oyonnax,,,159
3995,INVALID,Marche local Biarritz,,,202
2753,INVALID,Je déménage à Orange,,,195
916,VALID,Trai npou rÉvreu xa udpéart de ulhouse,Mulhouse,Évreux,91
2554,INVALID,Quartiers historiques Manosque,,,227
2510,INVALID,J'habite actuellement à Poarlier,,,161
1229,VALID,Je veux le train le plus rapide de Rodez à Concarneau,Rodez,Concarneau,79
335,VALID,Je veux un train avec prises électriques Angers Saint-Dizier,Angers,Saint-Dizier,146
2872,INVALID,Bonjour,,,21
3976,INVALID,Cout de la vie Douai,,,209
1371,VALID,Je veux un train confortable de Mulhouse à Saint-Omer,Mulhouse,Saint-Omer,69
255,VALID,y a-t-il un train de nuit entre chaumont et montauban ?,Chaumont,Montauban,149
1344,VALID,Je pars de Laval direction Auch,Laval,Auch,12
3590,INVALID,Mon ami vit à Albi et moi à Mende,,,19
1011,VALID,Y a-t-il un départ en soirée de Amiens pour Vienne ?,Amiens,Vienne,141
3459,INVALID,Hôtel disponible à Oyonnax,,,163
1801,INVALID,plan de ville compiègne,,,206
981,VALID,Je dois voyager en train de Blois vers Bar-le-Duc mercredi,Blois,Bar-le-Duc,136
470,VALID,Je cherche un train Lens Montargis,Lens,Montargis,14
2636,INVALID,Hôpitaux à Bourg-en-Bresse,,,222
1569,VALID,Y a-t-il un train tôt le matin de Lourdes vers Moulins ?,Lourdes,Moulins,62
1920,INVALID,zones touristiques beauvais,,,219
3953,VALID,Je souhaite voyager de Digne-les-Bains vers Nantes,Digne-les-Bains,Nantes,5
1409,VALID,Train avec restauration de Brest à Épernay,Brest,Épernay,135
2488,INVALID,Bibliothèque à Beauvais,,,212
325,VALID,Je voudrais partir de Pontoise pour aller à Briançon,Pontoise,Briançon,9
3478,INVALID,Carte météo Lille,,,251
1739,VALID,Je veux réserver pour le traani de uQimper vers Dunkerque,Quimper,Dunkerque,130
3588,INVALID,Marchés hebdomadaires Cherbourg,,,238
3296,INVALID,Hôtel pas cher à Rennes,,,170
3351,INVALID,Informations locales Lons-le-Saunier,,,241
2106,INVALID,Clubs sportifs Ajaccio,,,215
2693,INVALID,Guide touristique Hazebrouck,,,183
2911,INVALID,Guide touristique Melun,,,183
4051,INVALID,Briancon ou Reims pour les vacances ?,,,23
2842,INVALID,Statistiques emploi Lunéville,,,225
2834,INVALID,Mon ami vit à Avranches et moi à Dunkerque,,,154
3850,VALID,y a-t-il un train tot le matin de dinan vers orleans ?,Dinan,Orléans,62
3182,INVALID,Agenda culturel Fécamp,,,233
2223,INVALID,Calendrier événements Angoulême,,,248
1878,INVALID,associations locales romans-sur-isère,,,236
2199,INVALID,Actualités à Vienne,,,178
2684,INVALID,Services municipaux Aix-en-Provence,,,259
4064,INVALID,Services municipaux Nevers,,,259
5,VALID,je veux acheter mon billet pour le train calais créteil,Calais,Créteil,118
3857,VALID,je veux partir apres le dejeuner de modane pour lens,Modane,Lens,134
2382,INVALID,Offres d'emploi Quimper,,,246
4087,INVALID,Calendrier evenements Pontarlier,,,248
1384,VALID,Y a-t-il un train avant 8h de Cannes à Tourcoing ?,Cannes,Tourcoing,103
4111,INVALID,Carte generale Saumur,,,257
3566,INVALID,Carte postale Le Puy-en-Velay,,,196
3526,INVALID,Pontivy ou Dunkerque pour les vacances ?,,,157
233,VALID,je veux partir de toul et descendre à cherbourg,Toul,Cherbourg,108
3727,INVALID,carte des routes perpignan,,,223
2910,INVALID,Vitry-le-François est une belle ville,,,18
1453,VALID,Train avec peu de correspondances de Elbeuf vers Lyon,Elbeuf,Lyon,127
2507,INVALID,La distance entre Annecy et Vannes,,,20
3904,VALID,Je veux partir en train de Modane a Montbeliard samedi,Modane,Montbéliard,126
2493,INVALID,Zones touristiques Modane,,,249
3701,INVALID,carte administrative cambrai,,,218
2243,INVALID,Je vis à Vitry-le-François,,,168
2959,INVALID,Activités culturelles Auray,,,247
1640,VALID,Je cherche un train jeudi de Villeurbanne à Tarbes,Villeurbanne,Tarbes,140
732,VALID,Je dois me déplacer en train de Vannes vers Roubaix mardi,Vannes,Roubaix,120
3561,INVALID,Informations locales Vitré,,,241
1945,INVALID,activités culturelles saint-dizier,,,247
4116,INVALID,Meteo actuelle a Avignon,,,167
348,VALID,Je veux me rendre à Clisson depuis Toulouse par le train,Toulouse,Clisson,73
1119,VALID,Je dois prendre le train dee Dole pour Verdun,Dole,Verdun,45
1671,VALID,Train rapide de Lyon à Beauvais,Lyon,Beauvais,46
1138,VALID,Je cherche un train dimanche de Béthune à Vierzon,Béthune,Vierzon,132
374,VALID,Je souhaite partir en milieu de matinée de Boulogne-Billancourt vers Cholet,Boulogne-Billancourt,Cholet,92
1031,VALID,Quel train me conseillez-vous de Nice à Évreux ?,Nice,Évreux,53
2411,INVALID,La distance entre Belfort et Angers,,,276
1116,VALID,Je dois prendre un train de Épinal à Chaumont lundi,Épinal,Chaumont,96
11,VALID,je dois me rendre de montpellier à valence,Montpellier,Valence,7
1422,VALID,Je dois voyager en train de Dunkerque vers Bourgoin-Jallieu mercredi,Dunkerque,Bourgoin-Jallieu,136
648,VALID,Y a-t-il un TGV direct Mende Argenteuil ?,Mende,Argenteuil,93
907,VALID,Train régional de Rodez à Créteil,Rodez,Créteil,87
3428,INVALID,Zones commerciales Argenteuil,,,263
3350,INVALID,Carte de Lons-le-Saunier,,,169
2967,INVALID,Clubs sportifs Cergy,,,215
2680,INVALID,Lad istance enttre Fougères et Béthune,,,276
531,VALID,Je cherche un train pour la semaine prochaine de Lille à Rennes,Lille,Rennes,106
3462,INVALID,Cartographie Amboise,,,237
825,VALID,Je souhaite réserver un train de Valenciennes vers Épernay,Valenciennes,Épernay,58
1968,INVALID,agenda culturel saint-omer,,,233
3382,INVALID,Photo de Vienne,,,177
2669,INVALID,Photos anciennes Chartres,,,200
287,VALID,Je souhaite partir de Chinon et arriver à Bolbec,Chinon,Bolbec,81
2371,INVALID,Immobilier à Angers,,,208
3770,VALID,quels sont les horaires de train vannes loches ?,Vannes,Loches,8
2621,INVALID,Monument célèbre à Dole,,,188
480,VALID,Un billet Dieppe Beauvais s'il vous plaît,Dieppe,Beauvais,2
1650,VALID,Y a-t-il un train toutes les heures de Meaux à Dunkerque ?,Meaux,Dunkerque,89
1325,VALID,Quel train me conseillez-vous de Pontivy à Avignon ?,Pontivy,Avignon,53
484,VALID,Y a-t-il un train dans l'heure de Carcassonne vers Perpignan ?,Carcassonne,Perpignan,80
1866,INVALID,marchés hebdomadaires aix-les-bains,,,238
138,VALID,y a-t-il un train toutes les deux heures de auray à calais ?,Auray,Calais,145
3147,INVALID,Parc célèbre à Pau,,,203
3453,INVALID,Statistiques locales Saint-Omer,,,261
1877,INVALID,centres commerciaux paris,,,226
2109,INVALID,Calendrier événements Niort,,,248
860,VALID,Je veux voyager confortablement de Montauban vers Montpellier,Montauban,Montpellier,104
798,VALID,Je dois faire Segré Vernon en train,Segré,Vernon,102
2012,INVALID,espaces verts toul,,,239
1992,INVALID,cetres commerciaux épernay,,,226
608,VALID,Train de nuit Le Havre Bastia,Le Havre,Bastia,36
828,VALID,Y a-t-il un train toutes les heures de Arles à Compiègne ?,Arles,Compiègne,89
3887,VALID,prochain train pour besancon depuis mulhouse,Mulhouse,Besançon,13
3443,INVALID,Journaux locaux Versailles,,,192
1582,VALID,Je pars en train de Chartrees vers Segré,Chartres,Segré,71
3999,VALID,Prochain TGV de Granville pour Charleville-Mezieres,Granville,Charleville-Mézières,95
3607,INVALID,Carte des routes Pontarlier,,,223
3061,INVALID,Centres culturels Niort,,,254
2072,INVALID,Je travaille à Marseille,,,165
3376,INVALID,Architecture de Cherbourg,,,198
2649,INVALID,Quel temps fait-il à Provins ?,,,151
999,VALID,Y a-t-il des trains en semaine de La Rochelle à Strasbourg ?,La Rochelle,Strasbourg,74
1783,INVALID,carte scolaire gap,,,230
318,VALID,Je vais de Lens à Rouen en train,Lens,Rouen,52
2050,INVALID,carte météo briançon,,,191
1278,VALID,Un aller simple Montargis Laon,Montargis,Laon,10
936,VALID,Train avec le moins de correspondances Auch Cambrai,Auch,Cambrai,55
2161,INVALID,Hôpitaux à Amboise,,,222
2316,INVALID,Plan de ville Alençon,,,206
381,VALID,Je pars demain de Saint-Étienne vers Langres,Saint-Étienne,Langres,37
920,VALID,Train quotidien Montauban Melun,Montauban,Melun,107
1691,VALID,Train avec le moins de correspondances Saint-Omer Oyonnax,Saint-Omer,Oyonnax,55
241,VALID,je souhaite prendre le train de aix-en-provence pour louviers,Aix-en-Provence,Louviers,32
3562,INVALID,Carte des quartiers Verdun,,,267
2659,INVALID,Climat de Oyonnax,,,186
3599,INVALID,Clubs sportifs Saint-Brieuc,,,215
2746,INVALID,Événements culturels Quimper,,,268
2601,INVALID,Quartiers modernes Auray,,,244
2360,INVALID,Carte météo Toul,,,251
1131,VALID,Unn billett pour le traiin Avranches Gap,Avranches,Gap,51
904,VALID,Train matinal de Bar-le-Duc vers Biarritz,Bar-le-Duc,Biarritz,115
2416,INVALID,Quelle est la population de Challans ?,,,155
724,VALID,Je dois prendre un train de Montbéliard à Albertville lundi,Montbéliard,Albertville,96
3637,INVALID,Je suis né à Romans-sur-Isère,,,185
439,VALID,Je veux réserver une place dans le train Chartres Roubaix,Chartres,Roubaix,90
1010,VALID,Train de fin de matinée Rodez Reims,Rodez,Reims,131
570,VALID,Je veux un train confortable de Marseille à Dinan,Marseille,Dinan,69
2674,INVALID,Marchés hebdomadaires Vernon,,,238
813,VALID,Je veux me rendre à Oyonnax depuis Clisson par le train,Clisson,Oyonnax,73
2574,INVALID,Hôpitaux à Épernay,,,222
3029,INVALID,Climat de Bolbec,,,186
1214,VALID,Y a-t-il un Ouigo de Poitiers vers Vichy ?,Poitiers,Vichy,109
3839,INVALID,je travaille a lille,,,165
1578,VALID,Y a-t-il un TGV direct Courbevoie Albi ?,Courbevoie,Albi,93
540,VALID,Je dois voyager de Meaux à Port-Boulet ce week-end,Meaux,Port-Boulet,77
1779,INVALID,agenda culturel pontoise,,,233
1097,VALID,Je réserve un train de Versailles à Chaumont,Versailles,Chaumont,26
50,VALID,je dois me rendre à angoulême depuis amiens en tgv,Amiens,Angoulême,144
2788,INVALID,Photo de Évreux,,,177
193,VALID,je vais de reims à chartres en train,Reims,Chartres,52
352,VALID,Quel train prendre pour aller de Saumur à Challans ?,Saumur,Challans,84
1492,VALID,Je dois être à Lens avant midi en partant de Paris,Paris,Lens,88
127,VALID,train de milieu d'après-midi orléans fougères,Orléans,Fougères,143
289,VALID,Je dois me rendre à Sens depuis Amiens en TGV,Amiens,Sens,144
3843,INVALID,zones residentielles dunkerque,,,274
2928,INVALID,Photos aériennes Douai,,,211
1162,VALID,JJe veux partir maintenant de Tarbs pour Aubens,Tarbes,Aubenas,56
2033,INVALID,zones vertes saint-dizier,,,224
3211,INVALID,Quartiers modernes Béziers,,,244
3201,INVALID,Carte scolaire Chinon,,,230
2272,INVALID,Le maire de Bar-le-Duc,,,158
422,VALID,Je dois aller de Albert à Auch ce soir,Albert,Auch,39
3402,INVALID,Immobilier à Clermont-Ferrand,,,208
2402,INVALID,Statistiques emploi Pontarlier,,,225
581,VALID,Lunéville Valeenciennes poru demain,Lunéville,Valenciennes,6
2827,INVALID,Carte détaillée Langres,,,265
1018,VALID,Je veux arriver à Bourges depuis Loches,Loches,Bourges,63
1114,VALID,Je veux le prochain départ en train de Les Sables-d'Olonne pour Toulouse,Les Sables-d'Olonne,Toulouse,122
1714,VALID,Je souhaite réserver un train de Les Sables-d'Olonne vers Lannion,Les Sables-d'Olonne,Lannion,58
3179,INVALID,Centres culturels Berck,,,254
1370,VALID,Je veu xrséerver unep lace dans le trai nRoubaix lAbi,Roubaix,Albi,90
3647,INVALID,Musée à visiter à Vierzon,,,172
1269,VALID,Un billet de train pour aller de Lannion à Melun,Lannion,Melun,33
491,VALID,Train de milieu d'après-midi Vierzon Niort,Vierzon,Niort,143
3120,INVALID,Restaurant à Albert,,,25
1054,VALID,Je veux comparer les horaires de train de Rodez à Arras,Rodez,Arras,94
3217,INVALID,Architecture de Tours,,,198
3646,INVALID,Carte météo Dijon,,,251
101,VALID,je souhaite prendre un train en début d'après-midi de saint-omer à saint-brieuc,Saint-Omer,Saint-Brieuc,110
1990,INVALID,zones touristiques charleville-mézières,,,219
473,VALID,Je cherche un train pour demain de Agen à Bolbec,Agen,Bolbec,75
2211,INVALID,Quelle est la population de Carcassonne ?,,,22
1067,VALID,Je veux partir de Lens et descendre à Pontoise,Lens,Pontoise,108
2433,INVALID,Statistiques économiques Orange,,,272
1486,VALID,Un ilblet d rtain pouraler de Granville à Béziers,Granville,Béziers,33
3445,INVALID,La distance entre Vannes et Besançon,,,276
3050,INVALID,Population totale Fougères,,,252
3967,VALID,Je dosi voyager de Tarbes a Avranches veddredi,Tarbes,Avranches,112
515,VALID,Train express de Vierzon vers Aix-les-Bains,Vierzon,Aix-les-Bains,139
196,VALID,y a-t-il des trains vers dole au départ de aurillac ?,Aurillac,Dole,4
2893,INVALID,Évreux ou Vernon pour les vacances ?,,,157
1372,VALID,Je dois être à Périgueux avant midi en partant de Chartres,Chartres,Périgueux,88
2944,INVALID,Journaux locaux Amiens,,,192
1554,VALID,Y a-t-il un Intercités Bourgoin-Jallieu Granville ?,Bourgoin-Jallieu,Granville,57
1502,VALID,Quel train me conseillez-vous de Bolbec à Ajaccio ?,Bolbec,Ajaccio,53
129,VALID,je veux le train de bastia à bourgoin-jallieu le plus tôt possible,Bastia,Bourgoin-Jallieu,100
1012,VALID,Je veux comparer les horaires de train de Mâcon à Blois,Mâcon,Blois,94
1996,INVALID,cambrai ou arras pour les vacances ?,,,23
1467,VALID,Je veux partir en train de Dunkerque à Lunéville samedi,Dunkerque,Lunéville,126
1635,VALID,Y a-t-il un train l'après-midi de Auray à Granville ?,Auray,Granville,121
1224,VALID,Un billet pour le train Laon Nantes,Laon,Nantes,51
1062,VALID,Je dois allerr à Cannes en partant d Épernay en train,Épernay,Cannes,128
3700,INVALID,moulins est magnifique en ete,,,162
2590,INVALID,Quartiers modernes Carcassonne,,,244
2254,INVALID,Parc célèbre à Amiens,,,203
2100,INVALID,Carte postale Alençon,,,196
192,VALID,quel train me conseillez-vous de argenteeuil  à éinal ,Argenteuil,Épinal,53
910,VALID,Y a-t-il un départ tôt demain de Berck vers Calais ?,Berck,Calais,125
2803,INVALID,Statistiques locales Dole,,,261
4078,INVALID,Je travaille a Boulogne-sur-Mer,,,165
745,VALID,Y a-t-il un Ouigo de Villeurbanne vers Colmar ?,Villeurbanne,Colmar,109
2399,INVALID,Événements sportifs Bar-le-Duc,,,250
2151,INVALID,Carte touristique de Roubaix,,,164
338,VALID,Je dois voyager de Lens à Toulouse vendredi,Lens,Toulouse,112
3125,INVALID,Tarbes ou Saint-Malo pour les vacances ?,,,23
2298,INVALID,Patrimoine culturel Compiègne,,,232
1147,VALID,Départ Fougères arrivée Amboise,Fougères,Amboise,15
451,VALID,Je cherche le trai le moins cher de Melun à Morlaix,Melun,Morlaix,54
3447,INVALID,Restaurant à Chinon,,,159
2530,INVALID,Services municipaux Mulhouse,,,259
3466,INVALID,Mon ami vit à Port-Boulet et moi à Modane,,,19
925,VALID,Je planifie un voyage en train de Nice vers Lorient,Nice,Lorient,49
3921,INVALID,Meteo actuelle a Tours,,,167
1095,VALID,Billet aller simple en train Avranches Saint-Nazaire,Avranches,Saint-Nazaire,70
1803,INVALID,montpellier est une belle ville,,,18
1489,VALID,Je souhaite prendre le train de Pontivy pour Brest,Pontivy,Brest,32
376,VALID,Un aller simple Évreux Douai,Évreux,Douai,10
1043,VALID,Départ Nice arrivée Nancy,Nice,Nancy,15
1892,INVALID,informations locales lons-le-saunier,,,241
1523,VALID,Train de nuit Vendôme Saint-Quentin ,Vendôme,Saint-Quentin,36
664,VALID,Je dois me rendre de Saumur à Port-Boulet,Saumur,Port-Boulet,7
2122,INVALID,Hôpitaux à Metz,,,222
692,VALID,Train quotidien Charleville-Mézières Saint-Denis,Charleville-Mézières,Saint-Denis,107
1733,VALID,Quel est le prix du billet de train Pontivy Tourcoing ?,Pontivy,Tourcoing,105
2760,INVALID,Monument célèbre à Louviers,,,188
1139,VALID,Je cherche un train Charleville-Mézières Briançon,Charleville-Mézières,Briançon,14
3581,INVALID,Agenda culturel Vierzon,,,233
1943,INVALID,bonjour,,,21
1244,VALID,Y a-t-il un train toutes les deux heures de Montivilliers à Pontivy ?,Montivilliers,Pontivy,145
579,VALID,Y a-t-il un Intercités Saumur Vienne ?,Saumur,Vienne,57
1867,INVALID,le maire de cannes,,,158
3414,INVALID,Zones industrielles Bourges,,,231
1340,VALID,Dernier train de Épernay vers Argenteuil,Épernay,Argenteuil,42
275,VALID,Je pars de Angoulême direction Toulon,Angoulême,Toulon,12
1141,VALID,Jedois me rendre à Niced epuisNanterre en TGV,Nanterre,Nice,144
869,VALID,Je cherche un train Cherbourg Melun,Cherbourg,Melun,14
2057,INVALID,informations trafic vitry-le-françois,,,260
2381,INVALID,Population active Nîmes,,,220
1851,INVALID,melun est magnifique en été,,,162
2991,INVALID,Musée à vsiter à Sossos,,,172
1503,VALID,Y a-t-il des trains en semaine de Cherbourg à Montivilliers ?,Cherbourg,Montivilliers,74
194,VALID,je dois me déplacer en train de ajaccio vers boulogne-billancourt mardi,Ajaccio,Boulogne-Billancourt,120
2026,INVALID,office du tourisme évry,,,205
3224,INVALID,Code postal Béziers,,,176
3852,VALID,train de fin de matinee provins argenteuil,Provins,Argenteuil,131
708,VALID,Train express de Saint-Dizier vers Ajaccio,Saint-Dizier,Ajaccio,139
566,VALID,Train régional de Mulhouse à Marseille,Mulhouse,Marseille,87
2093,INVALID,Zones industrielles Cergy,,,231
2174,INVALID,Concert prévu à Rennes,,,174
428,VALID,Train de fin de matinée Saint-Omer Dunkerque,Saint-Omer,Dunkerque,131
1820,INVALID,guide étudiant melun,,,201
3059,INVALID,Restaurant à Angoulême,,,159
1401,VALID,Train avec places assises garanties Fougères Arles,Fougères,Arles,119
1242,VALID,Je cherche un train dimanche de Challans à Arras,Challans,Arras,132
1948,INVALID,centres culturels poitiers,,,254
3156,INVALID,Heure locale à Mâcon,,,194
3237,INVALID,Actualités à Lyon,,,178
2335,INVALID,Hôtel disponible à Valenciennes,,,163
3695,INVALID,centres commerciaux saint-omer,,,226
3134,INVALID,J'habite actuellement à Nancy,,,161
385,VALID,Je cherche à aller de Fécamp à Évreux par le train,Fécamp,Évreux,116
3679,INVALID,Informations trafic Les Sables-d'Olonne,,,260
1988,INVALID,guide pratique arras,,,229
2987,INVALID,Carte scolaire Nîmes,,,230
970,VALID,Je veux me rendre à Poitiers depuis Vernon par le train,Vernon,Poitiers,73
1328,VALID,Train avec restauration de Pau à Aubenas,Pau,Aubenas,135
4033,INVALID,Hopitaux a Nevers,,,222
2289,INVALID,Plan de ville Amiens,,,206
2398,INVALID,Offres d'emploi Évreux,,,246
932,VALID,Premier train Mulhouse Saint-Malo,Mulhouse,Saint-Malo,41
800,VALID,Je dois voyager de Maubeuge à Périgueux ce week-end,Maubeuge,Périgueux,77
2989,INVALID,Concert prévu à Saint-Quentin,,,174
347,VALID,Train en fin d'après-midi Pau Lisieux,Pau,Lisieux,76
1716,VALID,Je souhaite réserver un train de Le Puy-en-Velay vers Morlaix,Le Puy-en-Velay,Morlaix,58
764,VALID,Train avec peu de correspondances de Lorient vers Verdun,Lorient,Verdun,127
3632,INVALID,Plan de ville Albert,,,206
965,VALID,Y a-t-il un train dans l'heure de Bar-le-Duc vers Chaumont ?,Bar-le-Duc,Chaumont,80
707,VALID,Train du matin Montélimar Pontoise,Montélimar,Pontoise,29
2549,INVALID,Théâtre à Vendôme,,,217
930,VALID,Je veux partir en train de Belfort à Avignon samedi,Belfort,Avignon,126
1556,VALID,Je veux partir en train de Saint-Étienne à Évreux samedi,Saint-Étienne,Évreux,126
3806,VALID,billet de train loches lueville pour aujourd'hui,Loches,Lunéville,40
3321,INVALID,Restaurant à Privas,,,25
370,VALID,Je cherche un train Clermont-Ferrand Ancenis,Clermont-Ferrand,Ancenis,14
2665,INVALID,Carte postale Vitré,,,196
2506,INVALID,J'habite à Épinal,,,152
914,VALID,Je dois me rendre de Douai à Melun,Douai,Melun,7
937,VALID,Un billet Versailles Aurillac s'il vous plaît,Versailles,Aurillac,2
3027,INVALID,Informations locales Dole,,,241
4041,INVALID, Zones rurales Lorient,,,243
1170,VALID,Départ Lorient arrivée Pau,Lorient,Pau,15
3863,INVALID,carte scolaire dole,,,230
2539,INVALID,Restaurant à Mende,,,25
4072,VALID,Je dois voyager de Douai a Boulogne-sur-Mer vendredi,Douai,Boulogne-sur-Mer,112
635,VALID,Je cherche un train dimanche de Saint-Brieeuc à Challans,Saint-Brieuc,Challans,132
3180,INVALID,Zones touristiques Aix-les-Bains,,,219
568,VALID,Train avec restauration de Ajaccio à Toul,Ajaccio,Toul,135
617,VALID,Billet de train Louviers Béziers pour aujourd'hui,Louviers,Béziers,40
2370,INVALID,Cinémm aà Digne-les-Bainns,,,216
2184,INVALID,Je vis à Auxerre,,,168
3205,INVALID,Carte postale Évreux,,,196
3584,INVALID,Architecture de Oyonnax,,,198
1879,INVALID,restaurant à bourgoin-jallieu,,,159
2808,INVALID,Carte touristique de Rodez,,,164
2888,INVALID,Heure locale à Sens,,,194
1994,INVALID,le maire de pontivy,,,24
3173,INVALID,Office postal Montélimar,,,221
3150,INVALID,Services de santé Montpellier,,,271
3394,INVALID,Zones industrielles Metz,,,231
3481,INVALID,Restaurant à Privas,,,25
360,VALID,Je souhaite voyager de Troyes vers Pontarlier,Troyes,Pontarlier,5
3879,VALID,je veux acheter mon billet pour le train aurillac perpignan,Aurillac,Perpignan,118
1203,VALID,Je veux le prochain départ en train de Le Havre pour Annecy,Le Havre,Annecy,122
3725,INVALID,guide local grenoble,,,269
3230,INVALID,Événements locaux Limoges,,,228
3814,VALID,y a-t-il un tgv en fin d'apres-midi antibes amboise ?,Antibes,Amboise,133
2420,INVALID,Zones touristiques Châlons-en-Champagne,,,249
3165,INVALID,Parc célèbre à Dunkerque,,,203
2188,INVALID,Meilleur momet pourr visier Antibes,,,197
528,VALID,Je veux partir maintenant de Dunkerque pour Besançon,Dunkerque,Besançon,56
332,VALID,Y a-t-il un train avant 8h de Ancenis à Montpellier ?,Ancenis,Montpellier,103
153,VALID,train express de saint-étienne vers bordeaux,Saint-Étienne,Bordeaux,139
949,VALID,Y a-t-il un train avant 8h de Langres à Boulogne-sur-Mer ?,Langres,Boulogne-sur-Mer,103
3266,INVALID,Événements culturels Châteaubriant,,,268
1361,VALID,Y a-t-il un départ en début de soirée de Florence pour Brest ?,Florence,Brest,85
803,VALID,Train en fin d'après-midi Lille Dieppe,Lille,Dieppe,76
1342,VALID,Je souhaite réserver un train de Fougères vers Port-Boulet,Fougères,Port-Boulet,58
2552,INVALID,Carte météo Dole,,,251
1364,VALID,Je souhaite réserver un train de Courbevoie vers Annemasse,Courbevoie,Annemasse,58
3439,INVALID,Marchés hebdomadaires Charleville-Mézières,,,238
3739,INVALID,restaurant a bourg-en-bresse,,,25
911,VALID,Je cherche un train pour demain de Poitiers à Chartres,Poitiers,Chartres,75
938,VALID,Je souhaite prendre le train de Les Sables-d'Olonne pour Pontoise,Les Sables-d'Olonne,Pontoise,32
1281,VALID,Trajet de Aix-en-Provence vers Lourdes,Aix-en-Provence,Lourdes,11
722,VALID,Départ Nice arrivée Blois,Nice,Blois,15
2307,INVALID,Boulogne-sur-Mer est une belle ville,,,18
1805,INVALID,université à albi,,,179
3499,INVALID,Zones touristiques Avranches,,,249
4056,INVALID,La distance entre Saumur et Montpellier,,,20
1189,VALID,Prochain départ de Vierzon pour Tours,Vierzon,Tours,27
4025,INVALID,J'habite a Nantes,,,152
2364,INVALID,Espaces verts Valenciennes,,,239
2235,INVALID,Clubs sportifs Fougères,,,215
4011,INVALID,Bonjour,,,156
412,VALID,Quelle est la fréquence des trains Laval Metz ?,Laval,Metz,72
1253,VALID,Train régional de Colmar à Ajaccio,Colmar,Ajaccio,87
2339,INVALID,Activités culturelles Cherbourg,,,247
4090,VALID,Y a-t-il un train tot le matin de Rodez vers Charleville-Mezieres ?,Rodez,Charleville-Mézières,62
2633,INVALID,Quartiers historiques Cannes,,,227
1211,VALID,Je veux le train le plus rapide de Nantes à Dunkerque,Nantes,Dunkerque,79
2299,INVALID,Shopping à Saint-Dizier,,,182
2423,INVALID,Le maire de Pontarlier,,,24
997,VALID,Je dois aller de Perpignan à Vendôme ce soir,Perpignan,Vendôme,39
3337,INVALID,Quartier sûr à Aix-les-Bains,,,190
452,VALID,Je cherche un trajet en train de Auch vers Dunkerque,Auch,Dunkerque,30
1889,INVALID,quartiers de lorient,,,173
2009,INVALID,code postal pontivy,,,176
1693,VALID,Y a-t-il un tran aant 8h de  Alençon à Maubeuge ?,Alençon,Maubeuge,103
682,VALID,Y a-t-il un train dans l'heure de Le Havre vers Aurillac ?,Le Havre,Aurillac,80
2818,INVALID,Carte détaillée Vierzon,,,265
1964,INVALID,guide urbain agen,,,253
3005,INVALID,La distance entre Valence et Le Havre,,,276
1022,VALID,Y a-t-il un train dans l'heure de Quimper vers Pontoise ?,Quimper,Pontoise,80
3377,INVALID,Ativités culturelles Amboise,,,247
1069,VALID,Prochain TGV de Pau pour Soissons,Pau,Soissons,95
2702,INVALID,Plages proches de Montbéliard,,,181
2726,INVALID,Carte des routes Lannion,,,223
487,VALID,Y a-t-il un TGV en fin d'après-midi Aix-les-Bains Metz ?,Aix-les-Bains,Metz,133
2542,INVALID,J'habite à Modane,,,17
446,VALID,Y a-t-il un train vers midi de Niort à Blois ?,Niort,Blois,137
888,VALID,Je dois faire Poitiers Caen en train,Poitiers,Caen,102
3789,VALID,prrochain depart de saint-quentin por loches,Saint-Quentin,Loches,27
162,VALID,je cherche un train jeudi de borgoinjallieu à albert,Bourgoin-Jallieu,Albert,140
782,VALID,Je veux partir en train de Alençon à Metz samedi,Alençon,Metz,126
723,VALID,Billet de train Tourcoing Langres pour aujourd'hui,Tourcoing,Langres,40
3264,INVALID,Archietctur de Noirt,,,198
1440,VALID,Train express de Brest vers Aix-les-Bains,Brest,Aix-les-Bains,139
1999,INVALID,informations générales avignon,,,275
4063,VALID,Je dois voyager en train de Segre vers Le Puy-en-Velay mercredi,Segré,Le Puy-en-Velay,136
2874,INVALID,Le maire de Cholet,,,158
784,VALID,Y a-t-il un TGV Avranches Colmar ?,Avranches,Colmar,34
1983,INVALID,j'habite à versailles,,,17
3121,INVALID,Languee parlée à Pontoise,,,175
1903,INVALID,langue parlée à segré,,,175
1927,INVALID,informations trafic nevers,,,260
1373,VALID,Je veux un train avec prises électriques Manosque Étampes,Manosque,Étampes,146
2352,INVALID,Carte touristique de Épinal,,,164
3333,INVALID,Code postal Mulhouse,,,176
2935,INVALID,Marchés hebdomadaires Cergy,,,238
990,VALID,Y a-t-il un départ tôt demain de Digne-les-Bains vers Châlons-en-Champagne ?,Digne-les-Bains,Châlons-en-Champagne,125
810,VALID,Y a-t-il un TER Châteaubriant Saint-Brieuc ?,Châteaubriant,Saint-Brieuc,68
3589,INVALID,Transport urbain Mulhouse,,,258
651,VALID,Train de fin de matinée Montargis Fécamp,Montargis,Fécamp,131
2245,INVALID,Mon ami vit à Ajaccio et moi à Vitré,,,154
3704,VALID,train avec restauration de lille a tours,Lille,Tours,135
2234,INVALID,Météo actuelle à Saint-Brieuc,,,167
3651,INVALID,Quelle heure est-il à Laon ?,,,160
2261,INVALID,Quartier sûr à Créteil,,,190
498,VALID,Je veux partir en milieu de soirée d Vitré pour Carcassonne,Vitré,Carcassonne,150
2180,INVALID,Entreprise connue à Pau,,,180
2956,INVALID,Carte météo Belfort,,,251
2137,INVALID,Associations locales Morlaix,,,236
2595,INVALID,Office du tourisme Chartres,,,205
917,VALID,Je cherche un train pour demain de Poitiers à Fontenay-le-Comte,Poitiers,Fontenay-le-Comte,75
1017,VALID,Train quotidien Fnotainebleau Boulogne-sur-Mer,Fontainebleau,Boulogne-sur-Mer,107
342,VALID,Y a-t-il un train de nuit entre Lunéville et Bourg-en-Bresse ?,Lunéville,Bourg-en-Bresse,149
4021,VALID,Train regional de Aurillac a Alencon,Aurillac,Alençon,87
559,VALID,Train de milieu d'après-midi Tours Évreux,Tours,Évreux,143
736,VALID,Je pars de Saint-Denis direction Vendôme,Saint-Denis,Vendôme,12
3435,INVALID,Météo actuelle à Melun,,,167
2514,INVALID,Ambassade à Oyonnax,,,184
3523,INVALID,La distance entre Châlons-en-Champagne et Auch,,,276
3558,INVALID,Zones rurales Cherbourg,,,243
126,VALID,je cherche le train le plus économique de montreuil à reims,Montreuil,Reims,124
967,VALID,Y a-t-il un TGV en fin d'après-midi Vitré Morlaix ?,Vitré,Morlaix,133
3295,INVALID,Carte des routes La Rochelle,,,223
52,VALID,y a-t-il un ouigo de annecy vers vichy ?,Annecy,Vichy,109
616,VALID,Train pour Verdun au départ de Louviers,Louviers,Verdun,91
1106,VALID,Je veux réserver une place dans le train Orléans Strasbourg,Orléans,Strasbourg,90
3900,INVALID,climat de cergy,,,186
3756,INVALID,informations trafic nantes,,,260
2712,INVALID,Espaces verts Cholet,,,239
1504,VALID,Y a-t-il un départ en soirée de Quimper pour Cergy ?,Quimper,Cergy,141
2435,INVALID,Heure locale à Laval,,,194
2102,INVALID,Privas est magnifique en été,,,162
2573,INVALID,Événements locaux Chartres,,,228
2540,INVALID,Centres culturels Orléans,,,254
343,VALID,Y a-t-il un train vers midi de Vitré à Vannes ?,Vitré,Vannes,137
2870,INVALID,Météo actuelle à Aurillac,,,167
3079,INVALID,Le maire de Chinon,,,24
387,VALID,Je veux voyager confortablement de Soissons vers Montpellier,Soissons,Montpellier,104
3745,INVALID,statistiques economiques clisson,,,272
1423,VALID,Y a-t-il un TER Argenteuil Le Havre ?,Argenteuil,Le Havre,68
2795,INVALID,Guide urbain Poitiers,,,253
3146,INVALID,Je déménage à Châteaubriant,,,195
2686,INVALID,Amiens est une belle ville,,,153
4076,VALID,Je cherche un train apres 18h de Versailles vers Saint-Dizier,Versailles,Saint-Dizier,98
4035,VALID,Combien de temps dure le trajet en train de Thonon-les-Bains a Nimes ?,Thonon-les-Bains,Nîmes,60
521,VALID,Je prends le train de Vesoul à Vannes,Vesoul,Vannes,61
237,VALID,prochain départ de nantes pour loches,Nantes,Loches,27
3802,VALID,je cherche un train dimanche de montauban a montbeliard,Montauban,Montbéliard,132
1515,VALID,Y a-t-il un train rapide sans arrêt Nanterre Poitiers ?,Nanterre,Poitiers,113
516,VALID,Je souhaite prendre le train de Montargis pour Limoges,Montargis,Limoges,32
309,VALID,Y a-t-il un TGV direct Saint-Malo Chartres ?,Saint-Malo,Chartres,93
3927,INVALID,Bonour,,,156
2064,INVALID,Centres de loisirs Le Mans,,,262
3896,INVALID,carte interactive chalons-en-champagne,,,240
1981,INVALID,centres culturels tarbes,,,254
2262,INVALID,Activités culturelles Pontarlier,,,247
972,VALID,Un billet de train pour aller de Aurillac à Besançon,Aurillac,Besançon,33
301,VALID,Je pars en train de Louviers vers Agen,Louviers,Agen,71
669,VALID,Je dois me rendre de Avignon à Évreux,Avignon,Évreux,7
466,VALID,Y a-t-il un TGV direct Niort Saint-Dizier ?,Niort,Saint-Dizier,93
1514,VALID,Train direct sans correspondance Montbéliard Nantes,Montbéliard,Nantes,82
3013,INVALID,Ambassade à Romans-sur-Isère,,,184
3356,INVALID,Zones rurales Saint-Omer,,,243
1907,INVALID,transports locaux lunéville,,,273
943,VALID,Train rapide de Épernay à Bourgoin-Jallieu,Épernay,Bourgoin-Jallieu,46
806,VALID,Je veux voyager en train de Abbeville à Clisson,Abbeville,Clisson,43
2035,INVALID,j'habite actuellement à montivilliers,,,161
2589,INVALID,Statistiques météo Manosque,,,204
187,VALID,train rapide de lens à brest,Lens,Brest,46
1585,VALID,Y a-t-il des trains en semaine de Segré à Montpellier ?,Segré,Montpellier,74
3873,INVALID,langue parlee a niort,,,175
3132,INVALID,Office du tourisme Modane,,,205
447,VALID,Je dois me rendre à Montpellier depuis Boulogne-Billancourt en TGV,Boulogne-Billancourt,Montpellier,144
1970,INVALID,associations locales langres,,,236
3993,INVALID,Musee a visiter a Oyonnax,,,172
3380,INVALID,Hôpitaux à Châteaubriant,,,222
1855,INVALID,informations trafic montélimar,,,260
1991,INVALID,guide local chalon-sur-saône,,,269
3931,VALID,Je souhaite partir de Lisieux et arriver a Laon,Lisieux,Laon,81
2521,INVALID,Informations pratiques Saint-Omer,,,256
2032,INVALID,événements culturels châteaubriant,,,268
1622,VALID,Y a-t-il des trains en semaine de Amiens à Nanterre ?,Amiens,Nanterre,74
3998,VALID,Y a-t-il un train toutes les heures de Aix-les-Bains a Pontarlier ?,Aix-les-Bains,Pontarlier,89
1687,VALID,Quel est le meilleur train de Béziers à Montargis ?,Béziers,Montargis,44
3635,INVALID,Informations locales Saint-Quentin,,,241
1271,VALID,Quel train me conseillez-vous de Vernon à Beauvais ?,Vernon,Beauvais,53
4095,INVALID,Activites culturelles Lens,,,247
2158,INVALID,Centres culturels Meaux,,,254
3198,INVALID,J'habite à Bar-le-Duc,,,152
3583,INVALID,Entreprise connue à Châteaubriant,,,180
1235,VALID,Je pars en train de Dunkerque vers Montargis,Dunkerque,Montargis,71
532,VALID,Départ Saint-Quentin arrivée Quimper,Saint-Quentin,Quimper,15
1359,VALID,Quelle est la durée du trajet en train de Albi à Charleville-Mézières ?,Albi,Charleville-Mézières,31
2340,INVALID,Services publics Saint-Nazaire,,,234
1853,INVALID,parc célèbre à calais,,,203
1480,VALID,Je veux partir de Argenteuil à Segré en première classe,Argenteuil,Segré,142
3418,INVALID,Statistiques emploi Saint-Brieuc,,,225
1976,INVALID,carte de albert,,,169
3827,VALID,je prends le train de dijon a dole,Dijon,Dole,61
3186,INVALID,Population active Fougères,,,220
2797,INVALID,Population étudiante Cherbourg,,,193
4001,INVALID,Informations ggeneralees Renne,,,275
2699,INVALID,Moulins est magnifique en été,,,162
2075,INVALID,BBolbec est maagnifique en été,,,162
3669,INVALID,Plages proches de Nanterre,,,181
1537,VALID,Je veux comparer les horaires de train de Saumur à Challans,Saumur,Challans,94
2113,INVALID,Shopping à Créteil,,,182
2914,INVALID,Bibliothèèque à Lyon,,,212
1800,INVALID,quelle est la population de rouen ?,,,22
2408,INVALID,Quel temps fait-il à Vernon ?,,,151
1824,INVALID,statistiques économiques nice,,,272
341,VALID,Je dois me déplacer de Chaumont à Clermont-Ferrand en train,Chaumont,Clermont-Ferrand,65
3250,INVALID,Heure locale à Montargis,,,194
321,VALID,Prochain départ de Clermont-Ferrand pour Privas,Clermont-Ferrand,Privas,27
3871,INVALID,cout de la vie chinon,,,209
1317,VALID,Train rapide de Bourges à Pontarlier,Bourges,Pontarlier,46
1391,VALID,Billet de train Agen Tarbes pour aujourd'hui,Agen,Tarbes,40
499,VALID,Je dois aller de Grenoble à Belfort ce soir,Grenoble,Belfort,39
1724,VALID,Y a-t-il undépart en débuut de soirée de Gap pour Moulins ?,Gap,Moulins,85
3824,INVALID,hotel pas cher a digne-les-bains,,,170
2486,INVALID,Quartiers historiques Auray,,,227
2672,INVALID,Photos anciennes Yvetot,,,200
859,VALID,Train de fin de journée Tarbes vers Épinal,Tarbes,Épinal,147
2586,INVALID,Musééecélbr eà Saint-Denis,,,166
795,VALID,Y a-t-il un départ vers 14h de Clermont-Ferrand pour Nice ?,Clermont-Ferrand,Nice,117
173,VALID,je veux acheter un billet de train châteaubriant angoulême,Châteaubriant,Angoulême,83
1347,VALID,Tran quotdiien Boulogne-Billacnourt Annecy,Boulogne-Billancourt,Annecy,107
219,VALID,je veux un train avec prises électriques sens soissons,Sens,Soissons,146
1792,INVALID,activités sportives courbevoie,,,264
2338,INVALID,Spécialités culinaires Arles,,,187
942,VALID,Quelle est la durée du trajet en train de Toul à Albert ?,Toul,Albert,31
2301,INVALID,Actualités à Dieppe,,,178
1819,INVALID,j'habite à rouen,,,17
3362,INVALID,Carte de Verdun,,,169
3240,INVALID,Clubs sportifs Agen,,,215
2732,INVALID,Événements culturels Limoges,,,268
3339,INVALID,Carte historique Challans,,,210
2833,INVALID,Bonjour,,,21
2830,INVALID,Je vis à Vernon,,,168
1887,INVALID,je suis né à le havre,,,185
1704,VALID,Je souhaite réserver un train de Lunéville vers Orléans,Lunéville,Orléans,58
3778,VALID,je veux reserver une place dans le train aurillac annemasse,Aurillac,Annemasse,90
2342,INVALID,Transports locaux Colmar,,,273
2599,INVALID,Événements culturels Lorient,,,268
3482,INVALID,Bibliothèque à Montargis,,,212
2305,INVALID,Montivilliers ou Antibes pour les vacances ?,,,157
1028,VALID,Je veux voyager confortablement de Belfort vers Fécamp,Belfort,Fécamp,104
2500,INVALID,Statistiques économiques Cherbourg,,,272
3100,INVALID,Hôtel disponible à Avignon,,,163
222,VALID,je dois me rendre de saint-denis à belfort,Saint-Denis,Belfort,7
1127,VALID,Train avec wifi de Aubenas à Manosque,Aubenas,Manosque,111
2437,INVALID,Hôpitaux à Montpellier,,,222
536,VALID,Billet aller simple en train Agen Dinan,Agen,Dinan,70
2764,INVALID,Nantes est une belle ville,,,18
2820,INVALID,Université à Moulins,,,179
1685,VALID,Y a-t-il des trains en semaine de Le Puy-een-Velya à Bourg-en-Bersse ?,Le Puy-en-Velay,Bourg-en-Bresse,74
1002,VALID,Je veux le train de Saint-Denis à Chaumont le plus tôt possible,Saint-Denis,Chaumont,100
2443,INVALID,Je vis à Oyonnax,,,168
2169,INVALID,Carte adminsttrativ Tours,,,218
3888,INVALID,quartiers historriques  saint-omer,,,227
4065,INVALID,Informations trafic Tours,,,260
1625,VALID,Je veux un train avec prises électriques Moulins Arles,Moulins,Arles,146
185,VALID,je souhaite réserver un train de angoulême vers marseille,Angoulême,Marseille,58
455,VALID,Je souhaite réserver un train de Niort vers Cergy,Niort,Cergy,58
3970,VALID,Je veux vvoyager cofnrtablement de  Montbeliard vers Angers,Montbéliard,Angers,104
3354,INVALID,Zones rurales Courbevoie,,,243
698,VALID,Train direct sans correspondance Blois Montbéliard,Blois,Montbéliard,82
1822,INVALID,je travaille à vernon,,,165
4058,VALID,Y a-t-il un depart vers 14h de Vierzon pour Sens ?,Vierzon,Sens,117
1290,VALID,Je dois me rendre de Bourg-en-Bresse à Compiègne,Bourg-en-Bresse,Compiègne,7
3505,INVALID,Informations pratiques Privas,,,256
582,VALID,Je vexu le train dee Aix-en-PProvence à Nioort le lppus tôt pssible,Aix-en-Provence,Niort,100
407,VALID,Train de milieu d'après-midi Bastia Pau,Bastia,Pau,143
958,VALID,Je veux le train de Créteil à Vannes le plus tôt possible,Créteil,Vannes,100
1250,VALID,Je veux partir en milieu de soirée de Mulhouse pour Digne-les-Bains,Mulhouse,Digne-les-Bains,150
1735,VALID,Quel train me conseillez-vous de Chalon-sur-Saône à Évreux ?,Chalon-sur-Saône,Évreux,53
2141,INVALID,Cartographie Granville,,,237
256,VALID,je dois faire argenteuil bar-le-duc en train,Argenteuil,Bar-le-Duc,102
3592,INVALID,Restaurant à Angoulême,,,159
558,VALID,Je veux le prochain départ en train de Alençon pour Ancenis,Alençon,Ancenis,122
1259,VALID,Combien de temps dure le trajet en train de Saint-Nazaire à Arles ?,Saint-Nazaire,Arles,60
1140,VALID,Y a-t-il un train de nuit entre Lorient et Charleville-Mézières ?,Lorient,Charleville-Mézières,149
3795,INVALID,immobilier a lourdes,,,208
922,VALID,Train ave le moisde correspondacne sToul Thhonnon-le-sBains,Toul,Thonon-les-Bains,55
3965,VALID,Je dois me deplacer de Montbeliard a Privas en train,Montbéliard,Privas,65
2545,INVALID,Photo de Auxerre,,,177
2579,INVALID,Plan de ville Morlaix,,,206
2594,INVALID,Festival à Nancy,,,189
2985,INVALID,Bonjour,,,156
1809,INVALID,festival à biarritz,,,189
3067,INVALID,Festival à Montélimar,,,189
2165,INVALID,Calendrier événements Nantes,,,248
3916,VALID,Je dois me deplacer en train de Auxerre vers Calais mardi,Auxerre,Calais,120
1136,VALID,Je voudrais partir de Périgueux pour aller à Yvetot,Périgueux,Yvetot,9
620,VALID,Je veux le train de Bar-le-Duc à Bayonne le plus tôt possible,Bar-le-Duc,Bayonne,100
2217,INVALID,La distance entre Modane et Abbeville,,,276
3530,INVALID,Monument célèbre à Vannes,,,188
683,VALID,Je veux comparer les horaires de train de Fécamp à Colmar,Fécamp,Colmar,94
1631,VALID, Y at-ill des trains vers Montélima au départt de Sns ?,Sens,Montélimar,4
571,VALID,Y a-t-il un train avant 8h de Argenteuil à Bourgoin-Jallieu ?,Argenteuil,Bourgoin-Jallieu,103
3315,INVALID,Carte historique Saumur,,,210
2476,INVALID,Beauvais est magnifique en été,,,162
444,VALID,Je cherche un train Arles Lorient,Arles,Lorient,14
963,VALID,Je veux me rendre à Maubeuge depuis Montpellier par le train,Montpellier,Maubeuge,73
3219,INVALID,Histoire de Cannes,,,171
3305,INVALID,Zones rurales Béziers,,,243
2073,INVALID,Hôtel pas cher à Aix-les-Bains,,,170
801,VALID,Je cherche le meilleur horaire de train Roubaix Le Puy-en-Velay,Roubaix,Le Puy-en-Velay,86
2524,INVALID,Béziers est une belle ville,,,153
1604,VALID,Je voudrais connaître les horaires de train de Chambéry à Versailles,Chambéry,Versailles,67
1087,VALID,Procain départ de Lyon pou Reims,Lyon,Reims,27
1432,VALID,Je réserve un train de Auch à Saint-Denis ,Auch,Saint-Denis,26
1602,VALID,Quel train me conseillez-vous de Vendôe àà Lourdess ?,Vendôme,Lourdes,53
1377,VALID,Billet aller simple en train Paris Tarbes,Paris,Tarbes,70
2647,INVALID,Langue parlée à Bastia,,,175
2247,INVALID,CCarte historique Agoulême,,,210
2635,INVALID,Écoles à Angerrs,,,213
361,VALID,Y a-t-il un Ouigo de Charleville-Mézières vers Paris ?,Charleville-Mézières,Paris,109
3093,INVALID,Zones touristiques Nancy,,,219
1380,VALID,Train en fin d'après-midi Tours Nancy,Tours,Nancy,76
290,VALID,Train de Concarneau à Elbeuf cet après-midi,Concarneau,Elbeuf,59
351,VALID,Billet de train aller-retour Lorient Saumur,Lorient,Saumur,78
3416,INVALID,Carte scolaire Aubenas,,,230
2379,INVALID,Code postal Maubeuge,,,176
503,VALID,Y a-t-il un Ouigo de Montélimar vers Bordeaux ?,Montélimar,Bordeaux,109
1541,VALID,Je cherche un train pour demain de Limoges à Aurillac,Limoges,Aurillac,75
3656,INVALID,Offfice du tourisme Bolbec,,,205
4005,VALID,Prochain TGV de Sens pour Montelimar,Sens,Montélimar,95
1055,VALID,Y a-t-il un train vers midi de Pontivy à Nevers ?,Pontivy,Nevers,137
1630,VALID,Je pars en train de Lunéville vers  Colmarr ,Lunéville,Colmar,71
3893,VALID,je veux aller de etampes a cannes,Étampes,Cannes,1
703,VALID,Train avec peu de monde de Vernon à Mende,Vernon,Mende,97
24,VALID,quel train me conseillez-vous de étampes à strasbourg ?,Étampes,Strasbourg,53
492,VALID,Y a-t-il un train vers 10h de Louviers à Laon ?,Louviers,Laon,129
2273,INVALID,J'habite à Laon,,,152
3215,INVALID,Transports locaux Metz,,,273
3525,INVALID,Restaurant à Cambrai,,,25
3498,INVALID,Zones touristiques Albertville,,,249
4060,INVALID,Informations pratiques Segre,,,256
3285,INVALID,Meilleur moment pour visiter Charleville-Mézières,,,197
3674,INVALID,Zones vertes Chinon,,,224
1832,INVALID,photos anciennes nantes,,,200
30,VALID,train en milieu de journée lannion niort,Lannion,Niort,101
1769,VALID,Quels sont les horaires de train Florence Hazebrouck ?,Florence,Hazebrouck,8
2718,INVALID,Office postal Challans,,,221
3107,INVALID,Zones industrielles Louviers,,,231
1544,VALID,Je dois voyager de Albi à Auxerre vendredi,Albi,Auxerre,112
2321,INVALID,Office du tourisme Arles,,,205
1509,VALID,Tarin matial de Chinn vers Biarrizt,Chinon,Biarritz,115
1433,VALID,Y a-t-il un TER Bastia Angers ?,Bastia,Angers,68
2288,INVALID,Zones touristiques Mende,,,249
2449,INVALID,Toulon est magnifique en été,,,162
1529,VALID,Prochain départ de Modane pour Verdun,Modane,Verdun,27
1652,VALID,Je veux aller de Bolbec à Lyon,Bolbec,Lyon,1
3667,INVALID,Architecture de Metz,,,198
2117,INVALID,Bonjour,,,21
3209,INVALID,La distance entre Briançon et Créteil,,,276
950,VALID,Y a-t-il un train toutes les deux heures de Digne-les-Bains à Orléans ?,Digne-les-Bains,Orléans,145
2866,INVALID,Journaux locaux Bar-le-Duc,,,192
1435,VALID,Je veux réserver une place dans le train Lyon Berck,Lyon,Berck,90
2238,INVALID,Musée célèbre à Privas,,,166
2646,INVALID,Coût de la vie Fontainebleau,,,209
1220,VALID,Je veux prendre le train de Compiègne à Épinal,Compiègne,Épinal,28
1338,VALID,Je souhaite partir de Biarritz et arriver à Étampes,Biarritz,Étampes,81
2777,INVALID,Statistiques économiques Valenciennes,,,272
3564,INVALID,Carte postale Port-Boulet,,,196
3723,INVALID,zones touristiques challans,,,249
3207,INVALID,La distance  entre Sain-Ommer et Cherborug,,,276
1246,VALID,Y a-t-il un TER Évreux Fontenay-le-Comte ?,Évreux,Fontenay-le-Comte,68
266,VALID,Train avec peu de correspondances de Modane vers Béziers,Modane,Béziers,127
3077,INVALID,Activités sportives Pau,,,264
2189,INVALID,Spécialités culinaires Metz,,,187
1864,INVALID,la distance entre bourgoin-jallieu et montélimar,,,20
2901,INVALID,Je vis à Étampes,,,168
2375,INVALID,Guide étudiant Bourges,,,201
2452,INVALID,Langue parlée à Chaumont,,,175
3689,INVALID,meilleur moment pour visiter chateaubriant,,,197
1298,VALID,Je souaite rpendre le train de Compiègne pouur Melun ,Compiègne,Melun,32
2564,INVALID,Zones vertes Chambéry,,,224
263,VALID,train express de port-boulet vers angers,Port-Boulet,Angers,139
3465,INVALID,Guide pratique Montbéliard,,,229
1243,VALID,Je veux aller de Calais à Nanterre,Calais,Nanterre,1
3410,INVALID,Statistiques économiques Chartres,,,272
2380,INVALID,Activités nocturnes Périgueux,,,255
1091,VALID,Je vais de Saint-Dizier à Épinal en train,Saint-Dizier,Épinal,52
207,VALID,je cherche un train pour la semaine prochaine de renobel à mulhose,Grenoble,Mulhouse,106
2470,INVALID,Statistiques locales Cannes,,,261
83,VALID,je veux aller de saint-nazaire à beauvais,Saint-Nazaire,Beauvais,1
1823,INVALID,plan de ville évreux,,,206
2538,INVALID,Le maire de Courbevoie,,,24
4046,VALID,Y a-t-il un train vers 10h de Saint-Denis a Amiens ?,Saint-Denis,Amiens,129
2233,INVALID,Centres de loisirs Albert,,,262
772,VALID,Je veux réserver pour le train de Bolbec vers Vienne,Bolbec,Vienne,130
1066,VALID,Train avec restauration de Évreux à Beauvais,Évreux,Beauvais,135
3282,INVALID,Bonjour,,,21
2884,INVALID,Université à Port-Boulet,,,179
3102,INVALID,Guide urbain Pontivy,,,253
2871,INVALID,Calendrier événements Lannion,,,248
1165,VALID,Je pars de Besançon direction Brest,Besançon,Brest,12
1188,VALID,Y a-t-il un train toutes les deux heures de Nîmes à Saint-Étienne ?,Nîmes,Saint-Étienne,145
3902,INVALID,Histoire de Cergy,,,171
522,VALID,Je souhaite prendre le train de Évry pour Amiens,Évry,Amiens,32
2306,INVALID,Concert prévu à Port-Boulet,,,174
851,VALID,Y a-t-il un départ en début de soirée de Biarritz pour Saint-Dizier ?,Biarritz,Saint-Dizier,85
3994,INVALID,Monument celebre a Saint-Dizier,,,188
3492,INVALID,Guide touristique Lisieux,,,183
2145,INVALID,sEpaces verts Nevers,,,239
1498,VALID,Y a-t-il un train vers midi de Loches à Vierzon ?,Loches,Vierzon,137
645,VALID,Train de fin de journée Bayonne vers Besançon,Bayonne,Besançon,147
4068,VALID,Train quotidien Saint-Malo Bourges,Saint-Malo,Bourges,107
2203,INVALID,Quaartier sûr à Lyon,,,190
2794,INVALID,Hôpitaux à Berck,,,222
2448,INVALID,Population étudiante Béthune,,,193
2473,INVALID,Je travaille à Ancenis,,,165
630,VALID,Je veux aller de Villerbanne à Montrueil,Villeurbanne,Montreuil,1
3311,INVALID,Offres d'emploi Dunkerque,,,246
2303,INVALID,Université à Douai,,,179
598,VALID,Train express de Saint-Brieuc vers Annemasse,Saint-Brieuc,Annemasse,139
2859,INVALID,Carte historique Châteaubriant,,,210
1581,VALID,Y a-t-il un train tôt le matin de Les Sables-d'Olonne vers Pontarlier ?,Les Sables-d'Olonne,Pontarlier,62
2703,INVALID,Zones industrielles Thonon-les-Bains,,,231
2354,INVALID,Journaux locaux Strasbourg,,,192
2187,INVALID,Carte touristique de Bourges,,,164
652,VALID,Je veux voyager confortablement de Charleville-Mézières vers Nancy,Charleville-Mézières,Nancy,104
3947,INVALID,Photos anciennes Creteil,,,200
1814,INVALID,cartographie châteaubriant,,,237
3119,INVALID,Hôpitaux à Ancenis,,,222
2039,INVALID,statistiques locales arras,,,261
2912,INVALID,Écoles à Tarbes,,,213
3133,INVALID,Quelle est la population de Lille ?,,,155
3385,INVALID,Office du touurisme Fougères,,,205
2139,INVALID,Le maire de Paris,,,24
2419,INVALID,Statistiques météo Metz,,,204
3793,INVALID,services municipaux orange,,,259
119,VALID,je dois me déplacer de amiens à saint-quentin en train,Amiens,Saint-Quentin,65
747,VALID,Je pars demain de Annemasse vers Vierzon,Annemasse,Vierzon,37
2060,INVALID,Économie de Pontivy,,,199
1460,VALID,Je cherche un train pour la semaine prochaine de Vienne à Sens,Vienne,Sens,106
2668,INVALID,Quartiers de Antibes,,,173
2466,INVALID,Transports locaux Clermont-Ferrand,,,273
2185,INVALID,Carte historique Chaumoont,,,210
2743,INVALID,Agenda culturel Toulouse,,,233
3587,INVALID,Code postal Dunkerque,,,176
2887,INVALID,Carte générale Saint-Omer,,,257
2921,INVALID,Je travaille à Maubeuge,,,165
2602,INVALID,Activités sportives Toulon,,,264
440,VALID,Train rapide de Strasbourg à Vernon,Strasbourg,Vernon,46
537,VALID,Je dois aller à Digne-les-Bains en partant de Langres en train,Langres,Digne-les-Bains,128
1850,INVALID,carte météo yvetot,,,191
1046,VALID,Je planifie un voyage en train de Annemasse vers Agen,Annemasse,Agen,49
1420,VALID,Je veux un train rapide de Dunkerque à Toul,Dunkerque,Toul,35
1065,VALID,Je dois voyager de Douai à Quimper vendredi,Douai,Quimper,112
3905,INVALID,Carte interactive Berck,,,240
2815,INVALID,Guide pratique Boulogne-sur-Mer,,,229
397,VALID,Je veux réserver pour le train de Challans vers Dijon,Challans,Dijon,130
1656,VALID,Je vais de Le Havre à Bar-le-Duc en train,Le Havre,Bar-le-Duc,52
1815,INVALID,concert prévu à lille,,,174
3294,INVALID,Caret des routes Chambéry,,,223
317,VALID,Quel train prendre pour aller de Valenciennes à Compiègne ?,Valenciennes,Compiègne,84
2483,INVALID,Informations locales Carcassonne,,,241
3997,VALID,Train rapide de Antibes a Besancon,Antibes,Besançon,46
3501,INVALID,Zones touristiques Angers,,,219
3469,INVALID,Cartographie Moulins,,,237
3772,INVALID,ecoles a laon,,,213
4026,INVALID,Informations locales Modane,,,241
3464,INVALID,Carte intractive Buologne-Billanocutr,,,240
3662,INVALID,Économie de Perpignan,,,199
1871,INVALID,photo de lons-le-saunier,,,177
111,VALID,train en milieu de journée chalon-sur-saône meaux,Chalon-sur-Saône,Meaux,101
2171,INVALID,Centres médicaux Villeurbanne,,,242
77,VALID,train avec le moins de correspondances fontainebleau lyon,Fontainebleau,Lyon,55
1591,VALID,Y a-t-il un Ouigo de Strasbourg vers Nîmes ?,Strasbourg,Nîmes,109
820,VALID,Train régional de Toulouse à Elbeuf,Toulouse,Elbeuf,87
3722,VALID,je cherche le train le moins cher de luneville a abbeville,Lunéville,Abbeville,54
2239,INVALID,Entreprise conne à Lunéville,,,180
2762,INVALID,Guide urbain Fécamp,,,253
3053,INVALID, Pan d eville Aubenas,,,206
3196,INVALID,Informations générales Alençon,,,275
1411,VALID,Comment me rendre à Nîmes depuis Concarneau ?,Concarneau,Nîmes,3
2164,INVALID,Carte touristique de Chion,,,164
2485,INVALID,Statistiques emploi Aix-les-Bains,,,225
1565,VALID,Train de milieu d'après-midi Belfort Niort,Belfort,Niort,143
2781,INVALID,Tarnsport urbain Ajaccio,,,258
539,VALID,Y a-t-il un train dans l'heure de Romans-sur-Isère vers Vitry-le-François ?,Romans-sur-Isère,Vitry-le-François,80
3939,INVALID,Quartiers de Chalons-en-Champagne,,,173
2858,INVALID,Lnaguue parlée à Évreux,,,175
3529,INVALID,Population active Meaux,,,220
1428,VALID,Billet de train aller-retour Créteil Romans-sur-Isère,Créteil,Romans-sur-Isère,78
3578,INVALID,Informations locales Châteaubriant,,,241
3071,INVALID,Parc célèbre à Dole,,,203
793,VALID,Je dois prendre un train de Lorient à Moulins lundi,Lorient,Moulins,96
1775,INVALID,marché local pontoise,,,202
3199,INVALID,Mon ami vit à Cergy et moi à Amiens,,,19
3898,INVALID,quelle heure est-il a albert ?,,,160
2309,INVALID,Carte de Créteil,,,169
409,VALID,Billet de train Belfort Thonon-les-Bains pour aujourd'hui,Belfort,Thonon-les-Bains,40
2632,INVALID,Espaces verts Brest,,,239
1441,VALID,Combien de temps dure le trajet en train de Caen à Laval ?,Caen,Laval,60
3227,INVALID,Angoulême ou Metz pour les vacances ?,,,23
3139,INVALID,Carte détaillée Bastia,,,265
1580,VALID,Train de milieu d'après-midi Limoges Albertville,Limoges,Albertville,143
184,VALID,un billet pour le train lyon créteil,Lyon,Créteil,51
2067,INVALID,Cinéma à Roubaix,,,216
1277,VALID,Je dois prendre un train de Abbeville à Poitiers lundi,Abbeville,Poitiers,96
2081,INVALID,Saint-Nazaire est une belle ville,,,18
3569,INVALID,Coût de la vie Rennes,,,209
3181,INVALID,Carte météo Angers,,,251
3441,INVALID,Carte postale Vitré,,,196
763,VALID,Train pour Morlaix au départ de Lunéville,Lunéville,Morlaix,91
1425,VALID,Je veux partir maintenant de Niort pour Vesoul,Niort,Vesoul,56
3821,VALID,train de debut de soiree beziers cergy,Béziers,Cergy,123
2297,INVALID,Zones commerciales Mâcon,,,263
2927,INVALID,Transport urbain Albi,,,258
3880,VALID,je veux aller de concarneau a amboise,Concarneau,Amboise,1
3780,VALID,je vais de annemasse a cherbourg en train,Annemasse,Cherbourg,52
3383,INVALID,Ambassade à Oyonnax,,,184
268,VALID,Je voudrais aller de Lisieux à Albi en TGV,Lisieux,Albi,47
840,VALID,Train matinal de Auch vers Lille,Auch,Lille,115
3052,INVALID,Quartiers de Chaumont,,,173
781,VALID,Je dois aller de Gap à Chambéry ce soir,Gap,Chambéry,39
167,VALID,y a-t-il un ouigo de lisieux vers albi ?,Lisieux,Albi,109
1182,VALID,Je veux comparer les horaires de train de Belfort à Le Mans,Belfort,Le Mans,94
599,VALID,Je dois aller de Colmar à La Rochelle ce soir,Colmar,La Rochelle,39
1742,VALID,Train de fin de journée Pontarlier vers La Rochelle,Pontarlier,La Rochelle,147
3249,INVALID,Transport urbain Fécamp,,,258
2224,INVALID,Montauban est une belle ville,,,153
3550,INVALID,Concert prévu à Tourcoing,,,174
2997,INVALID,Statistiques démographiques Saint-Étienne,,,245
3882,VALID,train quotidien saumur evry,Saumur,Évry,107
3108,INVALID,Pontarlier ou Valenciennes pour les vacances ?,,,23
2565,INVALID,Zones touristiques Évreux,,,219
1969,INVALID,architecture de bourgoin-jallieu,,,198
674,VALID,Je veux voyager confortablement de Périgueux vers Tourcoing,Périgueux,Tourcoing,104
3195,INVALID,Bonjour,,,21
2992,INVALID,Restaurant à Manosque,,,159
610,VALID,Y a-t-il un train vers midi de Vitry-le-François à Évry ?,Vitry-le-François,Évry,137
2085,INVALID,Population étudiante Versailles,,,193
8,VALID,je vais de la rochelle à vitry-le-françois en train,La Rochelle,Vitry-le-François,52
1396,VALID,Je cherche un train jeudi de Moulins à Briançon,Moulins,Briançon,140
1644,VALID,Je vais de Angoulême à Concarneau en train,Angoulême,Concarneau,52
2468,INVALID,Restaurant à Pau,,,159
3095,INVALID,Agenda culturel RRommanss-r-Isère,,,233
1004,VALID,Quels sont les horaires de train Cannes Vienne ?,Cannes,Vienne,8
2144,INVALID,Éconoime de Cannes,,,199
2728,INVALID,Spécialités culinaires Lyyon,,,187
2502,INVALID,Centres éducatifs Villeurbanne,,,270
1406,VALID,Quel est le prix du billet de train Calais Lorient ?,Calais,Lorient,105
3309,INVALID,Carte des quartiers Créteil,,,267
3765,VALID,un billet pour le train chateauroux orleans,Châteauroux,Orléans,51
2977,INVALID,Centres de loisirs Toulon,,,262
1680,VALID,Je dois voyager de Étampes à Concarneau ce week-end,Étampes,Concarneau,77
2792,INVALID,Statistiques locales Éiinal,,,261
3884,INVALID,nancy ou epinal pour les vacances ?,,,157
4117,VALID,Je veux le train de Tarbes a Saint-Malo le plus tot possible,Tarbes,Saint-Malo,100
733,VALID,Y a-t-il un train avant 8h de Bar-le-Duc à Antibes ?,Bar-le-Duc,Antibes,103
3364,INVALID,Dunkerque est une belle ville,,,18
224,VALID,prochain train pour montélimar depuis pontarlier,Pontarlier,Montélimar,13
854,VALID,Y a-t-il un TGV en fin d'parès-midi Nicee Vichy ?,Nice,Vichy,133
2942,INVALID,Événements culturels Angoulême,,,268
2005,INVALID,mnoument célèbre à bourg-enb-resse,,,188
2786,INVALID,Services publics Lourdes,,,234
1454,VALID,Je cherche à voyager de Vitry-le-François à Bourgoin-Jallieu en TER,Vitry-le-François,Bourgoin-Jallieu,148
2442,INVALID,Climat de Étampes,,,186
1072,VALID,Je souhaite voyager de Lannion vers Angers,Lannion,Angers,5
1393,VALID,Je veux voyager confortablement de Nancy vers Concarneau,Nancy,Concarneau,104
3847,VALID,je veux un train rapide de lannion a besancon,Lannion,Besançon,35
3338,INVALID,Musée à visiter à Digne-les-Bains,,,172
563,VALID,Je dois voyager de Compiègne à Nevers ce week-end,Compiègne,Nevers,77
2453,INVALID,Zones touristiques Le Puy-en-Velay,,,249
2658,INVALID,Marchés hebdomadaires Biarritz,,,238
913,VALID,Je cherche à aller de Fontainebleau à Clermont-Ferrandd par le train,Fontainebleau,Clermont-Ferrand,116
1910,INVALID,la distance entre roubaix et laval,,,20
1530,VALID,Un billet pour le train Tourcoing Pontarlier,Tourcoing,Pontarlier,51
530,VALID,Quelle ets la durée du trjaet en train de Évreux  àValenciennes ?,Évreux,Valenciennes,31
3915,INVALID,Quartiers modernes Pontarlier,,,244
1972,INVALID,qaurtier sûr à briançon,,,190
1007,VALID,Je cherche à aller de Laon à Nîmes par le train,Laon,Nîmes,116
2520,INVALID,Population urbaine Poitiers,,,266
3168,INVALID,Parc célèbre à Béthune,,,203
2934,INVALID,Centres de loisirs Florence,,,262
64,VALID,y a-t-il un départ tôt demain de orange vers clisson ?,Orange,Clisson,125
677,VALID,Je pars en train de Beauvais vers Limoges,Beauvais,Limoges,71
966,VALID,Je souhaite prendre un train en début d'après-midi de Clermont-Ferrand à Cholet,Clermont-Ferrand,Cholet,110
847,VALID, Je hcerche un train jeudi de Lannion à Gap,Lannion,Gap,140
2984,INVALID,Restaurant à Morlaix,,,25
3041,INVALID, Associations locales  Aurillac,,,236
254,VALID,train avec peu de corrrespondances d elyon vers albert,Lyon,Albert,127
402,VALID,Je cherche un train Compiègne Besançon,Compiègne,Besançon,14
405,VALID,Prochain départ de Mulhouse pour Albi,Mulhouse,Albi,27
2518,INVALID,Population urbaine Nanterre,,,266
726,VALID,Je cherche le meilleur horaire de train Cherbourg Lille,Cherbourg,Lille,86
2320,INVALID,Mon ami vit à Meaux et moi à Loches,,,19
3451,INVALID,Statistiques économiques Béthune,,,272
97,VALID,je veux voyager en train de laval à beauvais,Laval,Beauvais,43
1816,INVALID,heure locale à le havre,,,194
3503,INVALID,Entreprise connue à Fougères,,,180
2986,INVALID,Carte scolaire Le Puy-en-Velay,,,230
2278,INVALID,CCartehistorique Soisssons,,,210
3291,INVALID,Mon ami vit à Verdun et moi à Lisieux,,,154
1577,VALID,Quelle est la durée du trajet en train de Tourcoing à Auray ?,Tourcoing,Auray,31
2475,INVALID,Quelle heure est-il à Douai ?,,,160
395,VALID,Y a-t-il des trains vers Lens au départ de Pontivy ?,Pontivy,Lens,4
4091,VALID,Quelle est la duree du trajet en train de Chambery a Concarneau ?,Chambéry,Concarneau,31
3848,INVALID,restaurant a amboise,,,159
3500,INVALID,Population étudiante Nantes,,,193
4002,INVALID,Quelle estt la population de Evreux ?,,,22
1641,VALID,Quel train me conseillez-vous de Aurillac à Auxerre ?,Aurillac,Auxerre,53
3612,INVALID,Statistiques économiques Fontainebleau,,,272
1023,VALID,Je dois faire Créteil Vannes en train,Créteil,Vannes,102
3833,INVALID,calendrer evenemment mende,,,248
1854,INVALID,espaces verts louviers,,,239
2857,INVALID,Meilleur moment pour visiter Étampes,,,197
424,VALID,Je cherche un train dimanche de Montélimar à Versailles,Montélimar,Versailles,132
1764,VALID,Y a-t-il un TGV direct Le Havre Cannes ?,Le Havre,Cannes,93
3349,INVALID,Je suis né à Châteauroux,,,185
3818,VALID,y a-t-il un depart vers 14h de auch pour granville ?,Auch,Granville,117
2166,INVALID,Le maire de Ancenis,,,24
1386,VALID,Je dois voyager de Cholet à Bastia vendredi,Cholet,Bastia,112
3020,INVALID,Statistiques météo Sens,,,204
267,VALID,Je veu xvoyageer en trai nde Quimper à Privas,Quimper,Privas,43
3320,INVALID,La distance entre Pau et Arras,,,20
2527,INVALID,Festival à La Rochelle,,,189
1884,INVALID,spécialités culinaires amiens,,,187
561,VALID,Y a-t-il un train de nuit entre Étampes et Nantes ?,Étampes,Nantes,149
1953,INVALID,centres culturels nevers,,,254
3322,INVALID,Photos anciennes Pau,,,200
2563,INVALID,Statistiques météo Créteil,,,204
1743,VALID,Y a-t-il un départ vers 14h de Moulins pour Bayonne ?,Moulins,Bayonne,117
518,VALID,Je veux voyager en train de Châteaubriant à Privas,Châteaubriant,Privas,43
2207,INVALID,Histoire de Concarneau,,,171
511,VALID,Je dois faire Dunkerque Antibes en train,Dunkerque,Antibes,102
3709,INVALID,quartiers de gap,,,173
1462,VALID,Je veux alller de Briançon à lisson,Briançon,Clisson,1
3534,INVALID,Associations locales Albertville,,,236
556,VALID,Train avec le moins de correspondances Montargis Montbéliard,Montargis,Montbéliard,55
1050,VALID,Y a-t-il un train toutes les deux heures de Concarneau à Évreux ?,Concarneau,Évreux,145
2045,INVALID,services municipaux mâcon,,,259
1392,VALID,Je réserve un train de Grenoble à Montargis,Grenoble,Montargis,26
1967,INVALID,meilleur moment pour visiter bar-le-duc,,,197
2227,INVALID,Climat de Vannes,,,186
2756,INVALID,Transports locaux lbeuf,,,273
2643,INVALID,Ambassade à Clisson,,,184
1833,INVALID,calais est une belle ville,,,153
3216,INVALID,Informations locales Belfort,,,241
1527,VALID, Je pars de Molaxi direction Annecy,Morlaix,Annecy,12
4110,VALID,Je dois voyager en train de Challans vers Arles mercredi,Challans,Arles,136
1339,VALID,Je veux acheter mon billet pour le train Villeurbanne Épernay,Villeurbanne,Épernay,118
2900,INVALID,Je suis né à Moulins,,,185
288,VALID,Je veux le prochain départ en train de Douai pour Quimper,Douai,Quimper,122
2394,INVALID,Code postal Angers,,,176
3406,INVALID,Statistiques démographiques Auch,,,245
3456,INVALID,Associations locales Dieppe,,,236
3840,INVALID,hotel disponible a dole,,,163
1053,VALID,Comment rejoindre Lyon depuis Amiens en train ?,Amiens,Lyon,38
3615,INVALID,Bonjour,,,156
2018,INVALID,calendrier événements saint-brieuc,,,248
3078,INVALID,Cinéma à Dijon,,,216
663,VALID,Train de milieu d'après-midi Dijon Argenteuil,Dijon,Argenteuil,143
2860,INVALID,Carte administrative Versailles,,,218
1978,INVALID,carte de mende,,,169
3112,INVALID,Spécialités culinaires Bourges,,,187
855,VALID,Je voudrais connaître les horaires de train de Vierzon à Briançon,Vierzon,Briançon,67
1404,VALID,Je veux acheter mon billet pour le train Soissons Fougères,Soissons,Fougères,118
3535,INVALID,Restaurant à Marseille,,,159
2366,INVALID,Monument célèbre à Morlaix,,,188
4018,INVALID,Statistiques emploi Lourdes,,,225
2083,INVALID,Centres de loisirs Albertville,,,262
1227,VALID,Y a-t-il un TGV en fin d'après-midi Annecy Marseille ?,Annecy,Marseille,133
87,VALID,train en fin d'après-midi grenoble saint-quentin,Grenoble,Saint-Quentin,76
2355,INVALID,Je suis né à Langres,,,185
3718,INVALID,centres educatifs port-boulet,,,270
63,VALID,je planifie un voyage en train de privas vers beauvais,Privas,Beauvais,49
1667,VALID,Je cherche à voyager de Oyonnax à Cambrai en TER,Oyonnax,Cambrai,148
3991,VALID,Je veux acheter mon billet pour le train Bar-le-Duc Vannes,Bar-le-Duc,Vannes,118
1831,INVALID,écoles à le mans,,,213
2329,INVALID,Photo de Épinal,,,177
2930,INVALID, Zones tourrstiques Soissons,,,219
713,VALID,Je veux le prochain départ en train de Montpellier pour Étampes,Montpellier,Étampes,122
3231,INVALID,La distance entre Saint-Nazaie t Saumur,,,276
2798,INVALID,Amiens est magnifique en été,,,162
3218,INVALID,Carte générale Bourges,,,257
365,VALID,Je dois me rendre de Romans-sur-Isère à Évreux,Romans-sur-Isère,Évreux,7
1121,VALID,Je souhaite prendre le train de Chinon pour Lisieux,Chinon,Lisieux,32
3123,INVALID,Photo de Paris,,,177
3951,INVALID,Centres educatifs Bourgoin-Jallieu,,,270
2479,INVALID,Activités nocturnes Rennes,,,255
1793,INVALID,je travaille à saint-denis,,,165
3246,INVALID,Guide urbain Challans,,,253
3886,VALID,je veux le train avec le meilleur confort toul macon,Toul,Mâcon,138
2973,INVALID,Cinéma à Amiens,,,216
2046,INVALID,activités culturelles tourcoing,,,247
1607,VALID,Y a-t-il un train tôt le matin de Bolbec vers Saint-Dizier ?,Bolbec,Saint-Dizier,62
1350,VALID,Je veux arriver à Oyonnax depuis Compiègne,Compiègne,Oyonnax,63
709,VALID,Je voudrais partir de Lille pour aller à Montivilliers,Lille,Montivilliers,9
1033,VALID,Billet aller simple en train Dunkerque Aurillac,Dunkerque,Aurillac,70
1225,VALID,Je veux partir de Yvetot et descendre à Vienne,Yvetot,Vienne,108
611,VALID,Je veux le train de Courbevoie à Fontenay-le-Comte le plus tôt possible,Courbevoie,Fontenay-le-Comte,100
3055,INVALID,Je déménage à Pau,,,195
3479,INVALID,Activités sportives Cholet,,,264
2253,INVALID,Carte administrative Clisson,,,218
1169,VALID,Billet de train aller-retour Roubaix Cergy,Roubaix,Cergy,78
786,VALID,Départ Pontoise arrivée Moulins,Pontoise,Moulins,15
1003,VALID,Train avec wifi de Yvetot à Montargis,Yvetot,Montargis,111
982,VALID,Je dois me rendre de Ancenis à Grenoble,Ancenis,Grenoble,7
2095,INVALID,Journaux locaux Moulins,,,192
656,VALID,Je voudrais aller de Limoges à Privas en TGV,Limoges,Privas,47
3323,INVALID,Je déménage à Niort,,,195
3434,INVALID,Office postal Fontainebleau,,,221
2990,INVALID,Agenda culturel Poitiers,,,233
216,VALID,départ colmar arrivée troyes,Colmar,Troyes,15
1552,VALID,Je veux acheter un billet de train Clermont-Ferrand Vitry-le-François,Clermont-Ferrand,Vitry-le-François,83
2487,INVALID,Carte scolaire Cannes,,,230
404,VALID,Je dois aller à Sens en partant de Périgueux en train,Périgueux,Sens,128
2528,INVALID,Quelle heure est-il à Biarritz ?,,,160
2771,INVALID,La distance entre Versailles et Poitiers,,,20
1835,INVALID,code potsal cholet,,,176
1101,VALID,Comment rejoindre Yvetot depuis Boulogne-sur-Mer en train ?,Boulogne-sur-Mer,Yvetot,38
3001,INVALID,Population totale Évreux,,,252
3341,INVALID,Zones rurales Fécamp,,,243
1175,VALID,Train de fin de matinée Aix-les-Bains Ajaccio,Aix-les-Bains,Ajaccio,131
3730,VALID,train express de dinan vers pontarlier,Dinan,Pontarlier,139
3975,INVALID,Je vis a Nante,,,168
2260,INVALID,Hôtel disponible à Ancenis,,,163
720,VALID,Je dois me déplacer de Toulouse à Montélimar en train,Toulouse,Montélimar,65
2747,INVALID,Carte touristique de Chartres,,,164
2821,INVALID,Événements sportifs Challans,,,250
1034,VALID,Train avec places assises garanties Tours Louviers,Tours,Louviers,119
3474,INVALID,Bonjour,,,21
3258,INVALID,Centres sportifs Cholet,,,235
1599,VALID,Y a-t-il un Intercités Lille Évreux ?,Lille,Évreux,57
2292,INVALID,Je vis à Rouen,,,168
1349,VALID,Comment me rendre à Auch depuis Clermont-Ferrand ?,Clermont-Ferrand,Auch,3
3620,INVALID,Parc célèbre à Toul,,,203
2182,INVALID,Parc célèbre à Berck,,,203
377,VALID,Je dois prendre le train de Charleville-Mézières pour Montreuil,Charleville-Mézières,Montreuil,45
3096,INVALID,Statistiques emploi Agen,,,225
1841,INVALID,quel etmps fait-il à tarbes ?,,,151
314,VALID,Billet aller simple en train Bayonne Romans-sur-Isère,Bayonne,Romans-sur-Isère,70
59,VALID,train du soir toulouse elbeuf,Toulouse,Elbeuf,66
2205,INVALID,Informations trafic Créteil,,,260
2789,INVALID,Transport urbain Roubaix,,,258
3097,INVALID,Quelle heure est-il à Nantes ?,,,160
2980,INVALID,Office postal Saint-Dizier,,,221
285,VALID,Train avec restauration de Concarneau à Toul,Concarneau,Toul,135
633,VALID,Je cherche un train pour la semaine prochaine de Brest à Besançon,Brest,Besançon,106
2392,INVALID,Festival à Villeurbanne,,,189
149,VALID,y a-t-il un train vers 10h de le puy-en-velay à nîmes ?,Le Puy-en-Velay,Nîmes,129
880,VALID,Un billet de train pour aller de Charleville-Mézières à Strasbourg,Charleville-Mézières,Strasbourg,33
721,VALID,Quels sont les horaires de train Elbeuf Amiens ?,Elbeuf,Amiens,8
2404,INVALID,Toulon ou Maubeuge pour les vacances ?,,,157
1605,VALID,Je voudrais connaître les horaires de train de Saint-Quentin à Abbeville,Saint-Quentin,Abbeville,67
1410,VALID,Je veux réserver pour le train de Montélimar vers Fécamp,Montélimar,Fécamp,130
495,VALID,Y a-t-il un TGV Lisieux Nanterre ?,Lisieux,Nanterre,34
3306,INVALID,Actualités à Ancenis,,,178
3293,INVALID,Journaux locaux Laval,,,192
931,VALID,Je veux aller de Digne-les-Bains à Loches,Digne-les-Bains,Loches,1
1060,VALID,Je cherche à aller de Saint-Omer à Cergy par le train,Saint-Omer,Cergy,116
2913,INVALID,Population urbaine Albi,,,266
1651,VALID,Je veux voyager en train de Dunkerque à Annemasse,Dunkerque,Annemasse,43
1305,VALID,Y a-t-il un train vers midi de Mende à Nice ?,Mende,Nice,137
1239,VALID,Train en milieu de journée Boulogne-sur-Mer Sens,Boulogne-sur-Mer,Sens,101
748,VALID,Combien de temps dure le trajet en train de Montpellier à Saint-Malo ?,Montpellier,Saint-Malo,60
838,VALID,Je souhaite réserver un train de Lannion vers Châteaubriant,Lannion,Châteaubriant,58
4006,VALID,Dernier train de Strasbourg vers Briancon,Strasbourg,Briançon,42
3065,INVALID,Shopping à Versailles,,,182
91,VALID,y a-t-il un ter aurillac calais ?,Aurillac,Calais,68
204,VALID,quels sont les horaires de train colmar boulogne-billancourt ?,Colmar,Boulogne-Billancourt,8
3776,INVALID,je suis ne a loches,,,185
220,VALID,je dois prendre un train de auxerre à verdun lundi,Auxerre,Verdun,96
1947,INVALID,clubs sportifs concarneau,,,215
1710,VALID,Je dois me déplacer de Châteaubriant à Granville en train,Châteaubriant,Granville,65
2040,INVALID,je travaille à saint-nazaire,,,165
271,VALID,Train du matin Vierzon Beauvais,Vierzon,Beauvais,29
3942,VALID,Train avec peu de correspondances de Lille vers Loches,Lille,Loches,127
1737,VALID,Quelle est la durée du trajet en train de Le Mans à Nancy ?,Le Mans,Nancy,31
2891,INVALID,Carte administrative Blois,,,218
2644,INVALID,Zones touristiques Quimper,,,219
1351,VALID,Train avec restauration de Aubenas à Tarbes,Aubenas,Tarbes,135
3187,INVALID,Population étudiante Rennes,,,193
3047,INVALID,Carte postale Montélimar,,,196
14,VALID,un billet de train pour aaller de lisieux à le mans,Lisieux,Le Mans,33
1928,INVALID,carte postale évreux,,,196
2440,INVALID,Festival à Lons-le-Saunier,,,189
3538,INVALID,Mon ami vit à Granville et moi à Berck,,,19
1412,VALID,Dernier train de Roubaix vers Dunkerque,Roubaix,Dunkerque,42
2758,INVALID,Carte des quartiers Annecy,,,267
2445,INVALID,Langue parlée à Le Puy-en-Velay,,,175
60,VALID,je voudrais partir de vannes pour aller à bolbec,Vannes,Bolbec,9
3891,VALID,je veux un train confortable de orange a fougeres,Orange,Fougères,69
4040,VALID,Je veux prendre le train de Perigueux a Auxerre,Périgueux,Auxerre,28
731,VALID,Je veux prendre le train de Chinon à Abbeville,Chinon,Abbeville,28
401,VALID,Je dois faire Alençon Lunéville en train,Alençon,Lunéville,102
1642,VALID,Y a-t-il un TGV en fin d'après-midi Carcassonne Metz ?,Carcassonne,Metz,133
4080,INVALID,Centres educatifs Nancy,,,270
3248,INVALID,Quelle est la population de Le Havre ?,,,155
2133,INVALID,Population urbaine Nice,,,266
3738,INVALID,carte interactive saint-denis,,,240
2263,INVALID,Statistiques démographiques Lille,,,245
3703,INVALID,associations locales douai,,,236
2968,INVALID,Quel temps fait-il à Évreux ?,,,16
2931,INVALID,Plages proches de Nanterre,,,181
1047,VALID,Y a-t-il un train toutes les heures de Béthune à Poitiers ?,Béthune,Poitiers,89
3516,INVALID,Zones vertes Ajaccio,,,224
4022,INVALID,Transport urbain Marseille,,,258
604,VALID,Train de début de soirée Bourges Courbevoie,Bourges,Courbevoie,123
4115,VALID,Quels sont les horaires de train Montargis Aurillac ?,Montargis,Aurillac,8
1971,INVALID,meilleur moment pour visiter lourdes,,,197
2812,INVALID,Office du tourisme Chalon-sur-Saône,,,205
843,VALID,Je veux un train rapide de Béthune à Montélimar,Béthune,Montélimar,35
62,VALID,je cherche le train le moins cher de louviers à lille,Louviers,Lille,54
3775,INVALID,j'habite actuellement a marseille,,,161
1674,VALID,Départ Chalon-sur-Saône arrivée Pontoise,Chalon-sur-Saône,Pontoise,15
3638,INVALID,Quelle heure est-il à Évreux ?,,,160
131,VALID,je dois me déplacer en train de aurillac vers oyonnax mardi,Aurillac,Oyonnax,120
1109,VALID,Train defind e matinée Fontaineebleau Modane,Fontainebleau,Modane,131
3404,INVALID,Statistiques économiquess Niort,,,272
3785,VALID,train de fin de journee marseille vers saint-nazaire,Marseille,Saint-Nazaire,147
1516,VALID,Je dois voyager de Lourdes à Soissons ce week-end,Lourdes,Soissons,77
525,VALID,Je veux réserver une place dans le train Metz Valence,Metz,Valence,90
3081,INVALID,Carte interactive Lyon,,,240
3243,INVALID,Cinéma à Calais,,,216
3959,INVALID,Bourgoin-Jallieu ou Chinon pour les vacances ?,,,157
1633,VALID,Train de fin de journée Mende vers Boulogne-Billancourt,Mende,Boulogne-Billancourt,147
1052,VALID,Y a-t-il un départ vers 14h de Aix-les-Bains pour Nancy ?,Aix-les-Bains,Nancy,117
768,VALID,Y a-t-il un TGV Aix-les-Bains Mâcon ?,Aix-les-Bains,Mâcon,34
1518,VALID,Je veux arriver à Verdun depuis Lille,Lille,Verdun,63
330,VALID,Train avec peu de correspondances de Laon vers Aubenas,Laon,Aubenas,127
4084,VALID,Billet de train aller-retour Compiegne Abbeville,Compiègne,Abbeville,78
311,VALID,Je veux le train avec le meilleur confort Bourg-en-Bresse Bourges,Bourg-en-Bresse,Bourges,138
1679,VALID,Train avec peu de correspondances de Nice vers Troyes,Nice,Troyes,127
1336,VALID,Y a-t-il un Intercités Langres Alençon ?,Langres,Alençon,57
852,VALID,À quelle heure arrive le train à Angers depuis Biarritz ?,Biarritz,Angers,48
45,VALID,je veux le train de amboise à le puy-en-velay le plus tôt possible,Amboise,Le Puy-en-Velay,100
609,VALID,Y a-t-il des trains en semaine de Châlons-en-Champagne à Tourcoing ?,Châlons-en-Champagne,Tourcoing,74
3427,INVALID,Quel temps fait-il à Arles ?,,,16
2143,INVALID,Cambrai est magnifique en été,,,162
4104,VALID,Billet de train Oyonnax Cannes pour aujourd'hui,Oyonnax,Cannes,40
3742,VALID,je dois me rendre de pau a chateaubriant,Pau,Châteaubriant,7
560,VALID,Je dois me déplacer de Saint-Quentin à Hazebrouck en train,Saint-Quentin,Hazebrouck,65
1075,VALID,Je oudrais connaîtr eles horaires de train de Dijon àCh artres,Dijon,Chartres,67
3677,INVALID,Carte touristique de Nevers,,,164
2950,INVALID,Mon ami vit à Auray et moi à Nantes,,,154
2456,INVALID,Entreprise connue à Lons-le-Saunier,,,180
2110,INVALID,Je travaille à Valenciennes,,,165
3948,VALID,Je dois prendre le train de Troyes pour Mulhouse,Troyes,Mulhouse,45
2153,INVALID,Carte scolaire Nanterre,,,230
1346,VALID,Je veux partir d Laval et descendre à  Roubaix,Laval,Roubaix,108
1254,VALID,Je souhaite partir de Albert et arriver à Blois,Albert,Blois,81
1195,VALID,Je dois prendre le train de Elbeuf pour Dunkerque,Elbeuf,Dunkerque,45
974,VALID,Je dois me rendre à Rennes depuis Versailles en TGV,Versailles,Rennes,144
1452,VALID,Y a-t-il un TGV en fin d'après-midi Albi Arras ?,Albi,Arras,133
2849,INVALID,Concert prévu à Bolbec,,,174
3787,INVALID,evenements sportifs yvetot,,,250
2653,INVALID,Quelle heure est-il à Vitré ?,,,160
2755,INVALID,Je travaille à Bourgoin-Jallieu,,,165
1086,VALID,Je dois me déplacer en train de Rennes vers Cergy mardi,Rennes,Cergy,120
2976,INVALID,Espaces verts Auxerre,,,239
1318,VALID,Billet de train Arras Modane pour aujourd'hui,Arras,Modane,40
327,VALID,Prochain départ de Dieppe pour Tours,Dieppe,Tours,27
3990,INVALID,Zones touristiques Caen,,,219
259,VALID,je veux acheter mon billet pour le train clermont-ferrand saint-quentin,Clermont-Ferrand,Saint-Quentin,118
4027,INVALID,Quelle est la population de Albertville ?,,,22
379,VALID,Je veux me rendre à Fougères depuis Vierzon par le train,Vierzon,Fougères,73
2625,INVALID,Carte météo Lisieux,,,191
2248,INVALID,Carte générale Antibes,,,257
67,VALID,quelle est la durée du trajet en train de auray à aurillac ?,Auray,Aurillac,31
595,VALID,Prochain départ de Vernon pour Pontivy,Vernon,Pontivy,27
1532,VALID,Je prends le train de Fontainebleau à Lunéville,Fontainebleau,Lunéville,61
3829,VALID,je veux achetr mon bbillet pour le train nancy eprnay,Nancy,Épernay,118
3099,INVALID,Évnements culturels Langres,,,268
1774,INVALID,photo de oyonnax,,,177
2285,INVALID,Population urbaine Niort,,,266
2652,INVALID,Actualités à Courbevoie,,,178
120,VALID,quels sont les ohraires de trani besançon motnpellier ?,Besançon,Montpellier,8
2076,INVALID,Monument célèbre à Auxerre,,,188
3762,VALID,y a-t-il ds rductions sur le trai nmorlaix yvetot ?,Morlaix,Yvetot,99
4053,INVALID,Zones touristiques Vannes,,,219
2581,INVALID,J'habite actuellement à Dole,,,161
2730,INVALID,La distance entre Vichy et Vernon,,,276
844,VALID,Y a-t-il un TGV en fin d'après-midi Bourgoin-Jallieu Bar-le-Duc ?,Bourgoin-Jallieu,Bar-le-Duc,133
2023,INVALID,quelle heure est-il à évreux ?,,,160
3276,INVALID,Restaurant à Albi,,,159
600,VALID,Je dois voyager de Pontoise à Troyes vendredi,Pontoise,Troyes,112
2323,INVALID,Centres sportifs Montbéliard,,,235
1875,INVALID,actualités à saint-étienne,,,178
426,VALID,Train de fin de journée Montbéliard vers Auch,Montbéliard,Auch,147
3963,VALID,Train matinal de Nimes vers Nice,Nîmes,Nice,115
631,VALID,Train avec places assises garanties Concarneau Lourdes,Concarneau,Lourdes,119
2066,INVALID,Hôpitaux à Albi,,,222
1677,VALID,Train avec le moins de correspondances Montélimar Hazebrouck,Montélimar,Hazebrouck,55
715,VALID,Je souhaite prendre un train en début d'après-midi de Le Havre à Lorient,Le Havre,Lorient,110
2000,INVALID,colmar est une belle ville,,,153
159,VALID,un billet vitry-le-françois dole s'il vous plaît,Vitry-le-François,Dole,2
2838,INVALID,Heure locale à Port-Boulet,,,194
432,VALID,Y a-t-il un TGV Besançon Ajaccio ?,Besançon,Ajaccio,34
201,VALID,train du matin chambéry soissons,Chambéry,Soissons,29
3086,INVALID,Architecture de Beauvais,,,198
2280,INVALID,Zones commerciales Loches,,,263
3417,INVALID,Centres commerciaux Nancy,,,226
2734,INVALID,Carte scolaire Sens,,,230
3332,INVALID,Photos aériennes Lourdes,,,211
519,VALID,Je souhaite réserver un train de Verdun vers Vichy,Verdun,Vichy,58
2246,INVALID,Restaurant à Saint-Brieuc,,,25
2173,INVALID,La distance entre Lorient et Toul,,,276
1210,VALID,Je veux allerr  de Dian à Créteil,Dinan,Créteil,1
333,VALID,Je cherche le meilleur horaire de train Fougères Auxerre,Fougères,Auxerre,86
3494,INVALID,Festival à Moulins,,,189
1553,VALID,Je cherche un train jeudi de Colmar à Vesoul,Colmar,Vesoul,140
2043,INVALID,hôtel pas cher à gap,,,170
969,VALID,Un billet pour le train Romans-sur-Isère Gap,Romans-sur-Isère,Gap,51
3137,INVALID,Mon ami vit à Cherbourg et moi à Saint-Nazaire,,,154
1451,VALID,Y a-t-il un Intercités Chaumont Strasbourg ?,Chaumont,Strasbourg,57
2350,INVALID,Langue parlée à Moulins,,,175
2132,INVALID,Statistiques météo Louviers,,,204
557,VALID,Un aller simple Châteaubriant Orléans,Châteaubriant,Orléans,10
2896,INVALID,Innformations générales Antibes,,,275
1360,VALID,Je souhaite prendre un train en début d'après-midi de Vienne à Saint-Brieuc,Vienne,Saint-Brieuc,110
2327,INVALID,Meilleur moment pour visiter Lens,,,197
3039,INVALID,Météo actuelle à Niort,,,167
833,VALID,Je souhaite parti en milieu de matinée de Abbeville vers Meaux,Abbeville,Meaux,92
239,VALID,je veux voyager confortablement de le mans vers soissons,Le Mans,Soissons,104
2346,INVALID,Photo de Vienne,,,177
3135,INVALID,Je déménage à Segré,,,195
2022,INVALID,événements locaux amboise,,,228
730,VALID,Train de milieu d'après-midi Concarneau Oyonnax,Concarneau,Oyonnax,143
340,VALID,Train du soir Saint-Nazaire Évry,Saint-Nazaire,Évry,66
3007,INVALID,Architecture de Saint-Denis,,,198
2953,INVALID,Guide urbain Mulhouse,,,253
817,VALID,Train avec wifi de Charleville-Mézières à Nanterre,Charleville-Mézières,Nanterre,111
3595,INVALID,Associations locales Châlons-en-Champagne,,,236
211,VALID,je cherche un trajet en train de metz vers vernon,Metz,Vernon,30
3597,INVALID,Population totale Auray,,,252
2840,INVALID,Population urbaine Arras,,,266
1998,INVALID,montargis ou morlaix pour les vacances ?,,,157
128,VALID,je souhaite prendre le train de arles pour vendôme,Arles,Vendôme,32
2776,INVALID,Hôpitaux à Vierzon,,,222
4061,VALID,Je cherche un train apres 18h de Quimper vers Briancon,Quimper,Briançon,98
1074,VALID,Départ Lyon arrivée Lisieux,Lyon,Lisieux,15
100,VALID,je veux un train rapide de arras à gap,Arras,Gap,35
870,VALID,Je dois aller à Nîmes en partant de Saint-Denis en train,Saint-Denis,Nîmes,128
3304,INVALID,Événements culturels Arles,,,268
2519,INVALID,Activités nocturnes Chartres,,,255
2735,INVALID,Carte touristique de Amboise,,,164
3910,VALID,Depart Chinnon arrivee Lille,Chinon,Lille,15
1587,VALID,Y a-t-il un Intercités Caen Auch ?,Caen,Auch,57
2240,INVALID,Quartier sûr à Toul,,,190
6,VALID,comment rejoindre évreux depuis chaumont en train ?,Chaumont,Évreux,38
32,VALID,billet de train aller-retour orléans nanterre,Orléans,Nanterre,78
2555,INVALID,Actualités à Moulins,,,178
1874,INVALID,services de santé bourg-en-bresse,,,271
1008,VALID,Quelle est la fréquenc edes trains Albbi Auc ?,Albi,Auch,72
2705,INVALID,Écoles à Aix-en-Provence,,,213
1490,VALID,Je veux réserver pour le train de Rodez vers Angers,Rodez,Angers,130
3988,VALID,Y a-t-il un train tot le matin de Aurillac vers Oyonnax ?,Aurillac,Oyonnax,62
1869,INVALID,monument célèbre à saint-étienne,,,188
2212,INVALID,Centrees cmomerciauxx Digne-les-Bains,,,226
4036,INVALID,Shopping a Chambery,,,182
1308,VALID,Train en fin d'après-midi Bastia Montargis,Bastia,Montargis,76
3178,INVALID,Informations générales Port-Boulet,,,275
2114,INVALID,Centres médicaux Les Sables-d'Olonne,,,242
3664,INVALID,Services de santé Biarritz,,,271
2886,INVALID,Je suis né à Saint-Nazaire,,,185
3111,INVALID,Laval est magnifique en été,,,162
2585,INVALID,Bonjour,,,156
3672,INVALID,Musée à visiter à Chalon-sur-Saône,,,172
2498,INVALID,Statistiques emploi Arras,,,225
2961,INVALID,Marchés hebdomadaires Melun,,,238
3682,INVALID,Climat de Vitré,,,186
1574,VALID,Je cherche à voyager de Besançon à Lyon en TER,Besançon,Lyon,148
1103,VALID,Je veux un train confortable de Laon à Alençon,Laon,Alençon,69
1747,VALID,Train quotidien Reims Aubenas,Reims,Aubenas,107
2405,INVALID,Centres médicaux Annemasse,,,242
876,VALID,Je dois voyager en train de Toul vers Les Sables-d'Olonne mercredi,Toul,Les Sables-d'Olonne,136
3244,INVALID,Activités sportives Challans,,,264
121,VALID,quel train me conseillez-vous de dole à bordeaux ?,Dole,Bordeaux,53
3106,INVALID,Calendrier événements Tours,,,248
2313,INVALID,Associations à Morlaix,,,207
2996,INVALID,Centres médicaux Granville,,,242
3283,INVALID,Écoles à Aurillac,,,213
3279,INVALID,Zones rurales Montivilliers,,,243
1936,INVALID,je travaille à vitré,,,165
2461,INVALID,Statistiques écoonmiques rOléans,,,272
2463,INVALID,Université à Troyes,,,179
35,VALID,je veux le train de fougères à chambéry le plus tôt possible,Fougères,Chambéry,100
2504,INVALID,Coût de la vie Tours,,,209
3757,VALID,quel train prendre pour alelr de vendome a nveers ?,Vendôme,Nevers,84
3938,INVALID,Langue parlee a Digne-les-Bains,,,175
1977,INVALID,événements locaux angers,,,228
3918,VALID,Je pars en train de Sens vers Fontenay-le-Comte,Sens,Fontenay-le-Comte,71
886,VALID,Train avec places assises garanties Le Havre Versailles,Le Havre,Versailles,119
512,VALID,Y a-t-il un train vers midi de Gap à Oyonnax ?,Gap,Oyonnax,137
234,VALID,je dois aller de châlons-en-champagne à quimper ce soir,Châlons-en-Champagne,Quimper,39
3345,INVALID,Shopping à Lisieux,,,182
2687,INVALID,Dunkerque ou Lannion pour les vacances ?,,,157
3299,INVALID,Hôpitaux à Louviers,,,222
3705,VALID,y a-t-il un tgv calais toul ?,Calais,Toul,34
670,VALID,Train express de Paris vers Fécamp,Paris,Fécamp,139
2097,INVALID,Office du tourisme Vitré,,,205
2252,INVALID,Zones vertes Montivilliers,,,224
3130,INVALID,Météo actuelle à Beauvais,,,167
2016,INVALID,patrimoine culturel argenteuil,,,232
1197,VALID,Y a-t-il des réductions sur le train Saint-Nazaire Auxerre ?,Saint-Nazaire,Auxerre,99
3536,INVALID,J'habite à Le Puy-en-Velay,,,17
1421,VALID,Y a-t-il des trains vers Clermont-Ferrand au départ de La Rochelle ?,La Rochelle,Clermont-Ferrand,4
315,VALID,Je dois voyager de Montélimar à Saumur vendredi,Montélimar,Saumur,112
1274,VALID,Y a-t-il un train toutes les deux heures de Dieppe à Meaux ?,Dieppe,Meaux,145
419,VALID,Y a-t-il un train rapide sans arrêt Oyonnax Aurillac ?,Oyonnax,Aurillac,113
1048,VALID,Je planifie un voyage en train de Montreuil vers Manosque,Montreuil,Manosque,49
1975,INVALID,bonjour,,,156
1915,INVALID,cclmat de anggoulême,,,186
388,VALID,Je vais de Vendôme à Bar-le-Duc en train,Vendôme,Bar-le-Duc,52
3521,INVALID,Centres sportifs Nancy,,,235
1611,VALID,Je voudrais connaître les horaires de train de Nice à Angers,Nice,Angers,67
1099,VALID,Je veux acheter un billet de train Vernon Lyon,Vernon,Lyon,83
423,VALID,Je cherche le train le plus économique de Elbeuf à Cherbourg,Elbeuf,Cherbourg,124
3272,INVALID,Carte interactive Agen,,,240
200,VALID,y a-t-il un train de nuit entre clisson et montbéliard ?,Clisson,Montbéliard,149
3460,INVALID,Shopping à Lille,,,182
1629,VALID,Je veux acheter mon billet pour le train Vesoul Manosque,Vesoul,Manosque,118
122,VALID,je dois voyager en train de nantes vers cannes mercredi,Nantes,Cannes,136
1924,INVALID,marchés hebdomadaires laval,,,238
319,VALID,Je veux acheter un billet de train Aubenas Vernon,Aubenas,Vernon,83
69,VALID,prochain train pour cannes depuis saint-omer,Saint-Omer,Cannes,13
1962,INVALID,la distance entre port-boulet et saint-dizier,,,276
3233,INVALID,Concert prévu à Chalon-sur-Saône,,,174
1000,VALID,Je cherche le train le moins cher de Brest à Metz,Brest,Metz,54
2154,INVALID,Zones rurales Avranches,,,243
1696,VALID,Je cherche le meilleur horaire de train Saint-Denis Maubeuge,Saint-Denis,Maubeuge,86
819,VALID,Dernier train de Montpellier vers Fontenay-le-Comte,Montpellier,Fontenay-le-Comte,42
2611,INVALID,Parc célèbre à Montauban,,,203
2664,INVALID,Parc célèbre à Clermont-Ferrand,,,203
2710,INVALID,Carte des quartiers Bolbec,,,267
1204,VALID,Je dois être à Vichy avant midi en partant de Fontainebleau,Fontainebleau,Vichy,88
3644,INVALID,Centres culturels Mulhouse,,,254
2675,INVALID,Journaux locaux Orléans,,,192
2667,INVALID,Carte touristique de Lisieux,,,164
1756,VALID,Train de nuit Tourcoing Niort,Tourcoing,Niort,36
283,VALID,Y a-t-il un train dans l'heure de Hazebrouck vers Concarneau ?,Hazebrouck,Concarneau,80
3982,VALID,Je souhaite partir de Dieppe et arriver a Marseille,Dieppe,Marseille,81
1540,VALID,Quelle est la durée du trajet en train de Grenoble à Vichy ?,Grenoble,Vichy,31
202,VALID,y a-t-il un départ en début de soirée de montpellier pour saumur ?,Montpellier,Saumur,85
562,VALID,Un billet pour le train Montpellier Angoulême,Montpellier,Angoulême,51
2396,INVALID,Hôtel disponible à Oyonnax,,,163
3496,INVALID,Mon ami vit à Montpellier et moi à Beauvais,,,19
1951,INVALID,metz ou troyes pour les vacances ?,,,23
935,VALID,Billet de train Concarneau Bordeaux pour aujourd'hui,Concarneau,Bordeaux,40
933,VALID,Y a-t-il un TGV Épinal Lons-le-Saunier ?,Épinal,Lons-le-Saunier,34
249,VALID,quel est le meilleur train de carcassonne à laon ?,Carcassonne,Laon,44
523,VALID,Je veux me rendre à Port-Boulet depuis Valence par le train,Valence,Port-Boulet,73
3473,INVALID,Statistiquess  météo Toul ,,,204
1573,VALID,Billet de train Bourg-en-Bresse Aix-en-Provence pour aujourd'hui,Bourg-en-Bresse,Aix-en-Provence,40
384,VALID,Je dois être à Florence avant midi en partant de Tarbes,Tarbes,Florence,88
261,VALID,je veux un train avec prises électriques albi bourgoin-jallieu,Albi,Bourgoin-Jallieu,146
322,VALID,Je veux me rendre à Montivilliers depuis Bolbec par le train,Bolbec,Montivilliers,73
1511,VALID,Je veux ller de Saint-Quentin à Oonanx,Saint-Quentin,Oyonnax,1
3729,VALID,y a-t-il un train dans l'heure de beauvais vers villeurbanne ?,Beauvais,Villeurbanne,80
3185,INVALID,Services de santé Saint-Malo,,,271
2372,INVALID,Statistiques économiques Bourgoin-Jallieu,,,272
1772,VALID,Y a-t-il un train vers midi de Auray à Aurillac ?,Auray,Aurillac,137
2736,INVALID,Services municipaux Lannion,,,259
1395,VALID,Je veux un billet flexible Vierzon Montélimar,Vierzon,Montélimar,114
980,VALID,Y a-t-il un train rapide sans arrêt Cholet Maubeuge ?,Cholet,Maubeuge,113
1795,INVALID,carte des routes montélimar,,,223
3883,INVALID,quartiers historiques challans,,,227
2200,INVALID,Guide pratique Toul,,,229
797,VALID,Je cherche un train dimanche de Orléans à Versailles,Orléans,Versailles,132
486,VALID,Quel est le meilleur train de Mulhouse à Melun ?,Mulhouse,Melun,44
1064,VALID,Je dois aller à Créteil en partant de Mende en train,Mende,Créteil,128
1081,VALID,Billet aller simple en train Toul Cherbourg,Toul,Cherbourg,70
2869,INVALID,Parc célèbre à Albi,,,203
1186,VALID,Combien de temps dure le trajet en train de Modane à Aix-les-Bains ?,Modane,Aix-les-Bains,60
1818,INVALID,cartographie évry,,,237
3405,INVALID,Quartiers historiques Port-Boulet,,,227
292,VALID,Je dois aller à Étampes en partant de Saint-Brieuc en train,Saint-Brieuc,Étampes,128
483,VALID,Je dois voyager en train de Caen vers Limoges mercrei,Caen,Limoges,136
665,VALID,Je planifie un voyage en train de Douai vers Port-Boulet,Douai,Port-Boulet,49
1973,INVALID,nancy ou montivilliers pour les vacances ?,,,157
2270,INVALID,Cartographie Orléans,,,237
1956,INVALID,quelle est la population de le havre ?,,,22
896,VALID,Je veux acheter un billet de train Soissons Mende,Soissons,Mende,83
1014,VALID,Y a-t-il un train de nuit entre Florence et Saumur ?,Florence,Saumur,149
3006,INVALID,Population étudiante Lourdes,,,193
147,VALID,je veux partir après le déjeuner de châteauroux pour loches,Châteauroux,Loches,134
1345,VALID,Y a-t-il des trains disponibles de Lisieux à Niort ?,Lisieux,Niort,50
3062,INVALID,Guide touristique Annecy,,,183
2592,INVALID,Zones industrielles Douai,,,231
1206,VALID,Train de fin de matinée Bourg-en-Bresse Béthune,Bourg-en-Bresse,Béthune,131
3954,INVALID,Quartiers modernes Angouleme,,,244
629,VALID,Fontenay-le-Comte Évreux pour demain,Fontenay-le-Comte,Évreux,6
2048,INVALID, zones touirsique svilleurbanne,,,249
2689,INVALID,Services des  anté Lorient,,,271
2941,INVALID,Monument célèbre à Sens,,,188
3329,INVALID,Poitiers est une belle ville,,,18
1397,VALID,Je dois me déplacer en train de Saint-Nazaire vers Toulon mardi,Saint-Nazaire,Toulon,120
3625,INVALID,Photo de Versailles,,,177
3899,VALID,je veux aller de elbeuf a chalons-en-champagne,Elbeuf,Châlons-en-Champagne,1
42,VALID,je dois me rendre à lisieux depuis perpignan en tgv,Perpignan,Lisieux,144
3832,VALID,je cherche un train pour la semaine prochaine de evry a fontainebleau,Évry,Fontainebleau,106
857,VALID,Je dois aller à Versailles en partant de Vierzon en train,Vierzon,Versailles,128
4007,VALID,Je dois voyager en train de Romans-sur-Isere vers Reims mercredi,Romans-sur-Isère,Reims,136
3069,INVALID,Le maire de Blois,,,24
526,VALID,Billet de train Évreux Dijon pour aujourd'hui,Évreux,Dijon,40
3622,INVALID,Carte météo Tourrss,,,251
1218,VALID,Train express de Pontivy vers Rennes,Pontivy,Rennes,139
3992,VALID,Je dois aller a Strasbourg en partant de Colmar en train,Colmar,Strasbourg,128
1245,VALID,Y a-t-il un train de nuit entre Auxerre et Orléans ?,Auxerre,Orléans,149
2221,INVALID,Restaurant à Épernay,,,25
3390,INVALID,Services municipaux Alençon,,,259
2683,INVALID,Hôtel pas cher à Amiens,,,170
2631,INVALID,Restaurant à Chambéry,,,159
1894,INVALID,population urbaine auxerre,,,266
2570,INVALID,Espaces verts Marseille,,,239
2618,INVALID,Informations locales Mulhouse,,,241
1938,INVALID,écoles à courbevoie,,,213
1287,VALID,Je dois prendre un train de Besançon à Fécamp lundi,Besançon,Fécamp,96
2007,INVALID,caen est une belle ville,,,18
2237,INVALID,Statistiques économiques Niort,,,272
3708,VALID,quelle est la frequence des trains granville vesoul ?,Granville,Vesoul,72
3712,INVALID,zones touristiques carcassonne,,,249
1576,VALID,Y a-t-il un départ vers 14h de Nancy pour Mende ?,Nancy,Mende,117
2080,INVALID,Événements sportifs Granville,,,250
1112,VALID,Je veux un billet flexible La Rochelle Évry,La Rochelle,Évry,114
1038,VALID,Je cherche le train le moins cher de Oyonnax à Le Puy-en-Velay,Oyonnax,Le Puy-en-Velay,54
3316,INVALID,Carte des routes Lisieux,,,223
2988,INVALID,Mon ami vit à Nanterre et moi à Amboise,,,154
679,VALID,Premier train Évreux Bourg-en-Bresse,Évreux,Bourg-en-Bresse,41
548,VALID,Train matinal de Rodez vers Alençon,Rodez,Alençon,115
418,VALID,Train avec le moins de correspondances Le Puy-en-Velay Brest,Le Puy-en-Velay,Brest,55
1057,VALID,Je dois voyager en train de Arras vers Angers mercredi,Arras,Angers,136
3101,INVALID,Statistiques météo Valence,,,204
3736,INVALID,informations generales fougeres,,,275
945,VALID,Train quotidien Aubenas Ajaccio,Aubenas,Ajaccio,107
3692,INVALID,hotl disponible a villeurbanne,,,163
2915,INVALID,Transport urbain Périgueux,,,258
118,VALID,je réserve un train de cholet à saint-brieuc,Cholet,Saint-Brieuc,26
3596,INVALID,Climat de Orange,,,186
2244,INVALID,Plages proches de Aix-en-Provence,,,181
3310,INVALID,Associations à Cherbourg,,,207
2124,INVALID,Cinéma à Périgueux,,,216
1549,VALID,Je veux partir de Arras à Saint-Malo en première classe,Arras,Saint-Malo,142
1464,VALID,Train de Montivilliers à Chalon-sur-Saône cet après-midi,Montivilliers,Chalon-sur-Saône,59
2457,INVALID,Toul est une belle ville,,,18
2660,INVALID,Informations pratiques Bastia,,,256
1761,VALID,Y a-t-il un train toutes les deux heures de Blois à Reims ?,Blois,Reims,145
2135,INVALID,Je suis né à Nantes,,,185
1232,VALID,Train avec peu de correspondances de Segré vers Mulhouse,Segré,Mulhouse,127
804,VALID,Train régonal de Vierzoà Roubaix ,Vierzon,Roubaix,87
590,VALID,Je cherche le train le moins cher de Châteaubriant à Hazebrouck,Châteaubriant,Hazebrouck,54
2330,INVALID,Festival à Marseille,,,189
1085,VALID,Train avec wifi de Bolbec à Châlons-en-Champagne,Bolbec,Châlons-en-Champagne,111
2226,INVALID,Musée célèbre à Chambér,,,166
135,VALID,je dois faire angoulême saint-dizier en train,Angoulême,Saint-Dizier,102
3987,VALID,Comment me rendre a Amboise depuis Nevers ?,Nevers,Amboise,3
3957,VALID,Premier train Marseille Rouen,Marseille,Rouen,41
3300,INVALID,Université à Albi,,,179
1673,VALID,Je cherche un train pour demain de Périgueux à Chalon-sur-Saône,Périgueux,Chalon-sur-Saône,75
1728,VALID,À quelle heure arrive le train à Grenoble depuis Mâcon ?,Mâcon,Grenoble,48
1636,VALID,Je dois voyager de Douai à Caen ce week-end,Douai,Caen,77
1184,VALID,Quel train me conseillez-vous de Lons-le-Saunier à Montivilliers ?,Lons-le-Saunier,Montivilliers,53
2535,INVALID,Zones commerciales Argenteuil,,,263
2120,INVALID,Langue parlée à Saint-Brieuc,,,175
2593,INVALID,Statistiques météo Dole,,,204
1279,VALID, Y a-t-il un départ vers 14h de Alençon pour Tours ?,Alençon,Tours,117
2654,INVALID,Immobilier à Auxerre,,,208
2308,INVALID,Activités culturelles Concarneau,,,247
2393,INVALID,Concert prévu à Pau,,,174
2430,INVALID,Zones industrielles Saint-Malo,,,231
924,VALID,Y a-t-il un train vers 10h de Saint-Quentin à Avignon ?,Saint-Quentin,Avignon,129
1488,VALID,Quel train me conseillez-vous de Fécamp à Biarritz ?,Fécamp,Biarritz,53
3483,INVALID,Zones rurales Cannes,,,243
3431,INVALID,Restaurant à Orange,,,25
4105,VALID,Train avec wifi de Montivilliers a Tourcoing,Montivilliers,Tourcoing,111
3720,INVALID,je vis a tourcoing,,,168
2966,INVALID,Architecture de Nice,,,198
150,VALID,prochain tgv de béziers pour chartres,Béziers,Chartres,95
1447,VALID,Un billet pour le train Évry Le Mans,Évry,Le Mans,51
2892,INVALID,Mon mai vit à Le Puy-en-Velay et moi à Nîmes,,,154
2847,INVALID,Marchés hebdomadaires Angers,,,238
79,VALID,je cherche un train après 18h de dunkerque vers aubenas,Dunkerque,Aubenas,98
3203,INVALID,Statistiques démographiques Blois,,,245
375,VALID,Je veux me rendràà Fontinebleau depui sTours par le train,Tours,Fontainebleau,73
3875,INVALID,journaux locaux saumur,,,192
1784,INVALID,code postal antibes,,,176
1437,VALID,Train avec restauration de Évreux à Paris,Évreux,Paris,135
2725,INVALID,Événements sportifs Nancy,,,250
3869,VALID,je prends le train de vannes a niort,Vannes,Niort,61
555,VALID,Je veux un train confortable de Compiègne à Moulins,Compiègne,Moulins,69
1295,VALID,Je dois me déplacer en train de Grenoble vers Marseille mardi,Grenoble,Marseille,120
3160,INVALID,Zones tourristiques Orange,,,219
2038,INVALID,associations à amiens,,,207
394,VALID,Un aller simple Perpignan Clermont-Ferrand,Perpignan,Clermont-Ferrand,10
1374,VALID,Train avec peu de monde de Antibes à Provins,Antibes,Provins,97
3520,INVALID,Services municipaux Annemasse,,,259
2657,INVALID,Clermont-Ferrand est une belle ville,,,153
2368,INVALID,Tranprrts locaux Boulogne-Billancourt,,,273
1335,VALID,Je cherche un train pour la semaine prochaine de Vitré à Albert,Vitré,Albert,106
3389,INVALID,Je vis à Bordeaux,,,168
1285,VALID,Quelle est la durée du trajet en train de Boulogne-Billancourt à Nevers ?,Boulogne-Billancourt,Nevers,31
3189,INVALID,J'habite actuellement à Charleville-Mézières,,,161
2051,INVALID,activités sportvse châtaeubriant,,,264
3048,INVALID,Photos aériennes Romans-sur-Isère,,,211
3060,INVALID,Écoles à Berck,,,213
82,VALID,y a-t-il un train de nuit entre dinan et berck ?,Dinan,Berck,149
1089,VALID,Y a-t-il un train vers midi de Fougères à Segré ?,Fougères,Segré,137
389,VALID,Je dois me rendre de Amboise à Clermont-Ferrand,Amboise,Clermont-Ferrand,7
1749,VALID,Je cherche un trajet en train de Biarritz vers Morlaix,Biarritz,Morlaix,30
2619,INVALID,Informations trafic Chartres,,,260
3630,INVALID,Associations locales Lille,,,236
89,VALID,train de fin de journée manosque vers lorient,Manosque,Lorient,147
2785,INVALID,Associations à Charleville-Mézières,,,207
596,VALID,Départ Loches arrivée Grenoble,Loches,Grenoble,15
1266,VALID,Y a-t-il des réductions sur le train Romans-sur-Isère Roubaix ?,Romans-sur-Isère,Roubaix,99
1987,INVALID,patrimoine culturel roubaix,,,232
2015,INVALID,musée à vsiter à saint-ome,,,172
80,VALID,train en milieu de journée évreux charleville-mézières,Évreux,Charleville-Mézières,101
2807,INVALID,Patrimoine culturel Marseille,,,232
3184,INVALID,Meilleur moment pour visiter Créteil,,,197
31,VALID,y a-t-il des trains vers angoulême au départ de argenteuil ?,Argenteuil,Angoulême,4
1379,VALID,Je cherche un train pour la semaine prochaine de Toul à Orange,Toul,Orange,106
2692,INVALID,Associations locales Boulogne-sur-Mer,,,236
3542,INVALID,Calendrier événements Morlaix,,,248
3909,INVALID,Centres commerciaux Saint-Omer,,,226
3105,INVALID,Quel temps fait-il à Montivilliers ?,,,16
728,VALID,Je veux rréserver une place dans le train  Toul Morlaix ,Toul,Morlaix,90
4037,VALID,Train quotidien Nantes Aurillac,Nantes,Aurillac,107
1042,VALID,Je souhaite prendre un train en début d'après-midi de Boulogne-Billancourt à Pau,Boulogne-Billancourt,Pau,110
3837,INVALID,associations locales bethune,,,236
1383,VALID,Je dois être à Antibes avant midi en partant de Clisson,Clisson,Antibes,88
3413,INVALID,Oyonnax est une belle ville,,,18
2677,INVALID,Saint-Nazaire est une belle ville,,,153
307,VALID,Y a-t-il un train vers midi de Angers à Lunéville ?,Angers,Lunéville,137
895,VALID,Je cherchee un train après 18hde Annemasse vers Strasbourg,Annemasse,Strasbourg,98
2287,INVALID,Patrimoine culturel Alençon,,,232
3056,INVALID,Informations locales Louviers,,,241
294,VALID,Je veux un train avec prises électriques Bar-le-Duc Épinal,Bar-le-Duc,Épinal,146
363,VALID,Train pour Annemasse au départ de Lille,Lille,Annemasse,91
2681,INVALID,Informations trafic Romans-sur-Isère,,,260
1177,VALID,Y a-t-il nu départ tôt demain de Digne-lles-Bains vers Nîmes ?,Digne-les-Bains,Nîmes,125
642,VALID,Je dois mer endre à Épial depuis Saint-Étiene en TGV,Saint-Étienne,Épinal,144
1458,VALID,Je veux acheter un billet de train Lons-le-Saunier Boulogne-Billancourt,Lons-le-Saunier,Boulogne-Billancourt,83
3472,INVALID,Métééo actuelle   àVesoul,,,167
517,VALID,Combien de temps dure le trajet en train de Dunkerque à Béziers ?,Dunkerque,Béziers,60
2322,INVALID,Guide local Vitré,,,269
1966,INVALID,écoles à valence,,,213
1482,VALID,J esouhaite prtir en milieu de matinée de Auch vers Metz,Auch,Metz,92
3744,VALID,y a-t-il un depart tot demain de nancy vers toulouse ?,Nancy,Toulouse,125
3817,VALID,comment rejoindre aubenas depuis chartres en train ?,Chartres,Aubenas,38
3666,INVALID,Meilleur moment pour visiter Manosque,,,197
1427,VALID,Je réserve un train de Tourcoing à Colmar,Tourcoing,Colmar,26
1807,INVALID,code postal bourges,,,176
3783,VALID,combien de temps dure le trajet en train de briancon a lens ?,Briançon,Lens,60
354,VALID,Train en fin d'après-midi Lannion Dijon,Lannion,Dijon,76
1471,VALID,Je dois aller de Cholet à Langres ce soir,Cholet,Langres,39
881,VALID,Un billet pour le train Moulins Pontoise,Moulins,Pontoise,51
1093,VALID,Je dios  perndre le trai de Vendôme pour Chartres,Vendôme,Chartres,45
1901,INVALID,associations à poitiers,,,207
1238,VALID,Y a-t-il un départ en soirée de Segré pour Annemasse ?,Segré,Annemasse,141
902,VALID,Je veux un billet flexible Nice Biarritz,Nice,Biarritz,114
1027,VALID,Prochain TGV  de Dunkerque opurElbeuf,Dunkerque,Elbeuf,95
1813,INVALID,statistiques locales quimper,,,261
2232,INVALID, Shopping à Bayonne,,,182
3506,INVALID,Immobilier à Évry,,,208
1331,VALID,Billet de train aller-retour Montbéliard Maubeuge,Montbéliard,Maubeuge,78
1566,VALID,Je cherche un train Orléans Privas,Orléans,Privas,14
2441,INVALID,Associations locales Soissons,,,236
3346,INVALID,Guide touristique Paris,,,183
2069,INVALID,Population étudiante Le Havre,,,193
229,VALID,je veux partir après le déjeuner de mulhouse pour charleville-mézières,Mulhouse,Charleville-Mézières,134
2052,INVALID,zones touristiques perpignan,,,219
140,VALID,y a-t-il un tgv calais nantes ?,Calais,Nantes,34
2078,INVALID,Statistiques locales Créteil,,,261
356,VALID,Je veux acheter mon billet pour le train Montreuil Évreux,Montreuil,Évreux,118
928,VALID,Train de fin de journée Chinon vers Béthune,Chinon,Béthune,147
359,VALID,Y a-t-il un départ en soirée de Vienne pour Tours ?,Vienne,Tours,141
829,VALID,Je souhaite voyager de Segré ers Toulon,Segré,Toulon,5
2390,INVALID,Université à Blois,,,179
884,VALID,Train quotidien Calais Cherbourg,Calais,Cherbourg,107
3812,INVALID,carte des routes chateaubriant,,,223
3263,INVALID,Statistiques emploi Hazebrouck,,,225
2108,INVALID,Je suis né à Troyes,,,185
2343,INVALID,Shopping à Le Havre,,,182
2816,INVALID,Plan de ville Manosque,,,206
4106,VALID,Y a-t-il un depart en deutd e soiree de Bercck pour LaRhcelle ?,Berck,La Rochelle,85
390,VALID,Prochain train pour Chinon depuis Épinal,Épinal,Chinon,13
2496,INVALID,Bibliothèque à Fougères,,,212
3895,VALID,je cherche u ntrain pour demain de langres a cherbourg,Langres,Cherbourg,75
875,VALID,Comment me rendre à Albert depuis Port-Boulet ?,Port-Boulet,Albert,3
706,VALID,Quel est le prix du billet de train Le Mans Loches ?,Le Mans,Loches,105
3571,INVALID,Office postal Bourges,,,221
944,VALID,Je veux partir de Béthune et descendre à Saint-Étienne,Béthune,Saint-Étienne,108
362,VALID,Je planifie un voyage en train de Lisieux vers Langres,Lisieux,Langres,49
278,VALID,Je pends le train de Luunéville àDunkerque,Lunéville,Dunkerque,61
696,VALID,Train en fin d'après-midi Ancenis Châteaubriant,Ancenis,Châteaubriant,76
578,VALID,Je veux réserver pour le train de Saint-Denis vers Les Sables-d'Olonne,Saint-Denis,Les Sables-d'Olonne,130
2099,INVALID,Mâcon est une belle ville,,,18
759,VALID,Je dois faire Valenciennes Arras en train,Valenciennes,Arras,102
2648,INVALID,Activités nocturnes Cholet,,,255
1499,VALID,Comment rejoindre Lille depuis Amboise en train ?,Amboise,Lille,38
2875,INVALID,Événements culturels Bourg-en-Bresse,,,268
619,VALID,Je veux le prochain départ en train de Lisieux pour Le Havre,Lisieux,Le Havre,122
3710,VALID,je souhaite partir de chaumont et arriver a amboise,Chaumont,Amboise,81
1209,VALID,Train matinal de Saint-Quentin vers Niort,Saint-Quentin,Niort,115
161,VALID, tarin avec restauration de tours à orange,Tours,Orange,135
472,VALID,Je vais de Montpellier à Évry en train,Montpellier,Évry,52
3711,INVALID,quelle est la population de bethune ?,,,155
1507,VALID,Je cherche un train jeudi de Vitré à Saint-Quentin,Vitré,Saint-Quentin,140
1493,VALID,Quel train me conseillez-vous de Vitry-le-François à Pau ?,Vitry-le-François,Pau,53
805,VALID,Train avec peu de monde de Chartres à Louviers,Chartres,Louviers,97
3605,INVALID,Carte des routes Pontarlier,,,223
2353,INVALID,Bonjour,,,21
2584,INVALID,La distance entre Ancenis et Saintt-Quentn,,,20
1130,VALID,Je veux un billet flexible Abbeville Béziers,Abbeville,Béziers,114
2946,INVALID,Monuments historiques Saint-Nazaire,,,214
2902,INVALID,Le maire de Orange,,,158
2001,INVALID,patrimoine culturel gap,,,232
2389,INVALID,Musée célèbre à Lannion,,,166
3881,VALID,quel est l'horaire du prochain train evreux thonon-les-bains ?,Évreux,Thonon-les-Bains,64
1858,INVALID,meilleur moment pour visiter chartres,,,197
1721,VALID,eJ vexu réserver une place dans letran Bastia Concarneau,Bastia,Concarneau,90
711,VALID,Je cherche un train pour demain de Oyonnax à Nancy,Oyonnax,Nancy,75
3830,VALID,y a-t-il un tgv albert evreux ?,Albert,Évreux,34
28,VALID,je voudrais aller de soissons à mende en tgv,Soissons,Mende,47
189,VALID,y a-t-il un départ tôt demain de amiens vers bourges ?,Amiens,Bourges,125
3626,INVALID,Zones touristiques Reims,,,219
799,VALID,Train de début de soirée CobevoieR nness,Courbevoie,Rennes,123
3579,INVALID,Quartier sûr à Courbevoie,,,190
993,VALID,Y a-t-il un train rapide sans arrêt Tarbes Caen ?,Tarbes,Caen,113
1663,VALID,Je cherche un trajet en train de Saint-Étienne vers Évreux,Saint-Étienne,Évreux,30
1320,VALID,Je veux un train avec prises électriques Chaumont Orléans,Chaumont,Orléans,146
4013,INVALID,Meteo actuelle a Roubaix,,,167
334,VALID,Train du matin Clisson Fontainebleau,Clisson,Fontainebleau,29
3342,INVALID,Je suis né à Lannion,,,185
1368,VALID,Je planifie un voyage en train de Fontainebleau vers Béthune,Fontainebleau,Béthune,49
987,VALID,Je voudrais connaître les horaires de train de Meaux à Modane,Meaux,Modane,67
2490,INVALID,Shopping à Calais,,,182
2134,INVALID,Poto de Saint-Dizier,,,177
1319,VALID,Train avec peu de correspondances de Toulon vers Brest,Toulon,Brest,127
1297,VALID,Prochain train pour Annecy depuis Pontarlier,Pontarlier,Annecy,13
2727,INVALID,Actualités à Port-Boulet,,,178
569,VALID,Je veux voyager confortablement de Bolbec vers Lisieux,Bolbec,Lisieux,104
3892,INVALID,je suis ne a nanterre,,,185
3680,INVALID,Office postal Tours,,,221
3420,INVALID,Concert prévu à Toulon,,,174
3974,VALID,Train avec wifi de Boulogne-sur-Mer a Niort,Boulogne-sur-Mer,Niort,111
1846,INVALID,journaux locaux périugeux,,,192
1365,VALID,Je dois faire Étampes Nevers en train,Étampes,Nevers,102
3335,INVALID,Centres culturels Vernon,,,254
1155,VALID,Train quotidien Dole Albert,Dole,Albert,107
158,VALID,combien de temps dure le trajet en train de saint-quentin à verdun ?,Saint-Quentin,Verdun,60
2778,INVALID,Espaces verts Florence,,,239
856,VALID,Y a-t-il un départ vers 14h de Saint-Denis pour Les Sables-d'Olonne ?,Saint-Denis,Les Sables-d'Olonne,117
478,VALID,Y a-t-il des trains disponibles de Évreux à Vendôme ?,Évreux,Vendôme,50
75,VALID,prochain départ de pontoise pour les sables-d'olonne,Pontoise,Les Sables-d'Olonne,27
1538,VALID,Train matinal de Lunéville vers Elbeuf,Lunéville,Elbeuf,115
1222,VALID,Train avec le moinss de correspondances Dieppe Montpellier,Dieppe,Montpellier,55
2098,INVALID,Carte postale Saint-Brieuc,,,196
3734,INVALID,carte meteo vendome,,,191
262,VALID,y a-t-il un train toutes les heures de yvetot à toulouse ?,Yvetot,Toulouse,89
3811,VALID,train matinal de lisieux vers fougeres,Lisieux,Fougères,115
3557,INVALID,Offres d'emploi Montargis,,,246
270,VALID,À quelle heure arive lee train à Modane depuis oMntivillliers ?,Montivilliers,Modane,48
2897,INVALID,Carte scolaire Agen,,,230
3935,VALID,Prochain train pour Tourcoing depuis Mende,Mende,Tourcoing,13
1357,VALID,Y a-t-il un TGV direct Orléans Beauvais ?,Orléans,Beauvais,93
2561,INVALID,J'habite actuellement à Rodez,,,161
2062,INVALID,Carte météo Évreux,,,191
685,VALID, Je doiss prenddre le train de Abebville pour Angoulême,Abbeville,Angoulême,45
15,VALID,billet aller simple en train brest montargis,Brest,Montargis,70
3786,VALID,je veux le train avec le meilleur confort bourg-en-bresse ajaccio,Bourg-en-Bresse,Ajaccio,138
2236,INVALID,Patrimoine culturel Saint-Omer,,,232
3253,INVALID,Climat de Moulins,,,186
3911,VALID,Y a-t-il des trains disponibles de Douai a Brest ?,Douai,Brest,50
3257,INVALID,Musée à visiter à Douai,,,172
2662,INVALID,Coût de la vie Saint-Dizier,,,209
3609,INVALID,Carte détaillée Montargis,,,265
133,VALID, quels sont les horaires de trin blois metz ?,Blois,Metz,8
276,VALID,Billet aller simple en rttain MelunL isieux,Melun,Lisieux,70
1954,INVALID,guide étudiant bourgoin-jallieu,,,201
946,VALID,Quelle est la durée du trajet en train de Saint-Denis à Privas ?,Saint-Denis,Privas,31
3491,INVALID,Challans est magnifique en été,,,162
154,VALID,y a-t-il un tgv direct albert châteaubriant ?,Albert,Châteaubriant,93
1102,VALID,Un billet de train pour aller de Berck à Granville,Berck,Granville,33
430,VALID,Premier train Cherbourg Verdun,Cherbourg,Verdun,41
3070,INVALID,Économie de Bar-le-Duc,,,199
215,VALID,je voudrais aller de vierzon à épinal en tgv,Vierzon,Épinal,47
248,VALID,je veux réserver une place dans le train cergy tours,Cergy,Tours,90
3281,INVALID,Population urbaine Tours,,,266
770,VALID,Je veux arriver à Saint-Nazaire depuis Gap,Gap,Saint-Nazaire,63
3861,VALID,billet de train epernay alencon pour aujourd'hui,Épernay,Alençon,40
3162,INVALID,Associations locales Besançon,,,236
3292,INVALID,Périgueux est une belle ville,,,18
1400,VALID,Train avec restauration de Le Havre à Dole,Le Havre,Dole,135
1426,VALID,Départ Biarritz arrivée Lens,Biarritz,Lens,15
3549,INVALID,Associations à Créteil,,,207
437,VALID,Billet e train aller-retour Rodez Orange,Rodez,Orange,78
3746,INVALID,carte detaillee annemasse,,,265
2256,INVALID,Transports locaux Boulogne-sur-Mer,,,273
3236,INVALID,Statistiques économiques  Saint-Bireuc,,,272
3665,INVALID,La distance entre Lannion et Romans-sur-Isère,,,276
780,VALID,Je vais de Gap à Vichy en train,Gap,Vichy,52
3782,VALID,je pars demain de vedrun vers colmar,Verdun,Colmar,37
3842,INVALID,toulouse est une belle ville,,,153
3487,INVALID,Architecture de Manosque,,,198
264,VALID,je cherche à aller de vitry-le-françois à aix-en-provence par le train,Vitry-le-François,Aix-en-Provence,116
4009,INVALID,La distance entreL angres et Fougeres,,,20
3876,INVALID,transport urbain romans-sur-isere,,,258
2982,INVALID,Événements sportifs Dinan,,,250
1770,VALID,Je veux partir en train e dCherbourg à Vallenciennes samedi,Cherbourg,Valenciennes,126
2266,INVALID,Transports locaux Montreuil,,,273
1438,VALID,Je veux comparer les horaires de train de Beauvais à Reims,Beauvais,Reims,94
2074,INVALID,Bibliothèque à Aix-en-Provence,,,212
99,VALID,je veux partir de vierzon à épernay en première classe,Vierzon,Épernay,142
1348,VALID,Je veux acheter mon billet pour le train Argenteuil Clisson,Argenteuil,Clisson,118
751,VALID,Je prends le train de Dunkerque à Saint-Malo,Dunkerque,Saint-Malo,61
898,VALID,Un billett Vity-leF-rançis Épernays 'il vous plaît,Vitry-le-François,Épernay,2
3171,INVALID,Zones commerciales Chartres,,,263
622,VALID,Je cherche un train pour demain de Angers à Nevers,Angers,Nevers,75
3855,INVALID,activites culturelles pontarlier,,,247
1302,VALID,Train avec wifi de Boulogne-Billancourt à Lens,Boulogne-Billancourt,Lens,111
2676,INVALID,Coût de la vie Aubenas,,,209
299,VALID,Je pars en train de Montargis vers Melun,Montargis,Melun,71
3430,INVALID,Centres de loisirs Saint-Dizier,,,262
1161,VALID,Je veux arriver à Lorient depuis Cergy,Cergy,Lorient,63
205,VALID,un billet lourdes vitry-le-rançois s'il vos plaît,Lourdes,Vitry-le-François,2
1840,INVALID,je travaille à cannes,,,165
597,VALID,Y a-t-il un TGV direct Créteil Vannes ?,Créteil,Vannes,93
1013,VALID,Je ddois voyager de Nantes à Châteaubriant vendredi,Nantes,Châteaubriant,112
2160,INVALID,Cartographie Vitré,,,237
1005,VALID,Je veux acheter un billet de train Montivilliers Fontainebleau,Montivilliers,Fontainebleau,83
3280,INVALID,Météo actuelle à Saint-Malo,,,167
2739,INVALID,Clermont-Ferrand est magnifique en été,,,162
2418,INVALID,MMarchés hebdomadaires Aix-les-aBiins,,,238
2856,INVALID, Activtés nocturnesB iarritz,,,255
3676,INVALID,Informations pratiques Marseille,,,256
1961,INVALID,statistiques emploi valence,,,225
3908,INVALID,Zones industrielles Antibes,,,231
3274,INVALID,Statistiques météo Nevers,,,204
1702,VALID,Train du matin Louviers Soissons,Louviers,Soissons,29
3966,VALID,Je veux reserver pour le train de Saint-Quentin vers Vierzon,Saint-Quentin,Vierzon,130
3044,INVALID,Journaux locaux Arras,,,192
3016,INVALID,Actualités à Béziers,,,178
1356,VALID,Y a--til nu Ouigo de BoulogneB-illnacourt vers Rennes ?,Boulogne-Billancourt,Rennes,109
1083,VALID,Prochain TGV de Manosque pour Béthune,Manosque,Béthune,95
1417,VALID,Auch Briançon pour demain,Auch,Briançon,6
3971,INVALID,Evenements locaux Lorient,,,228
1705,VALID,Train de fin de matinée Saint-Nazaire Sens,Saint-Nazaire,Sens,131
1830,INVALID,entreprise connue à évreux,,,180
1149,VALID,Train avec peu de monde de Créteil à Troyes,Créteil,Troyes,97
3658,INVALID,Activités sportives Hazebrouck,,,264
2749,INVALID,Offres d'emploi Manosque,,,246
1248,VALID,Je cherche le meilleur horaire de train Perpignan Boulogne-Billancourt,Perpignan,Boulogne-Billancourt,86
1111,VALID,Train express de Dunkerque vers Lunéville,Dunkerque,Lunéville,139
57,VALID,y a-t-il un ter yvetot pau ?,Yvetot,Pau,68
1660,VALID,Y a-t-il un TER Blois Soissons ?,Blois,Soissons,68
2606,INVALID,Quelle heure est-il à Dole ?,,,160
4,VALID,je voudrais aller de angoulême à saint-brieuc en tgv,Angoulême,Saint-Brieuc,47
2709,INVALID,Carte scolaire Besançon,,,230
2546,INVALID,Carte des quartiers Angoulême,,,267
393,VALID,Train matinal de Rouen vers Vichy,Rouen,Vichy,115
4050,INVALID,Calendrier evenements Toulouse,,,248
3372,INVALID,Photos aériennes Morlaix,,,211
750,VALID,Train quotidien Cherbourg Angers,Cherbourg,Angers,107
2279,INVALID,Théâtre à Cambrai,,,217
1151,VALID,Y a-t-il des trains disponibles de Lunéville à Lourdes ?,Lunéville,Lourdes,50
2916,INVALID,Bonjour,,,156
695,VALID,Je souhaite prendre un train en début d'après-midi de Angoulême à Rodez,Angoulême,Rodez,110
2995,INVALID,Meilleur moment pour visiter Aurillac,,,197
986,VALID, Je veux aller de Le Puy-en-Velay à  Bayonne,Le Puy-en-Velay,Bayonne,1
221,VALID,je pars de briançon direction auch,Briançon,Auch,12
3174,INVALID,Associations locales Thonon-les-Bains,,,236
1327,VALID,Je veux partir après le déjeuner de Châteaubriant pour Lannion,Châteaubriant,Lannion,134
2640,INVALID,Code postal Berck,,,176
897,VALID,Quel train me  consillez-vous de Chamont  à Limoges ?,Chaumont,Limoges,53
697,VALID,Train du matin Vesoul Compiègne,Vesoul,Compiègne,29
3076,INVALID,Entreprise connue à Beauvais,,,180
3446,INVALID,Hôtel disponible à Évreux,,,163
40,VALID,y a-t-il un train toutes les heures de saumur à vendôme ?,Saumur,Vendôme,89
1586,VALID,Train avec peu de correspondances de Chambéry vers Biarritz,Chambéry,Biarritz,127
699,VALID,Train avc peu dec orrespondances de Montbéliard vers Paris,Montbéliard,Paris,127
284,VALID,Y a-t-il un TGV direct Briançon Besançon ?,Briançon,Besançon,93
3865,INVALID, festival a limoges,,,189
44,VALID,je veux un train avec prises électriques châteauroux dinan,Châteauroux,Dinan,146
623,VALID,Je cherche à voyager de Pontarlier à Antibes en TER,Pontarlier,Antibes,148
1152,VALID,Je pars demain de Modane vers Manosque,Modane,Manosque,37
1247,VALID,Châteauroux Valence pour demain,Châteauroux,Valence,6
3969,VALID,Je voudrais partir de Epernay pour aller a Avranches,Épernay,Avranches,9
1519,VALID,Prochain TGV de Tarbes pour Dunkerque,Tarbes,Dunkerque,95
2576,INVALID,Entreprise connue à Paris,,,180
3017,INVALID,Carte de BBrest,,,169
3010,INVALID,Coût de la vie Le Havre,,,209
1689,VALID,Je dois aller à Béziers en partant de Briançon en train,Briançon,Béziers,128
727,VALID,Trajet de Lisieux vers Évreux,Lisieux,Évreux,11
3548,INVALID,Statistiques démographiques Romans-sur-Isère,,,245
33,VALID,je veux comparer les horaires de train de vienne à saumur,Vienne,Saumur,94
1105,VALID,Train de fin de journée Romans-sur-Isère vers Pontoise,Romans-sur-Isère,Pontoise,147
3242,INVALID,Zonees résidentiellles Tarbes,,,274
1068,VALID,Je veux le prochain départ en train de Montélimar pour Saint-Brieuc,Montélimar,Saint-Brieuc,122
443,VALID,Je cherche un train Fontainebleau Châteauroux,Fontainebleau,Châteauroux,14
807,VALID,Je dois faire Annemasse Chalon-sur-Saône en train,Annemasse,Chalon-sur-Saône,102
2125,INVALID,Zones rurales Strasbourg,,,243
1485,VALID,Train quotidien Pau Saint-Omer,Pau,Saint-Omer,107
1487,VALID,Train avec peu de correspondances de Épinal vers Maubeuge,Épinal,Maubeuge,127
3190,INVALID,Carte touristique de Romans-sur-Isère,,,164
125,VALID,je souhaite voyager de évreux vers toulon,Évreux,Toulon,5
2757,INVALID,Photo de Ancenis,,,177
1461,VALID,Train avec restauration de Charleville-Mézières à Blois,Charleville-Mézières,Blois,135
1935,INVALID,lorient est magnifique en été,,,162
2850,INVALID,Activités cultuerlles Villeurbanne,,,247
701,VALID, Qul train me ocnseillez-vous de Lourdes à Évreux ?,Lourdes,Évreux,53
2413,INVALID,Le maire de Roubaix,,,24
3092,INVALID,Ambassade à Brest,,,184
4020,INVALID,Services de sante Provins,,,271
3944,INVALID,Zones rurales Nantes,,,243
2024,INVALID,carte générale évreux,,,257
411,VALID,Je veux le train avec le meilleur confort Valence Agen,Valence,Agen,138
3943,INVALID,Hotel disponible a Orleans,,,163
1233,VALID,Train de fin de journée Angoulême vers Lyon,Angoulême,Lyon,147
3074,INVALID,Mon ami vit à Compiègne et moi à Aix-en-Provence,,,154
3960,INVALID,Population totale Granville,,,252
1321,VALID,Je réserve unt rain de Fontenay-le-Comte à Évry,Fontenay-le-Comte,Évry,26
1989,INVALID,statistiqes économiques mâcon,,,272
2148,INVALID,Hôpitaux à Aix-en-Provence,,,222
3371,INVALID,La distance entre Maubeuge et Carcassonne,,,20
3972,VALID,Y a-t-il un depart tot demain de Berck vers Rennes ?,Berck,Rennes,125
493,VALID,Je veux le train de Orélnas  àSaint-Étienne le plus tôt possiblee,Orléans,Saint-Étienne,100
2276,INVALID,Annecy est magnifique en été,,,162
2092,INVALID,Services publics Douai,,,234
3312,INVALID,Hôtel disponible à Concarneau,,,163
2249,INVALID,Services publics Moulins,,,234
3508,INVALID,Activités sportives Argenteuil,,,264
4055,VALID,Train du soir Chaumon Coonncarneau,Chaumont,Concarneau,66
329,VALID,Un aller simple Bastia Valenciennes,Bastia,Valenciennes,10
1289,VALID,Train quotidien Cannes Challans,Cannes,Challans,107
2958,INVALID,Carte détaillée Colmar,,,265
48,VALID,je dois faire châlons-en-champagne berck en train,Châlons-en-Champagne,Berck,102
1128,VALID,Y a-t-il un train rapide sans arrêt Lille Évreux ?,Lille,Évreux,113
3004,INVALID,Théâtre à Tarbes,,,217
90,VALID,train en milieu de journée louviers albertville,Louviers,Albertville,101
3771,INVALID,informations pratiques manosque,,,256
3678,INVALID,Mon ami vit à Lorient et moi à Évreux,,,19
1600,VALID,Train régional de Montpellier à Chaumont,Montpellier,Chaumont,87
3034,INVALID,Quel temps fait-il à Saint-Nazaire ?,,,16
1675,VALID,Train avec pe ude monde de Morlaxi à Éperny,Morlaix,Épernay,97
2503,INVALID,Musée à visiter à Saint-Quentin,,,172
2936,INVALID,Immobilier à Évreux,,,208
3643,INVALID,Événements locuax Avignon,,,228
892,VALID,Y a-t-il des réductions sur le train Montbéliard Chambéry ?,Montbéliard,Chambéry,99
3555,INVALID,Carte météo Sens,,,191
649,VALID,Train régional de Provins à Boulogne-sur-Mer,Provins,Boulogne-sur-Mer,87
2908,INVALID,Langue parlée à Bordeaux,,,175
792,VALID,Train en milieu de journée Granville Concarneau,Granville,Concarneau,101
3158,INVALID,Zones commerciales Loches,,,263
1658,VALID,Je souhaite voyager de Tours vers Concarneau,Tours,Concarneau,5
3347,INVALID,Statistiques emploi Albi,,,225
3907,VALID,Train avec restauration de Auch a Romans-sur-Isere,Auch,Romans-sur-Isère,135
735,VALID,Je veux un billet flexible Courbevoie Vernon,Courbevoie,Vernon,114
2600,INVALID,Vannes ou Tourcoing pour les vacances ?,,,157
496,VALID,Je cherche à aller de Bourges à Châlons-en-Champagne par le train,Bourges,Châlons-en-Champagne,116
302,VALID,Train de fin de journée Vichy vers La Rochelle,Vichy,La Rochelle,147
2848,INVALID,Théâtre à Biarritz,,,217
2255,INVALID,Ambassade à Saint-Malo,,,184
4031,INVALID,Carte des routes Florence,,,223
2204,INVALID,Immobilier à Lava,,,208
1681,VALID,Je cherche le meilleur horaire de train Saint-Étienne Épinal,Saint-Étienne,Épinal,86
1909,INVALID,carte historique versailles,,,210
1598,VALID,Je cherche un train pour demain de Châteaubriant à Digne-les-Bains,Châteaubriant,Digne-les-Bains,75
459,VALID,Billet aller simple en train Le Mans Auray,Le Mans,Auray,70
383,VALID,Train de Orléans à Pontivy cet après-midi,Orléans,Pontivy,59
3748,INVALID,informations locales creteil,,,241
1789,INVALID,hôtel disponible à concarneau,,,163
552,VALID,Y a-t-il un Ouigo de La Rochelle vers Oyonnax ?,La Rochelle,Oyonnax,109
1579,VALID,Je veux un train confortable de Aurillac à Alençon,Aurillac,Alençon,69
3289,INVALID,Populatioon totale Nevers,,,252
3334,INVALID,Étampes ou Digne-les-Bains pour les vacances ?,,,23
2384,INVALID,Actualités à Provins,,,178
3912,INVALID,Associations a Verdun,,,207
3897,VALID,je cherche a voyager de saint-dizier a digne-les-bains en ter,Saint-Dizier,Digne-les-Bains,148
603,VALID,Je veux un train confortable de Béthune à Grenoble,Béthune,Grenoble,69
1084,VALID,Je pars en train de Boulogne-sur-Mer vers Perpignan,Boulogne-sur-Mer,Perpignan,71
2904,INVALID,Quel temps fait-il à Montpellier ?,,,16
2929,INVALID,Monuments historiques Évry,,,214
3021,INVALID,Événements culturels Nevers,,,268
1219,VALID,Un billet de train pour aller de Langres à Montauban,Langres,Montauban,33
1249,VALID,Je cherche un train jeudi de Strasbourg à Dunkerque,Strasbourg,Dunkerque,140
2358,INVALID,Musée cééèlbreà Chartrres,,,166
3344,INVALID,Vichy ou Alençon pour les vacances ?,,,157
3369,INVALID,Je travaille à Châteaubriant,,,165
3467,INVALID,Hôtel disponible à Sens,,,163
391,VALID,Je prends le train de Fécamp à Châteaubriant,Fécamp,Châteaubriant,61
3751,INVALID,cinema a privas,,,216
1132,VALID,Je souhaite partir de Roubaix e arrriver à Lao,Roubaix,Laon,81
1736,VALID,Prochain départ de Dinan pour Pau,Dinan,Pau,27
845,VALID,Je cherche à voyager de Montreuil à Lens en TER,Montreuil,Lens,148
1159,VALID,Je dois faire Clermont-Ferrand Saint-Denis en train,Clermont-Ferrand,Saint-Denis,102
3141,INVALID,Offres d'emploi Antibes,,,246
37,VALID,y a-t-il un départ en début de soirée de bar-le-duc pour mâcon ?,Bar-le-Duc,Mâcon,85
3138,INVALID,Musée à viiter à Annemasse,,,172
3553,INVALID,Mon ami vit à Valenciennes et moi à Dinan,,,19
3145,INVALID,Centres sportifs Caen,,,235
3509,INVALID,Guide touristique Agen,,,183
1868,INVALID,informations trafic albi,,,260
3208,INVALID,Je suis né à Avignon,,,185
3442,INVALID,Statistiques démographiques Chaumont,,,245
1260,VALID,Mulhouse Vesoul pour demain,Mulhouse,Vesoul,6
1662,VALID,Je veux le train le plus rapide de Aurillac à Auxerre,Aurillac,Auxerre,79
1483,VALID,À quelle heure arrive le train à Évreux depuis Granville ?,Granville,Évreux,48
2088,INVALID,Espaces verts Besançon,,,239
3213,INVALID,Shopping à Albertville,,,182
757,VALID,Je cherche le meilleur horaire de train Dieppe Lens,Dieppe,Lens,86
3131,INVALID,Histoire de Montpellier,,,171
4043,INVALID,Hotel pas cher a Fontainebleau,,,170
504,VALID,Je cherche le train le moins cher de Cannes à Pontarlier,Cannes,Pontarlier,54
2167,INVALID,Marché local Aix-les-Bains,,,202
564,VALID,Train avec wifi de Valene à Avignon,Valence,Avignon,111
2178,INVALID,Carte des routes Versailles,,,223
1145,VALID,Je veux le train le plus rapide de Belfort à Dieppe,Belfort,Dieppe,79
3996,INVALID,Cartographie Troyes,,,237
1713,VALID,Je veux un billet flexible Angers Montargis,Angers,Montargis,114
1049,VALID,Y a-t-il un train vers 10h de Quimper à Cholet ?,Quimper,Cholet,129
3023,INVALID,Actualités à Segré,,,178
3803,INVALID,je suis ne a chateaubriant,,,185
3477,INVALID,Informations locales Nevers,,,241
236,VALID,train de fin de journée montivilliers vers lyon,Montivilliers,Lyon,147
2123,INVALID,Événements locaux Port-Boulet,,,228
2867,INVALID,Météo actuelle à Poitiers,,,167
1798,INVALID,quelle est la population de boulogne-sur-mer ?,,,155
1888,INVALID,services publics boulogne-sur-mer,,,234
2614,INVALID,Carte météo Villeurbanne,,,251
3687,VALID,je planifie un voyage en train de acnenisv ers nie,Ancenis,Nîmes,49
1255,VALID,Train express de Oyonnax vers Cherbourg,Oyonnax,Cherbourg,139
2981,INVALID,Carte historique Saint-Malo,,,210
1665,VALID,Je veux arriverà Hazebrouck depuis Toulouse,Toulouse,Hazebrouck,63
2661,INVALID,Entreprise connue à Nevers,,,180
3318,INVALID,Briançon est une belle ville,,,18
2716,INVALID,Festival à Segré,,,189
3066,INVALID,Activités nocturnes Cholet,,,255
3629,INVALID,Quel temps fait-il à Moulins ?,,,151
787,VALID,Y a-t-il un train avant 8h de Mende à Chalon-sur-Saône ?,Mende,Chalon-sur-Saône,103
661,VALID,Je veux comparer les horaires de train de Cherbourg à Romans-sur-Isère,Cherbourg,Romans-sur-Isère,94
39,VALID,y a-t-il un départ en soirée de le puy-en-velay pour créteil ?,Le Puy-en-Velay,Créteil,141
3815,VALID,comment rejoindre fontenay-le-comte depuis romans-sur-isere en train ?,Romans-sur-Isère,Fontenay-le-Comte,38
108,VALID,je veux acheter mon billet pour le train digne-les-bains privas,Digne-les-Bains,Privas,118
88,VALID,je souhaite réserver un train de yvetot vers angoulême,Yvetot,Angoulême,58
450,VALID,Y a-t-il nu train dans l'heure de Fontenay-le-Comte versC annes ?,Fontenay-le-Comte,Cannes,80
3767,VALID,train avec peu de monde de versailles a le puy-en-velay,Versailles,Le Puy-en-Velay,97
3732,INVALID,quelle heure est-il a lisieux ?,,,160
2890,INVALID,Guide local Créteil,,,269
1494,VALID,Comment me rendre à Bastia depuis Chambéry ?,Chambéry,Bastia,3
2769,INVALID,Zones touristiques Lunéville,,,219
3270,INVALID,La distance entre Dunkerque et Villeurbanne,,,276
2685,INVALID,Guide pratique Perpignan,,,229
3051,INVALID,Quelle est la  population de Évvreux ?,,,155
846,VALID,Comment rejoindre Dunkerque depuis Auray en train ?,Auray,Dunkerque,38
2719,INVALID,Carte des quartiers Biarritz,,,267
923,VALID,Je veux un train confortable de Louviers à Belfort,Louviers,Belfort,69
3925,VALID,Je veux partir en milieu de soiree de Evreux pour Vitry-le-Francois,Évreux,Vitry-le-François,150
1550,VALID,Comment rejoindre Fougères depuis Sens en train ?,Sens,Fougères,38
3585,INVALID,Restaurant à Annemasse,,,25
1251,VALID,Je veux partir en train de Chartres à Vesoul samedi,Chartres,Vesoul,126
1750,VALID,Y a-t-il un Ouigo de Avranches vers Bar-le-Duc ?,Avranches,Bar-le-Duc,109
3378,INVALID,Agenda culturel Bourges,,,233
1615,VALID,Je veux le prochain départ en train de Pau pour Besançon,Pau,Besançon,122
156,VALID,je veux voyager confortablement de bourg-en-bresse vers bar-le-duc,Bourg-en-Bresse,Bar-le-Duc,104
2011,INVALID,statistiques météo compiègne,,,204
3458,INVALID,Photos aciennes Maubeuge,,,200
545,VALID,Je réserve un train de Dinan à Bar-le-Duc,Dinan,Bar-le-Duc,26
3159,INVALID,Bourgoin-Jallieu est magnifique en été,,,162
1720,VALID,Y a-t-il un train vers midi de Clermont-Ferrand à Perpignan ?,Clermont-Ferrand,Perpignan,137
3504,INVALID,Hôpitaux à Avranche,,,222
1919,INVALID,la distance entre rodez et biarritz,,,276
3507,INVALID,Mon ami vit à Aurillac et moi à Meaux,,,19
2957,INVALID,Guide urbain Ajaccio,,,253
2472,INVALID,Tourcoing est une belle ville,,,18
3743,VALID,je cherche un train jeudi de dieppe a fontenay-le-cmte,Dieppe,Fontenay-le-Comte,140
1726,VALID,Y a-t-il un train de nuit entre Béthune et Tourcoing ?,Béthune,Tourcoing,149
203,VALID,quels sont les horaires de train amiens briançon ?,Amiens,Briançon,8
3932,VALID,Quel train prendre pour aller de Laval a Lannion ?,Laval,Lannion,84
3513,INVALID,Bibliothèque à Amboise,,,212
3813,INVALID,activites nocturnes roubaix,,,255
326,VALID,Je souhaite réserver un train de Lens vers Tourcoing,Lens,Tourcoing,58
3220,INVALID,Le maire de Nîmes,,,24
2963,INVALID,Musée à visiter à Villeurbanne,,,172
900,VALID,Trajet de Clermont-Ferrand vers Metz,Clermont-Ferrand,Metz,11
1870,INVALID,carte générale reims,,,257
3298,INVALID,Je travaille à Auch,,,165
2318,INVALID,Quel temps fait-il à Fontenay-le-Comte ?,,,151
3809,INVALID,informations generales laval,,,275
2129,INVALID,Cinéma à Montbéliard,,,216
541,VALID,Je veux voyager confortablement de Montpellier vers Grenoble,Montpellier,Grenoble,104
594,VALID,Train direct sans correspondance Amiens Saint-Brieuc,Amiens,Saint-Brieuc,82
3396,INVALID,Je travaille à Vannes,,,165
460,VALID,Je veux partir de Vitré à Compiègne en première classe,Vitré,Compiègne,142
4003,VALID,Je souhaite prendre le train de Pau pour Pontarlier,Pau,Pontarlier,32
1547,VALID,Train régional de Tours à Moulins,Tours,Moulins,87
3816,VALID,y a-t-il un train avant 8h de poitiers a montauban ?,Poitiers,Montauban,103
1198,VALID,Y a-t-il un train vers 10h de Elbeuf à Dunkerque ?,Elbeuf,Dunkerque,129
1481,VALID,Quel train prendre pour aller de Lens à Chambéry ?,Lens,Chambéry,84
2922,INVALID,Activités sportives Langres,,,264
705,VALID,Je planifie un voyage en train de Étampes vers Maubeuge,Étampes,Maubeuge,49
308,VALID,Je veux un train confortable de Montbéliard à Meaux,Montbéliard,Meaux,69
4073,VALID,Perpignan Nevers pour demain,Perpignan,Nevers,6
2793,INVALID,Informations générales Fontenay-le-Comte,,,275
688,VALID,Je souhaite partir de Chalon-sur-Saône et arriver à Niort,Chalon-sur-Saône,Niort,81
1390,VALID,Train avec peu de correspondances de Vendôme vers Verdun,Vendôme,Verdun,127
3432,INVALID,Quelle est la population de Albi ?,,,22
429,VALID, Derrnieer train ed Buolognes-ur-Mer vers Blois,Boulogne-sur-Mer,Blois,42
853,VALID,Je veux un train confortable de Montpellier à Le Mans,Montpellier,Le Mans,69
2853,INVALID,Le maire de Romans-sur-Isère,,,158
1655,VALID,Train en fin d'après-midi Challans Compiègne,Challans,Compiègne,76
1557,VALID,Je veux le train de Rouen à Nantes le plus tôt possible,Rouen,Nantes,100
1931,INVALID,photo de dinan,,,177
831,VALID,Train avec wifi de Aix-les-Bains à Port-Boulet,Aix-les-Bains,Port-Boulet,111
1088,VALID,Train de nuit Chaumont Arles,Chaumont,Arles,36
1484,VALID,Je cherche le meilleur horaire de train Langres Port-Boulet,Langres,Port-Boulet,86
3395,INVALID,Je suis né à Étampes,,,185
641,VALID,Y a-t-il un Ouigo de Aubenas vers Les Sables-d'Olonne ?,Aubenas,Les Sables-d'Olonne,109
3533,INVALID,Carte météo Saint-Dizier,,,251
1037,VALID,Je pars en train de Soissons vers Vitry-le-François,Soissons,Vitry-le-François,71
3543,INVALID,Shopping à Melun,,,182
3403,INVALID,J'habite à Maubeuge,,,152
2813,INVALID,Monuments historiques Lannion,,,214
2673,INVALID,Photo de Bayonne,,,177
2768,INVALID,Patrimoine culturel Boulogne-sur-Mer,,,232
3791,VALID,je cherche un trajet en train de toulon vers fontainebleau,Toulon,Fontainebleau,30
2104,INVALID,Guide touristique Saint-Nazaire,,,183
1982,INVALID,carte détaillée montivilliesr,,,265
3890,INVALID,quel temps fait-il a dole ?,,,16
3917,INVALID,Quelle heure est-il a Cannes ?,,,160
1382,VALID,Train régional de Poitiers à Châteaubriant,Poitiers,Châteaubriant,87
3831,INVALID,associations locales agen,,,236
2428,INVALID,Population active Auray,,,220
1760,VALID,Y a-t-il un train avant 8h de Moulins à Soissons ?,Moulins,Soissons,103
2828,INVALID,Saint-Malo ou Poitiers pour les vacances ?,,,23
543,VALID,Je cherche un train pour la semaine prochaine de Bordeaux à Lannion,Bordeaux,Lannion,106
2214,INVALID,Hôtel disponible à Saint-Nazaire,,,163
2258,INVALID,Statistiques économiques Rodez,,,272
1619,VALID,Je cherche un train après 18h de Toulon vers Bolbec,Toulon,Bolbec,98
867,VALID,Je cherche un train jeudi de Auxerre à Blois,Auxerre,Blois,140
3608,INVALID,La distance entre Roubaix et Mende,,,20
1466,VALID,Billet de train aller-retour Épinal Albertville,Épinal,Albertville,78
3470,INVALID,Office postal Manosque,,,221
223,VALID,je dois voyager de strasbourg à troyes ce week-end,Strasbourg,Troyes,77
2296,INVALID,Centres de loisirs Saint-Étienne,,,262
1264,VALID,Train régional de Fontainebleau à Morlaix,Fontainebleau,Morlaix,87
3225,INVALID,Centres culturels Abbeville,,,254
834,VALID,Je veux partir après le déjeuner de Valence pour Moulins,Valence,Moulins,134
1324,VALID,Y a-t-il un Ouigo de Courbevoie vers Hazebrouck ?,Courbevoie,Hazebrouck,109
1118,VALID,Y a-t-il un train toutes les deux heures de Nice à Dinan ?,Nice,Dinan,145
2949,INVALID,Ambassade à La Rochelle,,,184
1051,VALID,Je veux aller de Niort à Sens,Niort,Sens,1
1914,INVALID,le maire de thonon-les-bains,,,24
3668,INVALID,Économie de Clermont-Ferrand,,,199
1645,VALID,Train rapide de Saint-Dizier à Fontenay-le-Comte,Saint-Dizier,Fontenay-le-Comte,46
1777,INVALID,hôpitaux à metz,,,222
81,VALID,je veux me rendre à épinal depuis châteauroux par le train,Châteauroux,Épinal,73
3554,INVALID,Je déménage à Lunéville,,,195
675,VALID,Je veux réserver une place dans le train Alençon Arles,Alençon,Arles,90
2852,INVALID,Cartographie Le Mans,,,237
3397,INVALID,Espaces verts Évreux,,,239
2529,INVALID,Je rtavaille àà Beauvais,,,165
2491,INVALID,Hôtel disponible à Aurillac,,,163
830,VALID,Train en milieu de journée Albi Lons-le-Saunier,Albi,Lons-le-Saunier,101
2898,INVALID,Carte détaillée Lons-le-Saunier,,,265
96,VALID,je souhaite prendre le train de morlaix pour douai,Morlaix,Douai,32
2717,INVALID,Carte scolaire Valenciennes,,,230
1135,VALID,Je veux voyager en train de Antibes à Saint-Quentin,Antibes,Saint-Quentin,43
653,VALID,Billet de train aller-retour Chinon Strasbourg,Chinon,Strasbourg,78
3252,INVALID,Population totale Nice,,,252
1849,INVALID,statistiques démographiques orléans,,,245
956,VALID,Y a-t-il un train tôt le matin de Hazebrouck vers Bar-le-Duc ?,Hazebrouck,Bar-le-Duc,62
615,VALID,Je réserve un train de Hazebrouck à Alençon,Hazebrouck,Alençon,26
643,VALID,ee veux le train le plus rappide de Mabueuge à Limoges,Maubeuge,Limoges,79
1090,VALID,JJe cherche un train après 18h de Segré vers Amiens,Segré,Amiens,98
811,VALID,Train en fin d'après-midi Roubaix Orange,Roubaix,Orange,76
835,VALID,Y a-t-il un train rapide sans arrêt Montbéliard Rouen ?,Montbéliard,Rouen,113
2458,INVALID,Centres commerciaux Fontenay-le-Comte,,,226
1191,VALID,Train rapide de Compiègne à Calais,Compiègne,Calais,46
2532,INVALID,Chaumont est une belle ville,,,153
2799,INVALID,Carte météo Montargis,,,191
1073,VALID,Y a-t-il un TGV Créteil Poitiers ?,Créteil,Poitiers,34
3256,INVALID,Hôpitaux à Concarneau,,,222
1558,VALID,Je dois être à Aurillac avant midi en partant de Louviers,Louviers,Aurillac,88
1294,VALID,Je souhaite prendre un train en début d'après-midi de Bordeaux à Privas,Bordeaux,Privas,110
3260,INVALID,Carte générale Arras,,,257
331,VALID,Je veux acheter mon billet pour le train Poitiers Cherbourg,Poitiers,Cherbourg,118
416,VALID,Quel train me conseillez-vous de Annemasse à Villeurbanne ?,Annemasse,Villeurbanne,53
3238,INVALID,Entreprise connue à Chauumonnt,,,180
25,VALID,je veux le prochain départ en train de les sables-d'olonne pour toulouse,Les Sables-d'Olonne,Toulouse,122
448,VALID,Un aller simple Troyes Vesoul,Troyes,Vesoul,10
2131,INVALID,Centres éducatifs Besançon,,,270
2438,INVALID,Meilleur moment pour visiter Vierzon,,,197
514,VALID,Je souhaite réserver un train de Lille vers Fontenay-le-Comte,Lille,Fontenay-le-Comte,58
576,VALID,Y a-t-il un TGV direct Montauban Mulhouse ?,Montauban,Mulhouse,93
1885,INVALID,quartiers historiques sens,,,227
2460,INVALID,Office du tourisme Nancy,,,205
3136,INVALID,Marché local Évreux,,,202
2101,INVALID,Carte administrative Fontainebleau,,,218
729,VALID,Je souhaite prendre un train en début d'après-midi de Vesoul à Nancy,Vesoul,Nancy,110
1762,VALID,Je souhaite prendre un train en début d'après-midi de Vendôme à Toulouse,Vendôme,Toulouse,110
3749,INVALID,restaurant a nice,,,159
1883,INVALID,informations générales alençon,,,275
2084,INVALID,Spécialités culinaires Agen,,,187
2731,INVALID,Activités sportives Quimper,,,264
749,VALID,Je veux partir de Quimper à Morlaix en première classe,Quimper,Morlaix,142
3169,INVALID,Oyonnax ou Béthune pour les vacances ?,,,23
3962,VALID,Je veux partir maintenant de Pontoise pour Etampes,Pontoise,Étampes,56
3522,INVALID,Quartiers modernes Langres,,,244
106,VALID,quelle est la durée du trajet en train de meaux à dieppe ?,Meaux,Dieppe,31
3490,INVALID,Météo actuelle à Vichy,,,167
3515,INVALID,Plages proches de Chartres,,,181
1469,VALID,Je cherche un train après 18h de Arras vers Montauban,Arras,Montauban,98
939,VALID,Je veux partir en milieu de soirée de Vichy pour Bourges,Vichy,Bourges,150
4057,INVALID,Immobilier a Alencon,,,208
1079,VALID,Je dois voyager de Chaumont à Orange ce week-end,Chaumont,Orange,77
691,VALID,Je veux partir de Valence et descendre à Vitry-le-François,Valence,Vitry-le-François,108
3846,VALID,je dois aller a agen en partant de evreux en train,Évreux,Agen,128
1284,VALID,Y a-t-il un train avant 8h de Clisson à Saint-Dizier ?,Clisson,Saint-Dizier,103
3768,INVALID,bibliotheque a modane,,,212
467,VALID,Y a-t-il des trains disponibles de Châlons-en-Champagne à Nantes ?,Châlons-en-Champagne,Nantes,50
2515,INVALID,Carte météo Dijon,,,191
639,VALID,Train rapide de Beauvais à Angoulême,Beauvais,Angoulême,46
2186,INVALID,Calendrier événements Argenteuil,,,248
1860,INVALID,population totale saint-omer,,,252
1029,VALID,Quel est le prix du billet de train Boulogne-Billancourt Aix-les-Bains ?,Boulogne-Billancourt,Aix-les-Bains,105
1926,INVALID,météo actuelle à lens,,,167
3042,INVALID,Carte scolaire Arles,,,230
3657,INVALID,Hôtel disponible à Albert,,,163
1223,VALID,Je souhaite partir en milieu de matinée de Aix-en-Provence vers Saint-Dizier,Aix-en-Provence,Saint-Dizier,92
2582,INVALID,Événements sportifs Concarneau,,,250
1282,VALID,Je veux un train rapide de Marseille à Albi,Marseille,Albi,35
3697,VALID,train direct sans correspondance saint-nazaire charleville-mezieres,Saint-Nazaire,Charleville-Mézières,82
714,VALID,Y a-t-il un TGV direct Besançon Bordeaux ?,Besançon,Bordeaux,93
300,VALID,Je veux prendre le train de Pau à Aurillac,Pau,Aurillac,28
973,VALID,Y a-t-il un TGV en fin d'après-midi Granville Saint-Malo ?,Granville,Saint-Malo,133
2809,INVALID,Transport urbain Auxerre,,,258
2228,INVALID,Servicespublis Châteaubrian,,,234
2155,INVALID,Plages prochse de Lisieux,,,181
1405,VALID,Je cherche le train le plus économique de Digne-les-Bains à Auray,Digne-les-Bains,Auray,124
357,VALID,Je veux partir en milieu de soirée de Yvetot pour Louviers,Yvetot,Louviers,150
188,VALID,je vveux voyager  en train de doai à sens,Douai,Sens,43
3391,INVALID,Quelle est la population de Chhmbéry ?,,,22
3234,INVALID,Monuments historiques Charleville-Mézières,,,214
1035,VALID,Je vais de Bourg-en-Bresse à Limoges en train,Bourg-en-Bresse,Limoges,52
3961,INVALID,Associations a Evry,,,207
3386,INVALID,Carte historique Dinan,,,210
2163,INVALID,Le maire de Poitiers,,,24
1564,VALID,Trajet de Bourg-en-Bresse veers oMntélimar,Bourg-en-Bresse,Montélimar,11
1199,VALID,Je cherche un train jeudi de Manosque à Étampes,Manosque,Étampes,140
3444,INVALID,Photos aériennes Évreux,,,211
587,VALID,Un billet Niort Saint-Quentin s'il vous plaît,Niort,Saint-Quentin,2
3913,VALID,Y a-t-il un train de nuit entre Poitiers et Clermont-Ferrand ?,Poitiers,Clermont-Ferrand,149
3461,INVALID,Guide urbain Étampes,,,253
2882,INVALID,Université à Le Mans,,,179
2824,INVALID,Guidee urbain Nîmes,,,253
247,VALID,combien de temps dure le trajet en train de lannion à boulogne-billancourt ?,Lannion,Boulogne-Billancourt,60
3374,INVALID,Quelle heure est-il à Bayonne ?,,,160
2378,INVALID,Espaces verts Briançon,,,239
681,VALID,Train en milieu de journée Rouen Lons-le-Saunier,Rouen,Lons-le-Saunier,101
3148,INVALID,Restaurant à Vesoul,,,159
3983,INVALID,Photos anciennes Vannes,,,200
217,VALID,un aller simple annecy segré,Annecy,Segré,10
1418,VALID,Un aller simple Pau Saint-Dizier,Pau,Saint-Dizier,10
3032,INVALID,Événements culturels Manosque,,,268
2603,INVALID,Here locale à Châteauroux,,,194
2783,INVALID,Guide urbain Béziers,,,253
3325,INVALID,Météo actuelle à Quimper,,,167
1082,VALID,Quel est l'horaire du prochain train Bourgoin-Jallieu Boulogne-Billancourt ?,Bourgoin-Jallieu,Boulogne-Billancourt,64
1497,VALID,Y a-t-il un train vers midi de Niort à Annemasse ?,Niort,Annemasse,137
3161,INVALID,Carte météo Clisson,,,191
291,VALID,Je veux acheter un billet de train Lyon Fontenay-le-Comte,Lyon,Fontenay-le-Comte,83
1980,INVALID,office du tourisme abbeville,,,205
2948,INVALID,Spécialités culinaires Toul,,,187
3582,INVALID,Concert prévu à Saint-Malo,,,174
1711,VALID,Train rapide de Châteaubriant à Cherbourg,Châteaubriant,Cherbourg,46
2031,INVALID,j'habite actuellement à paris,,,161
761,VALID,Quel train prendre pour aller de Toulon à Limoges ?,Toulon,Limoges,84
2720,INVALID,Carte météo Brest,,,251
2281,INVALID,Activités nocturnes Montreuil,,,255
1092,VALID,Départ Tours arrivée Provins,Tours,Provins,15
2426,INVALID,Activités nocturnes Albi,,,255
2422,INVALID,Services publics Chalon-sur-Saône,,,234
2787,INVALID,Population étudiante Pau,,,193
889,VALID,Départ Ajaccio arrivée Sens,Ajaccio,Sens,15
1077,VALID,Je souhaite voyager de Morlaix vers Montivilliers,Morlaix,Montivilliers,5
19,VALID,je dois aller de mulhouse à blois ce soir,Mulhouse,Blois,39
1787,INVALID,associations locales bourges,,,236
2121,INVALID,Associations locales Annemasse,,,236
3750,VALID,train de milieu d'apres-midi privas montreuil,Privas,Montreuil,143
26,VALID,y a-t-il des trains vers évry au départ de clisson ?,Clisson,Évry,4
2459,INVALID,Carte générale Avranches,,,257
2159,INVALID,Code postal Chambéry,,,176
2663,INVALID,Clisson est une belle ville,,,18
481,VALID,Je cherche à voyager de Briançon à Aix-les-Bains en TER,Briançon,Aix-les-Bains,148
2315,INVALID,Musée à visiter à Mâcon,,,172
1026,VALID,Je cherche un train jeudi de Vesoul à Dijon,Vesoul,Dijon,140
2861,INVALID,Statistiques météo Le Puy-en-Velay,,,204
636,VALID,Quel est le prix du billet de train Roubaix Agen ?,Roubaix,Agen,105
1283,VALID,Train en fin d'après-midi Chaumont Digne-les-Bains,Chaumont,Digne-les-Bains,76
1601,VALID,Je veux le train de Courbevoie à Toulon le plus tôt possible,Courbevoie,Toulon,100
1387,VALID,Je dois être à Tarbes avant midi en partant de Angoulême,Angoulême,Tarbes,88
1661,VALID,Châlons-en-Champagne Maubeuge pour demain,Châlons-en-Champagne,Maubeuge,6
2142,INVALID,Théâtre à Saint-Malo,,,217
2678,INVALID,La distance entre Vienne et Cholet,,,276
4098,INVALID,Immobilier a Macon,,,208
2873,INVALID,Angoulême est une belle ville,,,153
253,VALID,je voudrais aller de lyon à moulins en tgv,Lyon,Moulins,47
2596,INVALID,Bibliothèque à Versailles,,,212
3977,VALID,Je dois me rendre de Berck a Beauvais,Berck,Beauvais,7
4074,VALID,Depart Cannes arrivee Dunkerque,Cannes,Dunkerque,15
2332,INVALID,Quartiers modernes Vitré,,,244
734,VALID,Je veux arriver à Ancenis depuis Lannion,Lannion,Ancenis,63
1316,VALID,Je veux partir de Agen et descendre à Laval,Agen,Laval,108
1939,INVALID,associations locales dole,,,236
2607,INVALID,Services publics Périgueux,,,234
1979,INVALID,mon ami vit à vendôme et moi à vitry-le-françois,,,154
3262,INVALID,Hôpitaux à Port-Boulet,,,222
1134,VALID,Je dois me rendre de Mâcon à Saint-Nazaire,Mâcon,Saint-Nazaire,7
632,VALID,Train régional de Pontivy à Arras,Pontivy,Arras,87
3532,INVALID,Quelle heure est-il à Granville ?,,,160
1701,VALID,Je cherche un train après 18h de Pau vers Albertville,Pau,Albertville,98
1183,VALID,Train de début de soirée Melun Bar-le-Duc,Melun,Bar-le-Duc,123
3324,INVALID,Quelle heure est-il à Cherbourg ?,,,160
3204,INVALID,Statistiques emploi Chalon-sur-Saône,,,225
1506,VALID,Y a-t-il un départ en début de soirée de Blois pour Albert ?,Blois,Albert,85
3393,INVALID,Agenda culturel Limoges,,,233
1690,VALID,Je cherche un train pour demain de Laon à Grenoble,Laon,Grenoble,75
1847,INVALID,zones industrielles fontainebleau,,,231
3212,INVALID,Cartographie Montbéliard,,,237
3601,INVALID,Plan de ville Carcassonne,,,206
1292,VALID,Train express de Courbevoie vers Nantes,Courbevoie,Nantes,139
3206,INVALID,Statistiques démographiques Lyon,,,245
1446,VALID,Je réserve un train de Bordeaux à Vitré,Bordeaux,Vitré,26
399,VALID,Train du matin Chinon Lens,Chinon,Lens,29
2357,INVALID,Musée célèbre à Provins,,,166
1272,VALID,Je veux le train de Dijno à lCiisson le lus tôt posisble,Dijon,Clisson,100
258,VALID,y a-t-il un train vers 10h de lunéville à rodez ?,Lunéville,Rodez,129
3715,VALID,train de fin de journee bolbec vers ajaccio,Bolbec,Ajaccio,147
349,VALID,Je veux acheter un billet de train Cergy Ajaccio,Cergy,Ajaccio,83
179,VALID,je dois voyager en train de nanterre vers agen mercredi,Nanterre,Agen,136
2140,INVALID,Je travaille à Loches,,,165
105,VALID,je réserve un train de thonon-les-bains à calais,Thonon-les-Bains,Calais,26
110,VALID,train de aix-en-provence à maubeuge cet après-midi,Aix-en-Provence,Maubeuge,59
1044,VALID,Train avec le moins de correspondances Orange Strasbourg,Orange,Strasbourg,55
226,VALID,comment me rendre à florence depuis albi ?,Albi,Florence,3
2960,INVALID,Population active Briançon,,,220
3177,INVALID,Quelle heure est-il à Thonon-les-BBains ?,,,160
2883,INVALID,Quartiers modernes Modane,,,244
861,VALID,Je pars demain de Laon vers Nice,Laon,Nice,37
2917,INVALID,Population étudiante Niort,,,193
3688,VALID,je reserve un train de lisieux a saint-etienne,Lisieux,Saint-Étienne,26
983,VALID,Je dois voyager de Blois à Arles vendredi,Blois,Arles,112
3805,INVALID,activites culturelles saint-denis,,,247
4089,INVALID,Hotel disponible a Amboise,,,163
1905,INVALID,statistiques économiques lourdes,,,272
2630,INVALID,Hôtel disponible à Biarritz,,,163
1273,VALID,Je veux réserver pour le train de Clermont-Ferrand vers Rodez,Clermont-Ferrand,Rodez,130
1946,INVALID,monuments historiques roubaix,,,214
3684,VALID,train de fin de matinee nanterre carcassonne,Nanterre,Carcassonne,131
1166,VALID,Je pars de Thonon-les-Bains direction Brest,Thonon-les-Bains,Brest,12
3275,INVALID,Zones industrielles Lisieux,,,231
4010,INVALID,Centres sportifs Montpellier,,,235
4059,INVALID,Code postal Vesoul,,,176
468,VALID,Je veux un train rapide de Épernay à Compiègne,Épernay,Compiègne,35
3018,INVALID,Zones industrielles Colmar,,,231
3155,INVALID,Musée célèbre à Abbeville,,,166
2369,INVALID,Zones touristiques Metz,,,219
488,VALID,Je cherche le train le plus économique de Villeurbanne à Marseille,Villeurbanne,Marseille,124
3623,INVALID,Climat de Oyonnax,,,186
337,VALID,Train avec peu de monde de Biarritz à Charleville-Mézières,Biarritz,Charleville-Mézières,97
3531,INVALID,Carte scolaire Privas,,,230
613,VALID,Quel est l'horaire du prochain train Tourcoing Strasbourg ?,Tourcoing,Strasbourg,64
2391,INVALID,Activités culturelles Quimper,,,247
1061,VALID,Je pars demain de Nice vers Nevers,Nice,Nevers,37
2899,INVALID,Bonjour,,,156
2409,INVALID,Activités nocturnes Pontarlier,,,255
640,VALID,Quel train prendre pour aller de Périgueux à Ancenis ?,Périgueux,Ancenis,84
1672,VALID,Départ Segré arrivée Montreuil,Segré,Montreuil,15
3038,INVALID,Quartier sûr à Montélimar,,,190
3753,VALID,train de nantes a melun cet apres-midi,Nantes,Melun,59
1596,VALID,Train avec wifi de Laval à Bourg-en-Bresse,Laval,Bourg-en-Bresse,111
2854,INVALID,Office du tourisme Tours,,,205
1474,VALID,Je veux le train de Fougères à Briançon le plus tôt possible,Fougères,Briançon,100
18,VALID,train direct sans corespoance vitré rodezz,Vitré,Rodez,82
1039,VALID,Y a-t-il des trains en semaine de Châlons-en-Champagne à Melun ?,Châlons-en-Champagne,Melun,74
3559,INVALID,Centres médicaux Amboise,,,242
2293,INVALID,Je travaille à Reims,,,165
1993,INVALID,quelle est la population de tourcoing ?,,,155
2767,INVALID,Zones vertes Verdun,,,224
3407,INVALID,Marché local Caen,,,202
3471,INVALID,Zones rurales Annemasse,,,243
2195,INVALID,Entreprise connue à Dijon,,,180
918,VALID,Y a-t-il un TER Épinal Nanterre ?,Épinal,Nanterre,68
2919,INVALID,Transport urbain Hazebrouck,,,258
3497,INVALID,Statistiques économiques Évreux,,,272
1676,VALID,Y a-t-il un train l'après-midi de Ancenis à Aix-les-Bains ?,Ancenis,Aix-les-Bains,121
3649,INVALID,Quartiers historiques Lisieux,,,227
3901,INVALID,Carte de Aubenas,,,169
592,VALID,Quel est le meilleur train de Saint-Denis à Niort ?,Saint-Denis,Niort,44
3288,INVALID,Quel temps fait-il à Clisson ?,,,16
1618,VALID,e veux le train de Quimper à Vienne le pllus tôt possible,Quimper,Vienne,100
1729,VALID,Y a-t-il des trains disponibles de Montbéliard à Quimper ?,Montbéliard,Quimper,50
865,VALID,Quel trai me conseilllez-vous de Caen à Paris ,Caen,Paris,53
2983,INVALID,Besançon ou Lille pour les vacances ?,,,157
2055,INVALID,quartiers historiques besançon,,,227
2029,INVALID,spécialités culinaires courbevoie,,,187
3808,VALID,y a-t-il un train toutes les heures de cherbourg a strasbourg ?,Cherbourg,Strasbourg,89
1612,VALID,Je dois faire Fougères Versailles en train,Fougères,Versailles,102
1828,INVALID,quartier sûr à chalon-sur-saône,,,190
1542,VALID,Tarin de fin d ejournéée Dieppe ves Boulogne-Billancourt,Dieppe,Boulogne-Billancourt,147
862,VALID,Premier train Cannes Évreux,Cannes,Évreux,41
3681,INVALID,Évreux est une belle ville,,,153
1626,VALID,Je veux voyager confortablement de Granville vers Lens,Granville,Lens,104
2591,INVALID,Office postal Langres,,,221
1265,VALID,Je veux aller de Dunkerque à Aurillac,Dunkerque,Aurillac,1
3792,VALID,je cherche un train dimanche de bordeaux a perigueux,Bordeaux,Périgueux,132
3936,INVALID,Office postal Auxerre,,,221
3728,VALID,je veux partir apres le dejeuner de perigueux pour dijon,Périgueux,Dijon,134
785,VALID,Je dois être à Clermont-Ferrand avant midi en partant de Argenteuil,Argenteuil,Clermont-Ferrand,88
250,VALID,je dois prendre un train de nanterre à évreu xlunid,Nanterre,Évreux,96
3426,INVALID,Quartier sûr à Alençon,,,190
2894,INVALID,Guide touristique Vierzon,,,183
951,VALID,Prochain train pour Biarritz depuis Louviers,Louviers,Biarritz,13
1006,VALID,Un billet de train pour aller de Troyes à Grenoble,Troyes,Grenoble,33
1725,VALID,Billet aller simple en train Vierzon Roubaix,Vierzon,Roubaix,70
3794,INVALID,guide urbain saint-denis,,,253
1944,INVALID,architecture de blois,,,198
2225,INVALID,Informations pratiques Dijon,,,256
836,VALID,Train de milieu d'après-midi Le Mans Créteil,Le Mans,Créteil,143
1329,VALID,Je veux le train le plus rapide de Saint-Nazaire à Chambéry,Saint-Nazaire,Chambéry,79
2115,INVALID,Je suis né à Épernay,,,185
2268,INVALID,Carte des routes Aurillac,,,223
1839,INVALID, zones résidentielles agen,,,274
1415,VALID,Je dois prendre un train de Dole à Béziers lundi,Dole,Béziers,96
2063,INVALID,Carte des routes Fontainebleau,,,223
3570,INVALID,Informations locales Évreux,,,241
2010,INVALID,photsoa nciennnes dijon,,,200
1291,VALID,Y a-t-il un train rapide sans arrêt Dunkerque Annecy ?,Dunkerque,Annecy,113
827,VALID,Je veux partir en train de Belfort à Épernay samedi,Belfort,Épernay,126
1717,VALID,Train matinal de Toul vers Vichy,Toul,Vichy,115
3343,INVALID,Mon ami vit à Toulon et moi à Nanterre,,,154
1301,VALID,Je cherche un train dimanche de Lens à Avignon,Lens,Avignon,132
2940,INVALID,Services municipaux Lourdes,,,259
1545,VALID,Quelle est la durée du trajet en train de Belfort à Épinal ?,Belfort,Épinal,31
2003,INVALID,hôtel disponible à manosquue,,,163
2042,INVALID,monuments historiques sens,,,214
589,VALID,Je pars de Perpignan direction Nîmes,Perpignan,Nîmes,12
3968,INVALID,Je vis a Beauvais,,,168
117,VALID,je veux le prochain départ en train de saint-nazaire pour fontenay-le-comte,Saint-Nazaire,Fontenay-le-Comte,122
280,VALID,Comment rejoindre Vienne depuis Châlons-en-Champagne en train ?,Châlons-en-Champagne,Vienne,38
102,VALID,je veux acheter un billet de train arles beauvais,Arles,Beauvais,83
95,VALID,je dois prendre le train de louviers pour montpellier,Louviers,Montpellier,45
2979,INVALID,Cinéma à Privas,,,216
1563,VALID,Y a-t-il un TGV Montreuil Dunkerque ?,Montreuil,Dunkerque,34
3653,INVALID,Je vis à Besançon,,,168
1782,INVALID,carte scolaire rennes,,,230
2136,INVALID,Centres sportifs Nice,,,235
3735,INVALID,mon amiv it a rouen et moi a monrteuil,,,154
3950,INVALID,Carte meteo Nimes,,,191
551,VALID,Je dois me rendre de Boulogne-sur-Mer à Lannion,Boulogne-sur-Mer,Lannion,7
231,VALID,comment rejoindre digne-les-bains depuis clisson en train ?,Clisson,Digne-les-Bains,38
279,VALID,Trajet de Chaumont vers Pau,Chaumont,Pau,11
2638,INVALID,Photo de Saint-Omer,,,177
741,VALID,Y a-t-il des trains disponibles de Soissons à Fontainebleau ?,Soissons,Fontainebleau,50
2090,INVALID,Guide étudiant Saint-Denis,,,201
453,VALID,Y a-t-il un TER Alençon Pontarlier ?,Alençon,Pontarlier,68
392,VALID,Je cherche un train jeudi de Manosque à Concarneau,Manosque,Concarneau,140
3463,INVALID,Restaurant à Blois,,,25
3028,INVALID,Services municipaux Blois,,,259
3741,INVALID,universite a aurillac,,,179
2724,INVALID,Météo actuelle à Rodez,,,167
2295,INVALID,J'habite actuellement à Niort,,,161
3648,INVALID,Metz ou Les Sables-d'Olonnne pour les vacances ?,,,23
1808,INVALID,population étudiante colmar,,,193
3400,INVALID,Transports locaux Cambrai,,,273
601,VALID,Je veux un train rapide de Roubaix à Lons-le-Saunier,Roubaix,Lons-le-Saunier,35
3302,INVALID,Musée célèbre à Lisieux,,,166
1842,INVALID,patrimoine culturel granville,,,232
252,VALID,je veux partir maintenant de lorient pour cambrai,Lorient,Cambrai,56
2417,INVALID,Quelle est la population de Lunéville ?,,,22
647,VALID,Je dois voyager de Dole à Agen vendredi,Dole,Agen,112
2622,INVALID,Carte des routes Mulhouse,,,223
2230,INVALID,Bibliothèque à Troyes,,,212
4030,INVALID,Musee a visiter a Lisieux,,,172
1217,VALID,Je veux le train avvec le meilleur confort Saint-Étiene Nancy,Saint-Étienne,Nancy,138
2107,INVALID,Saint-Dizier ou Dijon pour les vacances ?,,,157
3537,INVALID,Quartiers de Le Mans,,,173
704,VALID,Je dois me déplacer de Dijon à Nice en train,Dijon,Nice,65
3572,INVALID,Quelle est la population de Amboise ?,,,155
2170,INVALID,Centres commerciaux Annecy,,,226
3188,INVALID,Carte des routes Pontoise,,,223
1343,VALID,Un billet Elbeuf Évry s'il vous plaît,Elbeuf,Évry,2
1797,INVALID,actiivités nocturnes bourgoin-jallieu,,,255
1692,VALID,Je veux un billet flexible Metz Vichy,Metz,Vichy,114
508,VALID,Perpignan Auray pour demain,Perpignan,Auray,6
3040,INVALID,Photos anciennes Dunkerque,,,200
2567,INVALID,Climat de Cherbourg,,,186
2432,INVALID,Vierzon ou Lorient pour les vacances ?,,,23
21,VALID,à quelle heure arrive le train à amboise depuis quimper ?,Quimper,Amboise,48
1385,VALID,Train du matin Quimper Modane,Quimper,Modane,29
2740,INVALID, Centres éducatifs VVannes,,,270
2706,INVALID,Activités culturelles Belfort,,,247
3301,INVALID,Queel temps ait-il à Mâcon ?,,,16
2501,INVALID,Monument célèbre à Boulogne-Billancourt,,,188
1746,VALID,Je cherche un trajet en train de Courbevoie vers Chalon-sur-Saône,Courbevoie,Chalon-sur-Saône,30
2467,INVALID,Je suis né à Étampes,,,185
380,VALID,Y a-t-il un départ en début de soirée de Bayonne pour Melun ?,Bayonne,Melun,85
947,VALID,Je cherche un train après 18h de Bourges vers Mulhouse,Bourges,Mulhouse,98
3594,INVALID,Statistiques économiques Lyon,,,272
2401,INVALID,Cartographie Nanterre,,,237
2054,INVALID,population active reims,,,220
1443,VALID,Je voudrais connaître les horaires de train de Roubaix à Valence,Roubaix,Valence,67
2780,INVALID,Patrimoine culturel Orléans,,,232
2302,INVALID, Ciénma à Olréans,,,216
2053,INVALID,informations locales lannion,,,241
2168,INVALID,Guide étudiant Florence,,,201
3493,INVALID,Quelle est la population de Dunkerque ?,,,22
1686,VALID,Quel est le meilleur train de Bourgoin-Jallieu à Florence ?,Bourgoin-Jallieu,Florence,44
213,VALID,dernier train de fécamp vers lens,Fécamp,Lens,42
3084,INVALID,Cinéma à Villeurbanne,,,216
3801,VALID,un billet pour le train dunkerqe les sables-d'olonne,Dunkerque,Les Sables-d'Olonne,51
2525,INVALID,Carte météo Clermont-Ferrand,,,251
3568,INVALID,Centres sportifs Niort,,,235
421,VALID,Je cherche à aller de Bastia à Saint-Dizier par le train,Bastia,Saint-Dizier,116
1263,VALID,Y a-t-il un train toutes les deux heures de Tours à Segré ?,Tours,Segré,145
3546,INVALID,Carte interactive Brest,,,240
2310,INVALID,Informations pratiques Florence,,,256
3541,INVALID,Code postal Metz,,,176
2118,INVALID,Shopping à Angers,,,182
2531,INVALID,Climat de Châteauroux,,,186
190,VALID,y a-t-il un départ tôt demain de rodez vers dunkerque ?,Rodez,Dunkerque,125
1171,VALID,Je veux le train avec le meilleur confort Blois Soissons,Blois,Soissons,138
585,VALID,Billet de train Montargis Vannes pour aujourd'hui,Montargis,Vannes,40
3113,INVALID,Hôtel pas cher à Lisieux,,,170
47,VALID,je pars de béthune direction montbéliard,Béthune,Montbéliard,12
2765,INVALID,Centres mdicaux Épernay,,,242
3544,INVALID,Quel temps fait-il à Pontarlier ?,,,151
4062,INVALID,Fontainebleau ou Ancenis pour les vacances ?,,,23
1326,VALID,Je veux partir en train de Montbéliard à Segré samedi,Montbéliard,Segré,126
2932,INVALID,Informations trafic Saint-Denis,,,260
1456,VALID,Train rapide de Reims à Nantes,Reims,Nantes,46
4094,VALID,Je dois faire Albi Toul en train,Albi,Toul,102
1891,INVALID,quel temps fait-il à pontivy ?,,,151
3654,INVALID,J'habite à Montbéliard,,,17
1788,INVALID,zones touristiques nanterre,,,219
607,VALID,Y a-t-il un départ en soirée de Vienne pour Les Sables-d'Olonne ?,Vienne,Les Sables-d'Olonne,141
3175,INVALID,Nancy ou Châteaubriant pour les vacances ?,,,23
350,VALID,Je dois me déplacer de Orléans à Rodez en train,Orléans,Rodez,65
906,VALID,Train avec le moins de correspondances Niort Pontivy,Niort,Pontivy,55
2628,INVALID,Bonjour,,,156
500,VALID,Je veux partir en milieu de soirée de Nancy pour Lorient,Nancy,Lorient,150
777,VALID,Quel est le prix du billet de train Montbéliard Cannes ?,Montbéliard,Cannes,105
2025,INVALID,code postal nîmes,,,176
3068,INVALID,Guide urbain Vitry-le-François,,,253
3640,INVALID,Espaes verts Claasi,,,239
814,VALID,Y a-t-il un TGV Alençon Dinan ?,Alençon,Dinan,34
3574,INVALID,Bonjour,,,21
1150,VALID,Je veux partir après le déjeuner de Évreux pour Lons-le-Saunier,Évreux,Lons-le-Saunier,134
3978,VALID,Y a-t-il des trains disponibles de Saint-Quentin a Vitry-le-Francois ?,Saint-Quentin,Vitry-le-François,50
109,VALID,un billet nîmes lorient s'il vous plaît,Nîmes,Lorient,2
206,VALID,je veux me rendre à vitré depuis cambrai par le train,Cambrai,Vitré,73
3000,INVALID,Carte détaillée Aix-en-Provence,,,265
3036,INVALID,Zones touristiques Dole,,,219
414,VALID,Je cherche un trajet en train de Tarbes vers Évry,Tarbes,Évry,30
3985,VALID,Y a-t-il un Intercites Orange Alencon ?,Orange,Alençon,57
1137,VALID,Je voudrais partir de Clermont-Ferrand pour aller à Poiitiers,Clermont-Ferrand,Poitiers,9
1974,INVALID,la distance entre lille et lyon,,,276
34,VALID,y a-t-il des trains vers cergy au départ de chinon ?,Chinon,Cergy,4
702,VALID,Un billet Fontainebleau Lunéville s'il vous plaît,Fontainebleau,Lunéville,2
3387,INVALID,Événements culturels Évreux,,,268
71,VALID,train de albi à avranches cet après-midi,Albi,Avranches,59
1459,VALID,Je cherche à aller de Vierzon à Les Sables-d'Olonne par le train,Vierzon,Les Sables-d'Olonne,116
842,VALID,YY a--t-il un TGGV Amien sLeens ?,Amiens,Lens,34
3368,INVALID,Guide local Chaumont,,,269
3673,INVALID,Zonnes industrielles Toulon,,,231
3512,INVALID,Boulogne-Billancourt ou Lourdes pour les vacances ?,,,23
1025,VALID,Y a-t-il un train de nuit entre Montpellier et Le Mans ?,Montpellier,Le Mans,149
160,VALID, un bilet pur le  trai oyonnax vendôôme ,Oyonnax,Vendôme,51
2608,INVALID,Mon ami vit à Blois et moi à Abbeville,,,154
2616,INVALID,Population étudiante Saint-Quentin,,,193
4032,INVALID,Carte des quartiers Saint-Quentin,,,267
3547,INVALID,Marché local Saint-Malo,,,202
1314,VALID,Je veux partir en milieu de soirée de Berck pour Pau,Berck,Pau,150
2086,INVALID,Marchés hebdomadaires Langres,,,238
1639,VALID,Train en milieu de journée Cambrai Béziers,Cambrai,Béziers,101
4107,INVALID,Photos aeriennes Port-Boulet,,,211
4083,VALID,Premier train Lens Boulogne-sur-Mer,Lens,Boulogne-sur-Mer,41
996,VALID,Y a-t-il un train avant 8h de Périgueux à Avignon ?,Périgueux,Avignon,103
145,VALID,je dois être à aix-les-bains avant midi en partant de paris,Paris,Aix-les-Bains,88
1367,VALID,À quelle heure arrive le train à Albi depuis Port-Boulet ?,Port-Boulet,Albi,48
3392,INVALID,Zones commerciales Pontarlier,,,263
2450,INVALID,Photo de Strasbourg,,,177
1836,INVALID,guide étudiant épernay,,,201
529,VALID,Je planifie un voyage en train de Chaumont vers Langres,Chaumont,Langres,49
1738,VALID,Je ovudraiss connaître les horaires de train  e Fontainebleau à Arles,Fontainebleau,Arles,67
2543,INVALID,Marchés hebdomadaires Le Mans,,,238
265,VALID,y a-t-il un train toutes les deux heures de montauban à saint-denis ?,Montauban,Saint-Denis,145
3440,INVALID,Monument célèbre à Arles,,,188
3565,INVALID,Journaux locaux Besançon,,,192
3851,INVALID,marche local laval,,,202
1353,VALID,Je voudrais aller de Pontivy à Saint-Malo en TGV,Pontivy,Saint-Malo,47
3117,INVALID,Zones rurales Cambrai,,,243
1657,VALID,Je veux partir de Fontenay-le-Comte à Bastia en première classe,Fontenay-le-Comte,Bastia,142
10,VALID,y a-t-il un départ en début de soirée de concarneau pour vendôme ?,Concarneau,Vendôme,85
4015,VALID,Train matinal de Verdun vers Saint-Brieuc,Verdun,Saint-Brieuc,115
1913,INVALID,spécialités culinaires briançon,,,187
2374,INVALID,Guide étudiant Pau,,,201
474,VALID,Je dois me rendre à Dunkerque depuis Bayonne en TGV,Bayonne,Dunkerque,144
1526,VALID,Quel train prendre pour aller de Argenteuil à Évreux ?,Argenteuil,Évreux,84
2013,INVALID,population urbaine lens,,,266
3920,INVALID,Economie de Rodez,,,199
3031,INVALID,Bibliothèque à Avranches,,,212
2903,INVALID,Musée à visiter à Thonon-les-Bainns,,,172
238,VALID,quel train prendre pour aller de aubenas à pontoise ?,Aubenas,Pontoise,84
2701,INVALID,Espaces verts Vienne,,,239
3628,INVALID,Statistiques météo Chalon-sur-Saône,,,204
16,VALID,je cherche un train après 18h de caen vers auxerre,Caen,Auxerre,98
1154,VALID,Train pour Pontivy au départ de Montreuil,Montreuil,Pontivy,91
1695,VALID,Je souhaite prendre un train en début d'après-midi de Épinal à Sens,Épinal,Sens,110
3228,INVALID,Mon ami vit à Villeurbanne et moi à Verdun,,,154
282,VALID,Quel est le prix du billet de train Maubeuge Montreuil ?,Maubeuge,Montreuil,105
655,VALID,Train du matiin Fontenay-le-Comte Saint-Nzaire,Fontenay-le-Comte,Saint-Nazaire,29
3593,INVALID,Musée à visiter à Caen,,,172
3845,VALID,je cherche un train pour demain de abbeville a chinon,Abbeville,Chinon,75
3790,VALID,je souhaite voyager de saint-omer vers grenoble,Saint-Omer,Grenoble,5
2741,INVALID,Informations générales Bayonne,,,275
3357,INVALID,Météo actuelle à Chambéry,,,167
172,VALID,je pars de clisson direction cherbourg,Clisson,Cherbourg,12
687,VALID,Je voudrais aller de Laon à Fontenay-le-Comte en TGV,Laon,Fontenay-le-Comte,47
3726,VALID,je cherche a voyager de bordeaux a lorient en ter,Bordeaux,Lorient,148
3436,INVALID,Services publics Vendôme,,,234
183,VALID,je veux partir en milieu de soirée de nevers pour laon,Nevers,Laon,150
593,VALID,Train avec wifi de Montpellier à Agen,Montpellier,Agen,111
3359,INVALID,Je vis à Montargis,,,168
431,VALID,Y a-t-il n dépar vers 14h de Vienne pour Segré ?,Vienne,Segré,117
2745,INVALID,Cinéma à Soissons,,,216
3176,INVALID,Clubs sportifs Nevers,,,215
2194,INVALID,Photos anciennes Avranches,,,200
1634,VALID,Quel est le meilleur train de Rennes à Morlaix ?,Rennes,Morlaix,44
4016,INVALID,Je suis ne a Romans-sur-Isere,,,185
883,VALID,Je cherche lee train le moins cher de Quimper à Fontena-yle-oCmte ,Quimper,Fontenay-le-Comte,54
3841,VALID,je dois prendre un train de moulins a saint-nazaire lundi,Moulins,Saint-Nazaire,96
3167,INVALID,Cartographie Saint-Malo,,,237
2774,INVALID,Statistiques démographiques Grenoble,,,245
4101,INVALID,Parc celebre a Charleville-Mezieres,,,203
3934,VALID,Premier train Albert Aix-en-Provence,Albert,Aix-en-Provence,41
208,VALID,dernier train de poitiers vers montélimar,Poitiers,Montélimar,42
2965,INVALID,Zones commerciales Berck,,,263
2775,INVALID,Centres éducatifs Albert,,,270
2347,INVALID,Activités culturelles Rouen,,,247
1172,VALID,Je veux voyager confortablement de Aurillac vers Lourdes,Aurillac,Lourdes,104
1293,VALID,Je veux voyager en train de Paris à Moulins,Paris,Moulins,43
1040,VALID,Je dois me rendre à Évry depuis Sens en TGV,Sens,Évry,144
1491,VALID,Je pars demain de Toulouse vers Versailles,Toulouse,Versailles,37
2317,INVALID,Carte détaillée Lorient,,,265
3075,INVALID,Centres médicaux Carcassonne,,,242
1143,VALID,Y a-t-il un train vers midi de Arras à Briançon ?,Arras,Briançon,137
240,VALID,train express de marseille vers briançon,Marseille,Briançon,139
1058,VALID,Je cherche un train dimanche de Albi à Mâcon,Albi,Mâcon,132
821,VALID,Je veux partir de Ajaccio et descendre à Laon,Ajaccio,Laon,108
2562,INVALID,Patrimoine culturel Vité,,,232
3914,INVALID,Le maire de Granville,,,158
1520,VALID,Premier train Dole Rodez,Dole,Rodez,41
4081,INVALID,Statistiques emploi Bar-le-Duc,,,225
4113,INVALID,Ambassade a Toulouse,,,184
3254,INVALID,Centres commerciaux Nîmes,,,226
186,VALID,je veux un train rapide de charleville-mézières à toulouse,Charleville-Mézières,Toulouse,35
628,VALID,Train express de Béthune vers Morlaix,Béthune,Morlaix,139
273,VALID,Je veux arriver à Saint-Omer depuis Nice,Nice,Saint-Omer,63
1668,VALID,Train en milieu de journée Évry Caen,Évry,Caen,101
2286,INVALID,Calendrier événements La Rochelle,,,248
3072,INVALID,Carte historique Villeurbanne,,,210
1315,VALID,Je veux comparer les horaires de train de Strasbourg à Challans,Strasbourg,Challans,94
1594,VALID,Y a-t-il un train toutes les heures de Châteauroux à Angers ?,Châteauroux,Angers,89
2275,INVALID,Office du tourisme Provins,,,205
3399,INVALID,Centres de loisirs Pau,,,262
3621,INVALID,Carte des routes Paris,,,223
2061,INVALID,Centres médicaux Montargis,,,242
4071,INVALID,J'habite actuellement a Cergy,,,161
417,VALID,Y a-t-il un train de nuit entre Tourcoing et Brest ?,Tourcoing,Brest,149
1893,INVALID,zones touristiques châlons-en-champagne,,,249
885,VALID,Y a-t-il un départ vers 14h de Lorient pour Dijon ?,Lorient,Dijon,117
1455,VALID,Dernier train de Auxerre vers Colmar,Auxerre,Colmar,42
7,VALID,y a-t-il des trains vers mâcon au départ de louviers ?,Louviers,Mâcon,4
2096,INVALID,Actualités à Rennes,,,178
2345,INVALID,Office du tourisme Lannion,,,205
242,VALID,y a-t-il un train rapide sans arrêt boulogne-billancourt paris ?,Boulogne-Billancourt,Paris,113
2947,INVALID,Associations à Verdun,,,207
2560,INVALID,Clubs sportifs Dinan,,,215
2722,INVALID,Guide urbain Manosque,,,253
3834,INVALID,je vis a grenoble,,,168
197,VALID,y a-t-il un train toutes les deux heures de romans-sur-isère à pontivy ?,Romans-sur-Isère,Pontivy,145
1167,VALID,Y a-t-il un TGV Laon Auch ?,Laon,Auch,34
3183,INVALID,Marchés hebdomadaires Marseille,,,238
368,VALID,Je dois voyager en train de Montbéliard vers Le Puy-en-Velay mercredi,Montbéliard,Le Puy-en-Velay,136
752,VALID,Y a-t-il un Intercités Provins Aix-en-Provence ?,Provins,Aix-en-Provence,57
3088,INVALID,Quel temps fait-il à Albi ?,,,151
887,VALID,Je veux le prochain départ en train de Évry pour Orléans,Évry,Orléans,122
2328,INVALID,Architceure de Fontenay-le-Comte,,,198
1448,VALID,Y a-t-il un départ vers 14h de Lens pour Rodez ?,Lens,Rodez,117
2924,INVALID,Concert prévu à Troyes,,,174
700,VALID,Train du soir Aix-les-Bains Angoulême,Aix-les-Bains,Angoulême,66
2704,INVALID,Centres commerciaux Antibes,,,226
822,VALID,Prochain train pour Ancenis depuis Nantes,Nantes,Ancenis,13
3797,VALID,commentr ejoindre nirot depuis cane ne train ?,Caen,Niort,38
2202,INVALID,Centres commerciaux Nice,,,226
462,VALID,Quel train prendre pour aller de Thonon-les-Bains à Besançon ?,Thonon-les-Bains,Besançon,84
2183,INVALID,Hôtel pas cher à Étampes,,,170
2511,INVALID,Événements sportifs Clermont-Ferrand,,,250
614,VALID,Je souhaite partir en milieu de matinée de Saint-Brieuc vers Clermont-Ferrand,Saint-Brieuc,Clermont-Ferrand,92
3807,VALID,y a-tt--il un train avatn 8h de beelfort a  bolbc e?,Belfort,Bolbec,103
1597,VALID,Je veux arriver à Meaux depuis Valence,Valence,Meaux,63
2348,INVALID,Journaux locaux Verdun,,,192
2597,INVALID,Quartiers modernes Soissons,,,244
1110,VALID,Je cherche un train dimanche de Bastia à Quimper,Bastia,Quimper,132
919,VALID,Prochain train pour Saint-Malo depuis Saint-Brieuc,Saint-Brieuc,Saint-Malo,13
3109,INVALID,Guide pratique Vendôme,,,229
139,VALID,à quelle heure arrive le train à rouen depuis aix-en-provence ?,Aix-en-Provence,Rouen,48
1496,VALID,Y a--til nu départ en débutd e soirée de Épina pour Vedrun ?,Épinal,Verdun,85
3922,VALID,Y a-t-il un TER Lille Oyonnax ?,Lille,Oyonnax,68
921,VALID,Y a-t-il des réductions sur le train Elbeuf Lunéville ?,Elbeuf,Lunéville,99
3598,INVALID,Je suis né à Montreuil,,,185
191,VALID,y a-t-il un départ vers 14h de boulogne-sur-mer pour vannes ?,Boulogne-sur-Mer,Vannes,117
788,VALID,Je veux acheter un billet de train Charleville-Mézières Roubaix,Charleville-Mézières,Roubaix,83
3686,INVALID,services publics epernay,,,234
1852,INVALID,bibliothèque à bourges,,,212
410,VALID,Y a-t-il un TGV Vierzon Chalon-sur-Saône ?,Vierzon,Chalon-sur-Saône,34
1431,VALID,Y a-t-il un TER Maubeuge Lyon ?,Maubeuge,Lyon,68
1124,VALID,Billet aller simple en train Créteil Cambrai,Créteil,Cambrai,70
2044,INVALID,office posttal soissonns,,,221
1363,VALID,Je souhaite partir en milieu de matinée de Argenteuil vers Cannes,Argenteuil,Cannes,92
3539,INVALID,Espaces verts Bar-le-Duc,,,239
174,VALID,je cherche un train pour la semaine prochaine de évreux à elbeuf,Évreux,Elbeuf,106
953,VALID,Un billet de train pour aller de Reims à Angers,Reims,Angers,33
3438,INVALID,Carte météo Bar-le-Duc,,,251
3788,VALID,train en fin d'apres-midi lille rennes,Lille,Rennes,76
1236,VALID,Y a-t-il un train vers midi de Arras à Quimper ?,Arras,Quimper,137
2998,INVALID,Associations locales Valence,,,236
98,VALID,je cherche le train le plus économique de évreux à dunkerque,Évreux,Dunkerque,124
2641,INVALID,Cartographie Pontoise,,,237
2691,INVALID,Immobilier à Béthune,,,208
2365,INVALID,J'habite à Villeurbanne,,,17
382,VALID,Train du matin Pontoise Laon,Pontoise,Laon,29
212,VALID,un billet beauvais lorient s'il vous plaît,Beauvais,Lorient,2
2609,INVALID,Centres sportifs Albertville,,,235
1647,VALID,Trajet de Fécamp vers Manosque,Fécamp,Manosque,11
3423,INVALID,Le maire de Clisson,,,158
3580,INVALID,Statistiques économiques Vichy,,,272
1036,VALID,Y a-t-il des trains vers Auxerre au départ de Douai ?,Douai,Auxerre,4
2176,INVALID,Marseille est une belle ville,,,153
3197,INVALID,Marché local Cambrai,,,202
177,VALID,train de fin de journée vernon vers nevers,Vernon,Nevers,147
1821,INVALID,zones touristiques vannes,,,249
3348,INVALID,Restaurant à Montélimar,,,159
1288,VALID,Je cherche le meilleur horaire de train Montbéliard Annecy,Montbéliard,Annecy,86
1399,VALID,Prochain départ de Lons-le-Saunier pour Étampes,Lons-le-Saunier,Étampes,27
3952,INVALID,Musee celebre a Clisson,,,166
3760,INVALID,yvetot est une belle ville,,,18
1593,VALID,Je veux partir de Dieppe et descendre à Bordeaux,Dieppe,Bordeaux,108
371,VALID,Train de fin de journée Aix-les-Bains vers Antibes,Aix-les-Bains,Antibes,147
501,VALID,Je cherche le meilleur horaire de train Angers Aix-les-Bains,Angers,Aix-les-Bains,86
1882,INVALID,guide étudiant loches,,,201
2477,INVALID,Plan de ville Lourdes,,,206
2162,INVALID,Carte détaillée Montreuil,,,265
3864,INVALID,histoire de lons-le-saunier,,,171
3694,VALID,y a-t-il un train dans l'heure de les sables-d'olonne vers epinal ?,Les Sables-d'Olonne,Épinal,80
1699,VALID,Un billet Abbeville Yvetot s'il vous plaît,Abbeville,Yvetot,2
22,VALID,y a-t-il un ter rouen étampes ?,Rouen,Étampes,68
1768,VALID,Je veux réserver pour le train de Dunkerque vers Amiens,Dunkerque,Amiens,130
2216,INVALID,Université à Saint-Denis,,,179
9,VALID,y a-t-il des trains disponibles de créteil à béthune ?,Créteil,Béthune,50
1773,INVALID,associations locales boulogne-billancourt,,,236
461,VALID,Y a-t-il un train l'après-midi de Chinon à Perpignan ?,Chinon,Perpignan,121
2004,INVALID,restaurant à bourges,,,25
1776,INVALID,restaurant à pontarlier,,,159
2351,INVALID,Le maire de Brest,,,158
1812,INVALID,centres médicaux challans,,,242
961,VALID,À quelle heure arrive le train à Lisieux depuis Verdun ?,Verdun,Lisieux,48
1536,VALID,Un aller simple Strasbourg Le Puy-en-Velay,Strasbourg,Le Puy-en-Velay,10
1311,VALID,Je dois prendre un train de Nevers à Port-Boulet lundi,Nevers,Port-Boulet,96
3142,INVALID,Population urbaine Béthune,,,266
3631,INVALID,Météo actuelle à Lannion,,,167
574,VALID,Y a-t-il un Ouigo de Chaumont vers Bourgoin-Jallieu ?,Chaumont,Bourgoin-Jallieu,109
2522,INVALID,Plages proches de Douai,,,181
2283,INVALID,Bonjour,,,21
3488,INVALID,Concert prévu à Nîmes,,,174
1362,VALID,J dois voyager en train de Lyon vers Meaux mercredi,Lyon,Meaux,136
178,VALID,train express de orange vers saumur,Orange,Saumur,139
1534,VALID,Je veux un train rapide de Nîmes à Berck,Nîmes,Berck,35
244,VALID,je cherche un raiin après 18h de besançon vers argenteuil,Besançon,Argenteuil,98
1104,VALID,Je souhaite voyager de Belfort vers Évreux,Belfort,Évreux,5
1322,VALID,Je veux le train avec le meilleur confort Port-Boulet Brest,Port-Boulet,Brest,138
717,VALID,Je cherche un train pour la semaine prochaine de Toulon à Châlons-en-Champagne,Toulon,Châlons-en-Champagne,106
164,VALID,y a-t-il un tgv direct tarbes rennes ?,Tarbes,Rennes,93
3838,VALID,je veux un train confortable de avranches a nice,Avranches,Nice,69
1950,INVALID,université à aix-en-provence,,,179
4082,VALID,Y a-t-il un train rapide sans arret Marseille Bourgoin-Jallieu ?,Marseille,Bourgoin-Jallieu,113
1806,INVALID,architecture de douai,,,198
790,VALID,Je cherche un train jeudi de Challans à Rodez,Challans,Rodez,140
547,VALID,Je dois prendre le train de Vienne pour Mulhouse,Vienne,Mulhouse,45
3989,VALID,Je dois me deplacer de Valenciennes a Dunkerque en train,Valenciennes,Dunkerque,65
1185,VALID,Je cherche un trajet en train de Arras vers Segré,Arras,Segré,30
1682,VALID,Billet de train Limoges Laval pour aujourd'hui,Limoges,Laval,40
2387,INVALID,Centres culturels Saint-Malo,,,254
1963,INVALID,j'habite actuellement à carcassonne,,,161
1194,VALID,Train du matin Nancy Lannion,Nancy,Lannion,29
1021,VALID,Je veux partir en train de Lens à Abbeville samedi,Lens,Abbeville,126
425,VALID,Je dois être à Roubaix avant midi en partant de Meaux,Meaux,Roubaix,88
621,VALID,Traain de milieu daprès-midi Laval Mende,Laval,Mende,143
657,VALID,Je veux partir après le déjeuner de Troyes pour Chinon,Troyes,Chinon,134
4103,VALID,Je voudrais aller de Besancon a Pontivy en TGV,Besançon,Pontivy,47
1001,VALID,Je souhaite partir en milieu de matinée de Roamns-sur-Isère vers Saint-Denis,Romans-sur-Isère,Saint-Denis,92
2259,INVALID,Verdun ou Avignon pour les vacances ?,,,157
755,VALID,Y a-t-il un train dans l'heure de Toul vers Montargis ?,Toul,Montargis,80
3326,INVALID,J'habite à Bayonne,,,17
1472,VALID,Je veux acheter un billet de train Chambéry Strasbourg,Chambéry,Strasbourg,83
4044,INVALID,Specialites culinaires Pontivy,,,187
565,VALID,Billet de train Limoges Auxerre pour aujourd'hui,Limoges,Auxerre,40
2770,INVALID,La distance entre Niort et Nîmes,,,276
1439,VALID,Train ave cplaces assises garanties Vitry-le-Françios Fontenay-lleComte,Vitry-le-François,Fontenay-le-Comte,119
2356,INVALID,Centres culturels Tourcoing,,,254
1837,INVALID,la distance entre nantes et cergy,,,20
908,VALID,Je veux artir en trrain de Évreux à  Douaii smedi,Évreux,Douai,126
1744,VALID,Je pars en train de Bourges vers Vannes,Bourges,Vannes,71
2290,INVALID,Plan de ville Arles,,,206
2817,INVALID,Université à Alençon,,,179
934,VALID,Je veux partir de Dunkerque et descendre à Laon,Dunkerque,Laon,108
3924,INVALID,Meteo actuelle a Cambrai,,,167
1643,VALID,Je veux le train le plus rapide de Carcassonne à Pontivy,Carcassonne,Pontivy,79
1755,VALID,Je dois aller à Montbéliard en partant de Digne-les-Bains en train,Digne-les-Bains,Montbéliard,128
3014,INVALID,Je vis à Vitré,,,168
1207,VALID,Billet aller simple en train Bastia Pau,Bastia,Pau,70
4029,INVALID,Entreprise connue a Nantes,,,180
658,VALID,Départ Morlaix arrivée Verdun,Morlaix,Verdun,15
2773,INVALID,Cartographie Dijon,,,237
3022,INVALID,Carte des quartiers Béziers,,,267
3241,INVALID,Shopping à Vannes,,,182
2534,INVALID,Langue parlée à Belfort,,,175
2462,INVALID,Événements locaux Arras,,,228
151,VALID,prochain train pour amiens depuis rouen,Rouen,Amiens,13
3191,INVALID,Événements sportifs Pau ,,,250
1949,INVALID,carte interactive verdun,,,240
136,VALID,je veux partir en milieu de soirée de limoges pour bordeaux,Limoges,Bordeaux,150
3707,VALID,je pars de ancnis direction dijon,Ancenis,Dijon,12
2615,INVALID,Carte générale Rennes,,,257
2030,INVALID,centres de loisirs saint-denis,,,262
3210,INVALID,Quel temps fait-il à Soissns ??,,,151
3265,INVALID,Les Sables-d'Olonne ou Thonon-les-Bains pour les vacances ?,,,157
2839,INVALID,Marchés hebdomadaires Lille,,,238
4012,INVALID,Vannes est magnifique en ete,,,162
1019,VALID,Y a-t-il un Ouigo de Rouen vers Lunéville ?,Rouen,Lunéville,109
3877,INVALID,langue parlee a macon,,,175
2431,INVALID,Quelle est la population de Mâcon ?,,,22
901,VALID,Je veux arriver à Boulogne-sur-Mer depuis Évreux,Évreux,Boulogne-sur-Mer,63
2925,INVALID,Plages proches de Douai,,,181
225,VALID,je veux le train le plus rapide de reims à saint-malo,Reims,Saint-Malo,79
1142,VALID,Dernier train de Tarbes vers Digne-les-Bains,Tarbes,Digne-les-Bains,42
2761,INVALID,Activités nocturnes Saint-Dizier,,,255
2337,INVALID,Actualités à Bourgoin-Jallieu,,,178
3862,INVALID,code postal segre,,,176
2242,INVALID,Carte des routes Amiens,,,223
1890,INVALID,concert prévu à perpignan,,,174
812,VALID,Je voudrais connaître les horaires de train de Thonon-les-Bains à Fontenay-le-Comte,Thonon-les-Bains,Fontenay-le-Comte,67
2837,INVALID,Activités culturelles Marseille,,,247
471,VALID,Y a-t-il un train dans l'heure de Nantes vers Oyonnax ?,Nantes,Oyonnax,80
1470,VALID,Je cherche untrainn pour demain de Épernay à Bordeaux,Épernay,Bordeaux,75
2617,INVALID,Carte géérale Loches,,,257
659,VALID,Je cherche un train jeudi de Moulins à Sait-Omer,Moulins,Saint-Omer,140
2671,INVALID,Photos anciennes Béziers,,,200
230,VALID,train en milieu de journée granville étampes,Granville,Étampes,101
2864,INVALID,Informations locales Aurillac,,,241
3650,INVALID,JJe suis né à Cinonn,,,185
23,VALID,je veux le train le plus rapide de mulhouse à lannion,Mulhouse,Lannion,79
2383,INVALID,Hôtel disponible à Poitiers,,,163
2222,INVALID,Zones touristiques Elbeuf,,,249
1495,VALID,Y a-t-il un Intercités Amiens Amboise ?,Amiens,Amboise,57
962,VALID,Combien de temps dure le trajet en train de Oyonnax à Marseille ?,Oyonnax,Marseille,60
2193,INVALID,Transport urbain Lunéville,,,258
3825,INVALID,mon ami vit a toulouse et moi a ancenis,,,19
684,VALID,Train de nuit Oyonnax Orléans,Oyonnax,Orléans,36
1608,VALID,Quel est le meilleur train de Avranches à Saint-Dizier ?,Avranches,Saint-Dizier,44
791,VALID,Train du matin Laval Villeurbanne,Laval,Villeurbanne,29
1751,VALID,Je pars en train de Albertville vers Cambrai,Albertville,Cambrai,71
1794,INVALID,bibliothèque à pontivy,,,212
3577,INVALID,Bonjour,,,21
2444,INVALID,Carte météo Florence,,,251
1216,VALID,Je cherche le train le moins cher de Montpellier à Sens,Montpellier,Sens,54
2008,INVALID,ifromations générales villeeurbanne ,,,275
3759,INVALID,le maire de cambrai,,,24
1310,VALID,Combien de temps dure le trajet en train de Dunkerque à Boulogne-sur-Mer ?,Dunkerque,Boulogne-sur-Mer,60
1617,VALID,Y a-t-il un départ en soirée de Thonon-les-Bains pour Pontoise ?,Thonon-les-Bains,Pontoise,141
753,VALID, Je veux acheteer un  billet de train Saint--Dizier Troyes,Saint-Dizier,Troyes,83
2152,INVALID,Bibliothèque à Caen,,,212
826,VALID,Y a-t-il des trains en semaine de Dieppe à Strasbourg ?,Dieppe,Strasbourg,74
824,VALID,Train de fin de journée Aix-les-Bains vers Manosque,Aix-les-Bains,Manosque,147
76,VALID,train express de chambéry vers brest,Chambéry,Brest,139
1513,VALID,Train avec places assises garanties Périgueux Elbeuf,Périgueux,Elbeuf,119
1257,VALID,Je dois voyager de Challans à Nanterre ce week-end,Challans,Nanterre,77
3422,INVALID,Plages proches de Auch,,,181
527,VALID,Un billet Chartres Nantes s'il vous plaît,Chartres,Nantes,2
1748,VALID,Je veux réserver pour le train de Périgueux vers Albertville,Périgueux,Albertville,130
3002,INVALID,Carte des quartiers Clermont-Ferrand,,,267
4019,INVALID,Heure locale a Douai,,,194
903,VALID,Je veux réserver une place dans le train Valence Rouen,Valence,Rouen,90
3517,INVALID,Bibliothèque à Tarbes,,,212
3303,INVALID,Centres éducatifs Pontoise,,,270
3094,INVALID,Oyonnax ou Charleville-Mézières pour les vacances ?,,,23
1178,VALID,Je voudrais connaître les horaires de train de Pontarlier à Berck,Pontarlier,Berck,67
51,VALID,je vais de toulon à morlaix en train,Toulon,Morlaix,52
1015,VALID,Quel train me conseillez-vous de Caen à Briançon ?,Caen,Briançon,53
2557,INVALID,Économie de Grenoble,,,199
1781,INVALID,activités culturelles clermont-ferrand,,,247
1791,INVALID,carte interactive saint-quentin,,,240
1414,VALID,Je veux réserver pour le train de Évreux vers Châlons-en-Champagne,Évreux,Châlons-en-Champagne,130
1296,VALID,Un billet Niort Saint-Étienne s'il vous plaît,Niort,Saint-Étienne,2
3964,VALID,Trajet de Abbeville vers Vierzon,Abbeville,Vierzon,11
166,VALID,je cherche un train valence port-boulet,Valence,Port-Boulet,14
2907,INVALID,Épinal est une bele villle,,,18
1300,VALID,Je voudrais partir de Bayonne pour aller à Albert,Bayonne,Albert,9
3054,INVALID,Carte météo Strasbourg,,,251
1402,VALID,Je dois mee rendre à Étampes epuis Angers een TTV,Angers,Étampes,144
2952,INVALID,Population active Le Puy-en-Velay,,,220
520,VALID,Y a-t-il un train vers midi de Vernon à Nîmes ?,Vernon,Nîmes,137
2697,INVALID,Population étudiante Bordeaux,,,193
1330,VALID,Y a-t-il un Intercités Aubenas Nevers ?,Aubenas,Nevers,57
2494,INVALID,Concert prévu à Yvetot,,,174
1684,VALID,Train quotidien Loches Pontoise,Loches,Pontoise,107
152,VALID,train direct sans correespondanec dijon concarneau,Dijon,Concarneau,82
2558,INVALID,Carte historique Paris,,,210
2116,INVALID,Carte détaillée Bar-le-Duc,,,265
3366,INVALID,Centres de loisirs Lourdes,,,262
1848,INVALID,zones industrielles aix-les-bains,,,231
1457,VALID,Train de nuit Vernon Montauban,Vernon,Montauban,36
1965,INVALID,statistiques économiques elbeuf,,,272
3894,VALID,je souhaite reserver un train de oyonnax vers belfort,Oyonnax,Belfort,58
2455,INVALID,Acitvitésnocturns Cambrai,,,255
3754,VALID,je veux un train avec prises electriques la rochelle orange,La Rochelle,Orange,146
2547,INVALID,Carte ddes routes Meaux,,,223
1678,VALID,Train de fin de journée Laon vers Ajaccio,Laon,Ajaccio,147
650,VALID,Train de milieu d'après-midi Auray Étampes,Auray,Étampes,143
680,VALID,Je veux partir en train de Quimper à Béziers samedi,Quimper,Béziers,126
1925,INVALID,statistiques météo nîmes,,,204
1312,VALID,Je cherche un train dimanche de Montbéliard à Bourg-en-Bresse,Montbéliard,Bourg-en-Bresse,132
2513,INVALID,Le Havre estt une belle ville,,,18
116,VALID,je veux aller de berck à aix-les-bains,Berck,Aix-les-Bains,1
3221,INVALID,Clubs sportifs Berck,,,215
977,VALID,Je cherche un train pour la semaine prochaine de Lourdes à Évreux,Lourdes,Évreux,106
251,VALID,y a-t-il un train toutes les deux heures de bar-le-duc à rouen ?,Bar-le-Duc,Rouen,145
463,VALID,Train en milieu de journée Chaumont Douai,Chaumont,Douai,101
839,VALID,Je veux acheter un billet de train Dieppe Toul,Dieppe,Toul,83
180,VALID,quel train prendre pour aller de antibes à saint-malo ?,Antibes,Saint-Malo,84
2971,INVALID,Activitésncturnes Vichy,,,255
2172,INVALID,Centres commerciaux Digne-les-Bains,,,226
27,VALID,y a-t-il des trains en semaine de amboise à étampes ?,Amboise,Étampes,74
3127,INVALID,Centres éducatifs Bourg-en-Bresse,,,270
2972,INVALID,Population active Cannes,,,220
3937,VALID,Train de debut de soiree Orleans Caen,Orléans,Caen,123
3885,VALID,je veux un train rapide de vendome a cherbourg,Vendôme,Cherbourg,35
3433,INVALID,Carte de Lunéville,,,169
2835,INVALID,Bonjour,,,156
1621,VALID,Je dois me déplacer de Morlaix à Chinon en train,Morlaix,Chinon,65
506,VALID,Y a-t-il un départ vers 14h de Saint-Dizier pour Granville ?,Saint-Dizier,Granville,117
3049,INVALID,Heure locale à Dinan,,,194
1829,INVALID,shopping à vienne,,,182
2508,INVALID,Quartiers historiques Privas,,,227
2191,INVALID,Services publics Évreux,,,234
2250,INVALID,Carte postale Nancy,,,196
2138,INVALID,Centres éducatifs Antibes,,,270
3986,VALID,Je veux comparer les horaires de train de Challans a La Rochelle,Challans,La Rochelle,94
3200,INVALID,J'habite à Pontivy,,,152
3226,INVALID,Quartier sûr à Mende,,,190
2336,INVALID,Événements sportifs Montbéliard,,,250
1922,INVALID,ambassade à berck,,,184
3903,INVALID,Evenements sportifs Vannes,,,250
169,VALID,y a-t-il un départ tôt demain de digne-les-bains vers saint-brieuc ?,Digne-les-Bains,Saint-Brieuc,125
475,VALID,Y a-t-il un TGV direct Étampes Lille ?,Étampes,Lille,93
2814,INVALID,Transports locaux Aix-en-Provence,,,273
3003,INVALID,Musée à visiter à Carcassonne,,,172
646,VALID,Je dois me rendre à Bar-le-Duc depuis Romans-sur-Isère en TGV,Romans-sur-Isère,Bar-le-Duc,144
4070,INVALID,Evenements culturels Meaux,,,268
3878,VALID,train avec places assises garanties annemasse boulogne-sur-mer,Annemasse,Boulogne-sur-Mer,119
2079,INVALID,Écoles àThonon-les-Bains,,,213
4028,INVALID,Langue parlee a Concarneau,,,175
1080,VALID,Train de nuit Clisson Nîmes,Clisson,Nîmes,36
1531,VALID,Train quotidien Saint-Brieuc Orléans,Saint-Brieuc,Orléans,107
2465,INVALID,Centres commerciaux Elbeuf,,,226
4102,VALID,Train de fin de journee Vierzon vers Laon,Vierzon,Laon,147
3157,INVALID,Météo actuelle à Poitiers,,,167
3355,INVALID,Population totale Saumur,,,252
2407,INVALID, Carte opstale Aix-en-Provence,,,196
232,VALID,y a-t-il un train toutes les heures de digne-les-bains à vitry-le-françois ?,Digne-les-Bains,Vitry-le-François,89
2036,INVALID,langue parlée à périgueux,,,175
3484,INVALID,Carte administrative Lille,,,218
2331,INVALID,Quartiers de Cergy,,,173
1628,VALID,Je veux un billet flexible Chartres Bar-le-Duc,Chartres,Bar-le-Duc,114
3424,INVALID,Guide pratique Bordeaux,,,229
3363,INVALID,Quartiers modernes Cambrai,,,244
3854,VALID,y a-t-il un train vers 10h de vesoul a chartres ?,Vesoul,Chartres,129
3823,INVALID,centres de loisirs compiegne,,,262
638,VALID,Je dois voyager de Paris à Boulogne-Billancourt vendredi,Paris,Boulogne-Billancourt,112
