sentence_id,label,sentence,town1,town2,template_id
3460,INVALID,mon ami vit a pau et moi a angers,Pau,Angers,19
545,VALID,Je dois me rendre de Concarneau à Perpignan,Concarneau,Perpignan,7
328,VALID,Prochain train pour Troyes depuis Montauban,Montauban,Troyes,13
529,VALID,Je voudrais partir ed lAbi pour aller à Tourcoing,Albi,Tourcoing,9
1167,VALID,Prochain train pour Maubeuge depuis Lille,Lille,Maubeuge,13
366,VALID,Je cherche un train Montbéliard Albertville,Montbéliard,Albertville,14
290,VALID,Je souhaite voyager de Épinal vers Évreux,Épinal,Évreux,5
1858,VALID,Vierzon Loches pour demain,Vierzon,Loches,6
2255,INVALID,Quelle est la population de Gap ?,Gap,Yvetot,22
305,VALID,Je veux aller de Briançon à Colmar,Briançon,Colmar,1
3451,VALID,un billet dunkerque sens s'il vous plait,Dunkerque,Sens,2
598,VALID,Trajet de Créteil vers Chartres,Créteil,Chartres,11
3550,INVALID,j'habite a cherbourg,Cherbourg,Saint-Denis,17
1034,VALID,Je veux aller de Lens à Oyonnax,Lens,Oyonnax,1
309,VALID,Je dois me rendre de Pontivy à Vendôme,Pontivy,Vendôme,7
3809,INVALID,Bonjour,Rouen,Nantes,21
2130,INVALID,Port-Boulet ou Nancy pour les vacances ?,Port-Boulet,Nancy,23
2125,INVALID,Avignon est une belle ville,Avignon,Ancenis,18
334,VALID,Trajet de Aix-en-Provence vers Les Sables-d'Olonne,Aix-en-Provence,Les Sables-d'Olonne,11
3046,INVALID,La distance entre Dinan et Bourg-en-Bresse,Dinan,Bourg-en-Bresse,20
2140,INVALID,Le maire de Versailles,Versailles,Brest,24
2075,INVALID,quelle est la population de fécamp ?,Fécamp,Strasbourg,22
2810,INVALID,Quel temps fait-il à Reims ?,Reims,Épernay,16
330,VALID,Trajet de Abbeville vers Concarneau,Abbeville,Concarneau,11
3428,VALID,comment me rendre a laval depuis angers ?,Angers,Laval,3
1760,VALID,Je pars de Étampes direction Nanterre,Étampes,Nanterre,12
525,VALID,Je souhaite voyager de Tarbes vers Dieppe,Tarbes,Dieppe,5
1857,VALID,Je pars de Perpignan direction Béthune,Perpignan,Béthune,12
2769,INVALID,Clermont-Ferrand ou Douai pour les vacances ?,Clermont-Ferrand,Douai,23
1672,VALID,Quels sont les horaires de train ours Thono-nles-Bains ?,Tours,Thonon-les-Bains,8
264,VALID,comment me rendre à briançon depuis segré ?,Segré,Briançon,3
210,VALID,je souhaite voyager de bourges vers montpellier,Bourges,Montpellier,5
3420,VALID,un billet arras orange s'il vous plait,Arras,Orange,2
3384,INVALID,Mon ami vit à Chambéry et moi à Cergy,Chambéry,Cergy,19
1313,VALID,Trajet de Lille vers Montbéliard,Lille,Montbéliard,11
392,VALID,Je souhaite voyager de Versailles vers Chambéry,Versailles,Chambéry,5
3296,INVALID,Quel temps fait-il à Briançon ?,Briançon,Abbeville,16
1979,INVALID,mon ami vit à florence et moi à saint-étienne,Florence,Saint-Étienne,19
160,VALID,y a-t-il des trains vers châlons-en-champagne au départ de aurillac ?,Aurillac,Châlons-en-Champagne,4
459,VALID,Prochain train pour Saumur depuis Metz,Metz,Saumur,13
2290,INVALID,Bourges ou La Rochelle pour les vacances ?,Bourges,La Rochelle,23
2037,INVALID,quel temps fait-il à thonon-les-bains ?,Thonon-les-Bains,Paris,16
3006,INVALID,Quelle est la population de Laval ?,Laval,Aubenas,22
3632,VALID,saint-omer marseille pour demain,Saint-Omer,Marseille,6
1790,VALID,Un billet Florence Caen s'il vous plaît,Florence,Caen,2
440,VALID,Je dois me rendre de Aix-en-Provence à Cherbourg,Aix-en-Provence,Cherbourg,7
895,VALID,Départ Nanterre arrivée Yvetot,Nanterre,Yvetot,15
142,VALID,je veux aller de mâcon à tourcoing,Mâcon,Tourcoing,1
1754,VALID,Prochain train pour Les Sables-d'Olonne depuis Montbéliard,Montbéliard,Les Sables-d'Olonne,13
211,VALID,départ cherbourg arrivée vannes,Cherbourg,Vannes,15
2297,INVALID,Mon ami vit à Hazebrouck et moi à Créteil,Hazebrouck,Créteil,19
1069,VALID,Comment me rendre à Granville depusi Nioort ?,Niort,Granville,3
1057,VALID,Je voudrais partir de Ajaccio pour aller à Aubenas,Ajaccio,Aubenas,9
3877,INVALID,Vannes est une belle ville,Vannes,Valence,18
1124,VALID,Je cherche un train Aix-en-Provence Abbeville,Aix-en-Provence,Abbeville,14
2954,INVALID,La distance entre Besançon et Reims,Besançon,Reims,20
3319,INVALID,Quelle est la population de Mâcon ?,Mâcon,Saumur,22
3729,VALID,Quels sont les horaires de train Pontarlier Cholet ?,Pontarlier,Cholet,8
2471,INVALID,Clisson est une belle ville,Clisson,Oyonnax,18
217,VALID,prochain train pour dinan depuis alençon,Alençon,Dinan,13
3497,VALID,je souhaite voyager de annecy vers angouleme,Annecy,Angoulême,5
3745,VALID,Luneville Lille pour demain,Lunéville,Lille,6
2862,INVALID,La distance entre Saint-Denis et Berck,Saint-Denis,Berck,20
2306,INVALID,Digne-les-Bains ou Toulouse pour les vacances ?,Digne-les-Bains,Toulouse,23
3469,INVALID,j'habite a vernon,Vernon,Chinon,17
2103,INVALID,fontainebleau ou créteil pour les vacances ?,Fontainebleau,Créteil,23
2416,INVALID,Bonjour,Pontivy,Bordeaux,21
1727,VALID,Je pars de Orange direction Orléans,Orange,Orléans,12
690,VALID,Je souhaite vyager de iBarritz vers Auch,Biarritz,Auch,5
795,VALID,Prochain train pour Annemasse depuis Auxerre,Auxerre,Annemasse,13
1054,VALID,Albi Vannes pour demain,Albi,Vannes,6
2302,INVALID,Restaurant à Bourges ,Bourges,Clisson,25
1517,VALID,Quels sont les horaires de train Strasbourg Rouen ?,Strasbourg,Rouen,8
3702,INVALID,J'habite a Marseille,Marseille,Brest,17
3887,INVALID,Saumur est une belle ville,Saumur,Roubaix,18
869,VALID,Je voudrais partir de Orange pour aller à Bourgoin-Jallieu,Orange,Bourgoin-Jallieu,9
2132,INVALID,Quelle est la population de Calais ?,Calais,Évreux,22
3,VALID,annecy châteaubriant pour demain,Annecy,Châteaubriant,6
432,VALID,Un billet Vienne Moulins s'il vous plaît,Vienne,Moulins,2
738,VALID,Je dois me rendre de Épernay à Bourg-en-Bresse,Épernay,Bourg-en-Bresse,7
2858,INVALID,Mon ami vt à Montélimar e moi à Langre,Montélimar,Langres,19
1480,VALID,Y at--il des trains vers Châtaeubriant au départ de Saint-Éttienne ?,Saint-Étienne,Châteaubriant,4
2780,INVALID,Quelle est la population de Aix-les-Bains ?,Aix-les-Bains,Lille,22
2825,INVALID,Bonjour,Bourg-en-Bresse,Briançon,21
187,VALID,je souhaite voyager de besançon vers évreux,Besançon,Évreux,5
1633,VALID,Montbéliard Épernay pour demain,Montbéliard,Épernay,6
2281,INVALID,Mon ami vit à Sens et moi à Bourgoin-Jallieu,Sens,Bourgoin-Jallieu,19
1381,VALID,Un aller simple Thonon-les-Bains Mulhouse,Thonon-les-Bains,Mulhouse,10
364,VALID,Je cherche un train Tourcoing Bourgoin-Jallieu,Tourcoing,Bourgoin-Jallieu,14
1338,VALID,Comment me rendre à Lille depuis Laon ?,Laon,Lille,3
1048,VALID,Quels sont les horaires de train Florence Niort ?,Florence,Niort,8
2003,INVALID,mon ami vit à pontivy et moi à montivilliers,Pontivy,Montivilliers,19
3715,INVALID,Restaurant a Alencon,Alençon,Loches,25
2863,INVALID,Poitiers ou Sens pour les vacances ?,Poitiers,Sens,23
646,VALID,Je pars de Aubenas direction Marseille,Aubenas,Marseille,12
2219,INVALID,Restaurant à Carcassonne,Carcassonne,Poitiers,25
3314,INVALID,La distance entre Vesoul et Fougères,Vesoul,Fougères,20
3886,INVALID,Quel temps fait-il a Le Havre ?,Le Havre,Elbeuf,16
1380,VALID,Y a-t-il des trains vers Laval au départ de Orléans ?,Orléans,Laval,4
2708,INVALID,Le maire de Grenoble,Grenoble,Saumur,24
624,VALID,Quels sont les horaires de train Romans-sur-Isère Loches ?,Romans-sur-Isère,Loches,8
1625,VALID,Je voudrais partir de Digne-les-Bains pour aller à Niort,Digne-les-Bains,Niort,9
2448,INVALID,Caen ou Bordeaux pour les vacances ?,Caen,Bordeaux,23
2799,INVALID,Mon ami vit à Chalon-sur-Saône et moi à Pontoise,Chalon-sur-Saône,Pontoise,19
3216,INVALID,Cannes est une belle ville,Cannes,Strasbourg,18
1811,VALID,Je prs de Albertville direction Quimper,Albertville,Quimper,12
1007,VALID,Un billet Lourdes Villeurbanne s'il vous plaît,Lourdes,Villeurbanne,2
1064,VALID,Quels sont les horaires de train Bordeaux Vernon ?,Bordeaux,Vernon,8
928,VALID,Quels sont les horaires de train Chartres Perpignan ?,Chartres,Perpignan,8
1553,VALID,Prochain train pour Port-Boulet depuis Chaumont,Chaumont,Port-Boulet,13
3870,VALID,Y a-t-il des trains vers Vesoul au depart de Biarritz ?,Biarritz,Vesoul,4
2745,INVALID,Le maire de Fontenay-le-Comte,Fontenay-le-Comte,Avranches,24
2813,INVALID,Quimper est une belle ville,Quimper,Vendôme,18
1761,VALID,Un billet Albert Maubeuge s'il vous plaît,Albert,Maubeuge,2
312,VALID,Je cherche un trai Châteaubriant Concarneau,Châteaubriant,Concarneau,14
3784,VALID,Quels sont les horaires de train Angouleme Vitre ?,Angoulême,Vitré,8
3689,INVALID,La distance entre Villeurbanne et Sens,Villeurbanne,Sens,20
1813,VALID,Trajet de Montpellier vers Troyes,Montpellier,Troyes,11
3048,INVALID,Le maire de Romans-sur-Isère,Romans-sur-Isère,Châteaubriant,24
455,VALID,Je pars de Concarneau direction Pontivy,Concarneau,Pontivy,12
1347,VALID,Je dois me rendre de Nice à Fécamp,Nice,Fécamp,7
1503,VALID,Je veux aller de Angers à Rodez,Angers,Rodez,1
2588,INVALID,Mon ami vit à Nantes et moi à Metz,Nantes,Metz,19
3310,INVALID,Quelle est la population de Mende ?,Mende,Agen,22
2973,INVALID,Quelle est la population de Aix-les-Bains ?,Aix-les-Bains,Vernon,22
784,VALID,Comment me rendre à Chartres depuis Bordeaux ?,Bordeaux,Chartres,3
1590,VALID,Comment me rendre à Lannion depuis Vannes ?,Vannes,Lannion,3
1802,VALID,Comment me rendre à Châlons-en-Champagne depuis Saint-Omer ?,Saint-Omer,Châlons-en-Champagne,3
3227,INVALID,La distance entre Florence et Segré,Florence,Segré,20
2316,INVALID,La distance entre Douai et Albi,Douai,Albi,20
2733,INVALID,Elbeuf ou Dunkerque pour les vacances ?,Elbeuf,Dunkerque,23
1522,VALID,Elbeuf Chalon-sur-Saône pour demain,Elbeuf,Chalon-sur-Saône,6
383,VALID,Un aller simple Amiens Bordeaux,Amiens,Bordeaux,10
3676,INVALID,Quelle est la population de Rodez ?,Rodez,Pau,22
172,VALID,prochain train pour mâcon depuis caen,Caen,Mâcon,13
2796,INVALID,Carcassonne est une belle ville,Carcassonne,Saint-Étienne,18
823,VALID,Je pars de Montpellier direction Aubenas,Montpellier,Aubenas,12
554,VALID,Un billet Modane Bourgoin-Jallieu s'il vous plaît,Modane,Bourgoin-Jallieu,2
711,VALID,Je dois me rendre de Arras à Metz,Arras,Metz,7
1663,VALID,Je souhaite voyager de Colmar vers Toul,Colmar,Toul,5
3303,INVALID,Bonjour,Thonon-les-Bains,Bourgoin-Jallieu,21
762,VALID,Lisieux Troyes pour demain,Lisieux,Troyes,6
1345,VALID,Pontoise Antibes pour ddemain,Pontoise,Antibes,6
2756,INVALID,Le maire de Pontoise,Pontoise,Douai,24
1504,VALID,Y a-t-il des traains vers Le Mans au dpéaart de Biarritz ?,Biarritz,Le Mans,4
308,VALID,Comment me rendre à Bastia depuis Argenteuil ?,Argenteuil,Bastia,3
702,VALID,Lens Biarritz pour demain,Lens,Biarritz,6
1166,VALID,Périgueux Grenoble pour demain,Périgueux,Grenoble,6
2623,INVALID,La distance entre Biarritz et Boulogne-sur-Mer,Biarritz,Boulogne-sur-Mer,20
3487,VALID,dole gpa pour demain,Dole,Gap,6
342,VALID,Je veux aller de Douai à Le Puy-en-Velay,Douai,Le Puy-en-Velay,1
2072,INVALID,mon ami vit à bastia et moi à concarneau,Bastia,Concarneau,19
739,VALID,Trajet de Dieppe vers Charleville-Mézières,Dieppe,Charleville-Mézières,11
2534,INVALID,J'habite à Hazebrouck,Hazebrouck,Nancy,17
740,VALID,Je voudrais partir de La Rochelle pour aller à Lisieux,La Rochelle,Lisieux,9
3377,INVALID,La distance entre Bolbec et Pontoise,Bolbec,Pontoise,20
631,VALID,Trajet de Auray vers Mulhouse,Auray,Mulhouse,11
1060,VALID,Je souhaite voyager de Biarritz vers Colmar,Biarritz,Colmar,5
3103,INVALID,Restaurant à Antibes,Antibes,Concarneau,25
3474,INVALID,mon ami vit a arles et moi a manosque,Arles,Manosque,19
2932,INVALID,Restaurant à Marseille,Marseille,Caen,25
3836,VALID,Quels sont les horaires de train Abbeville Montpellier ?,Abbeville,Montpellier,8
1531,VALID,Quels sont les horaires de train Cambrai Limoges ?,Cambrai,Limoges,8
1769,VALID,Toul Clermont-Ferrand pour demain,Toul,Clermont-Ferrand,6
3652,INVALID,Mon ami vit a Vernon et moi a Limoges,Vernon,Limoges,19
1723,VALID,Comment me rendre à Segré depuis Angers ?,Angers,Segré,3
1221,VALID,Je dois me rendre de Privas àChalon-sur-Sanôe,Privas,Chalon-sur-Saône,7
3161,INVALID,Mon ami vit à Dijon et moi à Amiens,Dijon,Amiens,19
18,VALID,prochain train pour vitry-le-françois depuis saumur,Saumur,Vitry-le-François,13
2186,INVALID,J'habite à Dunkerque,Dunkerque,Calais,17
1045,VALID,Je voudrais partir de Courbevoie pour aller à Cambrai,Courbevoie,Cambrai,9
1987,INVALID,la distance entre antibes et colmar,Antibes,Colmar,20
1978,INVALID,laval est une belle ville,Laval,Amboise,18
2969,INVALID,Mon ami vit à Vesoul et moi à Dunkerque,Vesoul,Dunkerque,19
2995,INVALID,Bonjour,Nancy,Louviers,21
344,VALID,Je cherche un train Bastia Brest,Bastia,Brest,14
314,VALID,Un aller simple Niort Grenoble,Niort,Grenoble,10
783,VALID,Un billetMâcon Dijon s'il vous plaît,Mâcon,Dijon,2
343,VALID,Quels sont les horaires de train Les Sables-d'Olonne Villeurbanne ?,Les Sables-d'Olonne,Villeurbanne,8
28,VALID,je souhaite voyager de moulins vers loches,Moulins,Loches,5
418,VALID,Je veux aller de Cholet à Concarneau,Cholet,Concarneau,1
2381,INVALID,Restaurant  Nîmes,Nîmes,Vienne,25
3528,INVALID,j'habite a concarneau,Concarneau,Aix-les-Bains,17
1953,INVALID,privas est une belle ville,Privas,Amiens,18
409,VALID,Un billet Béziers Bourges s'il vous plaît,Béziers,Bourges,2
2395,INVALID,Bonjour,Metz,La Rochelle,21
1076,VALID,Je veux aller de Blois à Loches,Blois,Loches,1
335,VALID,Je dois me rendre de Étampes à Nanterre,Étampes,Nanterre,7
596,VALID,Prochain train pour Valence depuis Boulogne-sur-Mer,Boulogne-sur-Mer,Valence,13
2049,INVALID,segré est une belle ville,Segré,Le Havre,18
614,VALID,Je cherche un train Loches Saint-Dizier,Loches,Saint-Dizier,14
3646,INVALID,restaurant a tours,Tours,Boulogne-Billancourt,25
2894,INVALID,Restaurant à Alençon,Alençon,Lisieux,25
1492,VALID,Un billet Montpellier Abbeville s'il vous plaît,Montpellier,Abbeville,2
2989,INVALID,Bonjour,Romans-sur-Isère,Oyonnax,21
2855,INVALID,Bonjour,Montreuil,Melun,21
2216,INVALID,La distance entre Beauvais et Niort,Beauvais,Niort,20
3059,INVALID,Berck est une belle ville,Berck,Clermont-Ferrand,18
3305,INVALID,Restaurant à Besançon,Besançon,Montbéliard,25
2586,INVALID,Gap ou Sens pour les vacances ?,Gap,Sens,23
282,VALID,je voudrais partir de aix-en-provence pour aller à nantes,Aix-en-Provence,Nantes,9
681,VALID,Prochain train pour Cambrai depuis Vesoul,Vesoul,Cambrai,13
3251,INVALID,Bonjour,Vernon,Annecy,21
3458,VALID,quels sont les horaires de train grenoble angers ?,Grenoble,Angers,8
3450,VALID,beauvais rouen pour demain,Beauvais,Rouen,6
2873,INVALID,La distance entre Montreuil et Chinon,Montreuil,Chinon,20
469,VALID,Je voudrais partir de Avranches pour aller à Lons-le-Saunier,Avranches,Lons-le-Saunier,9
645,VALID,Trajet de Bayonne vers Rouen,Bayonne,Rouen,11
2675,INVALID,Évreux ou Lons-le-Saunier pour les vacances ?,Évreux,Lons-le-Saunier,23
1699,VALID,Je dois me rendre de Port-Boulet à Ancenis,Port-Boulet,Ancenis,7
734,VALID,Comment me rendre à Montauban depuis Châlons-en-Champagne ?,Châlons-en-Champagne,Montauban,3
1918,INVALID,restaurant à bourgoin-jallieu,Bourgoin-Jallieu,Beauvais,25
763,VALID,Prochain train pour Manosque depuis Lourdes,Lourdes,Manosque,13
882,VALID,Je voudrais partir de Cergy pour aller à Évreux,Cergy,Évreux,9
3477,VALID,quels sont les horaires de train le mans epinal ?,Le Mans,Épinal,8
495,VALID,Je souhaite voyager de Morlaix vers Saumur,Morlaix,Saumur,5
2549,INVALID,Bonjour,Chalon-sur-Saône,Bolbec,21
116,VALID,lille montreuil pour demain,Lille,Montreuil,6
2045,INVALID,le maire de ajaccio,Ajaccio,Albertville,24
3471,VALID,trajet de saumur vers perpignan,Saumur,Perpignan,11
2934,INVALID,Dijon est une belle ville,Dijon,Chartres,18
3364,INVALID,J'habite à Angoulême,Angoulême,Amboise,17
1134,VALID,Je pars de Nancy direction Oyonnax,Nancy,Oyonnax,12
1240,VALID,Je voudrais partir de Fécamp pour aller à Aurillac,Fécamp,Aurillac,9
3483,INVALID,j'habite a saint-brieuc,Saint-Brieuc,Lille,17
1341,VALID,Un billet Argenteuil Châteauroux s'il vous plaît,Argenteuil,Châteauroux,2
1470,VALID,Départ Verdun arrivée Besançon,Verdun,Besançon,15
2562,INVALID,Quelle est la population de Segré ?,Segré,Florence,22
1286,VALID,Y a-t-il des trains vers Laval au départ de Les Sables-d'Olonne ?,Les Sables-d'Olonne,Laval,4
2537,INVALID,Bonjour,Lens,Biarritz,21
2474,INVALID,J'habite à Boulogne-Billancourt,Boulogne-Billancourt,Brest,17
1465,VALID,Je dois me rendre de Biarritz à Yvetot,Biarritz,Yvetot,7
3441,VALID,quels sont les horaires de train cholet carcassonne ?,Cholet,Carcassonne,8
2838,INVALID,Moulins est une belle ville,Moulins,Étampes,18
845,VALID,Un billet Carcassonne Bourges s'il vous plaît,Carcassonne,Bourges,2
1714,VALID,Je veux aller de uArillac à miens,Aurillac,Amiens,1
379,VALID,Prochain train pour Caen depuis Le Mans,Le Mans,Caen,13
3443,VALID,je pars de courbevoie direction beziers,Courbevoie,Béziers,12
1041,VALID,Je pars de Dijon direction Bolbec,Dijon,Bolbec,12
1107,VALID,Départ Évreux arrivée Rouen,Évreux,Rouen,15
1945,INVALID,j'habite à manosque,Manosque,Yvetot,17
2750,INVALID,Quel temps fait-il à Langres ?,Langres,Bourg-en-Bresse,16
2119,INVALID, Quel temps fait-il à oTulouse ?,Toulouse,Chaumont,16
1157,VALID,Prochain train pour Annecy depuis Saint-Nazaire,Saint-Nazaire,Annecy,13
933,VALID,Auch Cambrai pour demain,Auch,Cambrai,6
789,VALID,Comment me rendre à Tours depuis Nantes ?,Nantes,Tours,3
2409,INVALID,Caen est une belle ville,Caen,Auray,18
838,VALID,Quels sont les horaires de train Elbeuf Meaux ?,Elbeuf,Meaux,8
2121,INVALID,Quelle est la population de Vichy ?,Vichy,Ancenis,22
611,VALID,Je souhaite voyager de Le Havre vers Albertville,Le Havre,Albertville,5
1410,VALID,Un billet Pontoise La Rochelle s'il vous plaît,Pontoise,La Rochelle,2
1378,VALID,Je voudrais partir de Lunéville pour aller à Arras,Lunéville,Arras,9
3442,VALID,prochain train pour aray depuis  bourgoin-jallieu,Bourgoin-Jallieu,Auray,13
3372,INVALID,Bonjour,Fontenay-le-Comte,Grenoble,21
3125,INVALID,Bonjour,Toulouse,Saint-Omer,21
3727,VALID,Quels sont les horaires de train Dinan Montargis ?,Dinan,Montargis,8
659,VALID,Un billet Niort Vierzon s'il vous plaît,Niort,Vierzon,2
1302,VALID,Je pars de Florence direction Ancenis,Florence,Ancenis,12
1992,INVALID,restaurant à blois,Blois,Vitré,25
1204,VALID,Quels sont les horaires de train Cholet Pontivy ?,Cholet,Pontivy,8
2387,INVALID,Quel temps fait-il à Lorient ?,Lorient,Béthune,16
1441,VALID,Un aller simple Sens Agen,Sens,Agen,10
377,VALID,Je dois me rendre de Turs à Montpellier,Tours,Montpellier,7
3282,INVALID,Restaurant à Lille,Lille,Charleville-Mézières,25
968,VALID,Melun Grenoble pour demain,Melun,Grenoble,6
180,VALID,je souhaite voyager de grenoble vers saint-dizier,Grenoble,Saint-Dizier,5
3009,INVALID,Le maire de Modane,Modane,Sens,24
1862,VALID,Prochain train pour Concarneau depuis Lons-le-Saunier,Lons-le-Saunier,Concarneau,13
963,VALID,Je veux aller de Angers à Limoges,Angers,Limoges,1
2613,INVALID,Restaurant à Dole,Dole,Nîmes,25
95,VALID,je souhaite voyager de laon vers rouen,Laon,Rouen,5
2399,INVALID,Quel temps fait-il à Pau ?,Pau,Agen,16
1788,VALID,Je voudrais partir de Villeurbanne pour aller à Évreux,Villeurbanne,Évreux,9
1616,VALID,Comment me rendre à Saint-Nazaire depuis Ancenis ?,Ancenis,Saint-Nazaire,3
3706,INVALID,Le maire de Vitry-le-Francois,Vitry-le-François,Montbéliard,24
2811,INVALID,Quelle est la population de Louviers ?,Louviers,Oyonnax,22
1619,VALID,Quels sont les horaires de train Dole Montivilliers ?,Dole,Montivilliers,8
3262,INVALID,Le maire de Besançon,Besançon,Toul,24
3524,VALID,je veux aller de grenoble a le puy-en-velay,Grenoble,Le Puy-en-Velay,1
2174,INVALID,Bonjour,Dijon,Nanterre,21
2057,INVALID,restaurant à ersailles,Versailles,Aix-en-Provence,25
2391,INVALID,J'habite à Avranches,Avranches,Soissons,17
197,VALID,comment me rendre à perpignan depuis aurillac ?,Aurillac,Perpignan,3
424,VALID,Un billet Le Puy-en-Velay Manosque s'il vous plaît,Le Puy-en-Velay,Manosque,2
233,VALID,départ saint-dizier arrivée caen,Saint-Dizier,Caen,15
1357,VALID,Je veux aller de Abbeville à Annecy,Abbeville,Annecy,1
1954,INVALID,quel temps fait-il à fontenay-le-comte ?,Fontenay-le-Comte,Lille,16
3279,INVALID,Chaumont ou Cambrai pour les vacances ?,Chaumont,Cambrai,23
445,VALID,Je souhaite voyager de Toul vers Sens,Toul,Sens,5
617,VALID,Je voudrais partir de Annemasse pour aller à Besançon,Annemasse,Besançon,9
2158,INVALID,Le maire de Pontoise,Pontoise,Albert,24
3795,VALID,Je veux aller de Evreux a Lorient,Évreux,Lorient,1
3347,INVALID,Agen ou Provins pour les vacances ?,Agen,Provins,23
2646,INVALID,Mon ami vit à Nantes et moi à Dinan,Nantes,Dinan,19
1662,VALID,Quels sont les horaires de train Sens Bayonne ?,Sens,Bayonne,8
262,VALID,je voudrais partir de montreuil pour aller à bourgoin-jallieu,Montreuil,Bourgoin-Jallieu,9
3596,VALID, je dois me rendre d ereims a auxerre ,Reims,Auxerre,7
1832,VALID,Je souhaite voyager de Bourges vers Antibes,Bourges,Antibes,5
2742,INVALID,Bonjour,Chaumont,Laval,21
485,VALID,Melun Roubaix pour demain,Melun,Roubaix,6
2044,INVALID,restaurant à argenteuil,Argenteuil,Annecy,25
3819,VALID,Je dois me rendre de Langres a Lyon,Langres,Lyon,7
497,VALID,Un aller simple Oyonnax Montauban,Oyonnax,Montauban,10
3424,VALID,je veux aller de hazebrouck a louviers,Hazebrouck,Louviers,1
3873,VALID,Je cherche un train Montelimar Creteil,Montélimar,Créteil,14
1005,VALID,Aix-les-Bains Louviers pour demain,Aix-les-Bains,Louviers,6
758,VALID,Départ Cergy arrivée Épernay,Cergy,Épernay,15
2505,INVALID,Quel temps fait-il à Abbeville ?,Abbeville,Lons-le-Saunier,16
7,VALID,un billet aix-les-bains rennes s'il vous plaît,Aix-les-Bains,Rennes,2
1332,VALID,Comment me rendre à Le Havre depuis Mulhouse ?,Mulhouse,Le Havre,3
2138,INVALID,Bonjour,Dunkerque,Bastia,21
2525,INVALID,Bonjour,Fontenay-le-Comte,Valence,21
1126,VALID,Y a-t-il des trains vers Provins au départ de Dunkerque ?,Dunkerque,Provins,4
2802,INVALID,La ditance entre Valence et Blois,Valence,Blois,20
2084,INVALID,maubeuge est une belle ville,Maubeuge,Nîmes,18
1690,VALID,Je voudrais partir de Berck pour aller à Épernay,Berck,Épernay,9
2612,INVALID,Bonjour,Lourdes,Cambrai,21
3496,INVALID, la distance entre anntibe set charleville-mezieres,Antibes,Charleville-Mézières,20
1346,VALID,Je pars de Antibes direction Briançon,Antibes,Briançon,12
2226,INVALID,Mon ami vit à Granville et moi à Segré,Granville,Segré,19
1175,VALID,Prochain train pour Cholet depuis Étampes,Étampes,Cholet,13
2489,INVALID,Briançon ou Concarneau pour les vacances ?,Briançon,Concarneau,23
3157,INVALID,Saint-Étienne ou Reims pour les vacances ?,Saint-Étienne,Reims,23
972,VALID,Prochain train pour Dijon depuis Digne-les-Bains,Digne-les-Bains,Dijon,13
2852,INVALID,Mâcon ou La Rochelle pour les vacances ?,Mâcon,La Rochelle,23
447,VALID,Je cherche un train Pontivy Yvetot,Pontivy,Yvetot,14
2641,INVALID,Le maire de Orléans,Orléans,Challans,24
559,VALID,Y a-t-il des trains vers Pau au départ de Albert ?,Albert,Pau,4
1755,VALID,Un billet Avranches Villeurbanne s'il vous plaît,Avranches,Villeurbanne,2
136,VALID,y a-t-il des trains vers manosque au départ de privas ?,Privas,Manosque,4
3648,VALID,Prochain train pour Evreux depuis Soissons,Soissons,Évreux,13
310,VALID,Je cherrche un train Arras Hazebrouck,Arras,Hazebrouck,14
2112,INVALID,mon ami vit à lille et moi à strasbourg,Lille,Strasbourg,19
3430,INVALID,la distance entre evreux et rennes,Évreux,Rennes,20
2644,INVALID,Quel temps fait-il à Évreux ?,Évreux,Berck,16
2912,INVALID,Mon ami vit à Saint-Étienne et moi à Vesoul,Saint-Étienne,Vesoul,19
1013,VALID,Je pars de Vitré direction Boulogne-Billancourt,Vitré,Boulogne-Billancourt,12
3893,VALID,Je dois me rendre de Valenciennes a Verdun,Valenciennes,Verdun,7
3076,INVALID,La ddistance entreAbbeville et Chalon-sur-Saône,Abbeville,Chalon-sur-Saône,20
2218,INVALID,Bonjour,Quimper,Orange,21
2284,INVALID,Beauvais est une belle ville,Beauvais,Courbevoie,18
2643,INVALID,Restaurant à Mulhouse,Mulhouse,Fougères,25
2315,INVALID,Le amire de e Mans,Le Mans,Auray,24
1828,VALID,Comment me rendre à Saint-Omer depuis Carcassonne ?,Carcassonne,Saint-Omer,3
3724,INVALID,La distance entre Orleans et Laval,Orléans,Laval,20
1248,VALID,Trajet de Manosqeu vers VVienne,Manosque,Vienne,11
3879,INVALID,J'habite aa Gap ,Gap,Lisieux,17
2026,INVALID,quelle est la population de tarbes ?,Tarbes,Chalon-sur-Saône,22
295,VALID,Un aller simple Boulogne-sur-Mer Besançon,Boulogne-sur-Mer,Besançon,10
1629,VALID,Je cherche un train Concarneau Langres,Concarneau,Langres,14
2729,INVALID,Restaurant à Rodez,Rodez,Brest,25
1604,VALID,Trajet de Manosque vers Châlons-en-Champagne,Manosque,Châlons-en-Champagne,11
1905,INVALID,la distance entre évreux et orange,Évreux,Orange,20
3822,INVALID,Bonjour,Chinon,Lisieux,21
3105,INVALID,Le maire de Modane,Modane,Nîmes,24
246,VALID,un aller simple évry aubenas,Évry,Aubenas,10
2110,INVALID,quelle est la population de segr é?,Segré,Grenoble,22
1568,VALID,Je dois me rendre de Privas à Avranches,Privas,Avranches,7
764,VALID,Trajet de Nîmes vers Vernon,Nîmes,Vernon,11
2803,INVALID,Restaurant à Chartres,Chartres,Ajaccio,25
3337,INVALID, La distance entre Chartres et Morlaix,Chartres,Morlaix,20
1187,VALID,Je cherche untrain Béziers Morlaix,Béziers,Morlaix,14
2539,INVALID,Quel temps fait-il à Rouen ?,Rouen,Montivilliers,16
176,VALID,je voudrais partir de manosque pour aller à bastia,Manosque,Bastia,9
3224,INVALID,Quelle est la population de Poitiers ?,Poitiers,Concarneau,22
3682,VALID,Je voudrais partir de Montpellier pour aller a Evreux,Montpellier,Évreux,9
1875,VALID,Je cherche un train Vannes Valenciennes,Vannes,Valenciennes,14
2892,INVALID,Le maire de Alençon,Alençon,Thonon-les-Bains,24
88,VALID,prochain train pour auch depuis pontarlier,Pontarlier,Auch,13
3373,INVALID,Le maire de Nevers,Nevers,Louviers,24
1025,VALID,Quels sont les horaires de train Reims Fontainebleau ?,Reims,Fontainebleau,8
2362,INVALID,Bonjour,Mulhouse,Marseille,21
3170,INVALID,Restaurant à Vernon,Vernon,Lyon,25
1399,VALID,Je cherche un train Cannes Épinal,Cannes,Épinal,14
103,VALID,trajet de dinan vers béziers,Dinan,Béziers,11
3512,VALID,prochain train pour manosque depuis dijon,Dijon,Manosque,13
3339,INVALID,Toulouuse ou Mâcon pour les vacances? ,Toulouse,Mâcon,23
2755,INVALID,Le Mans est une belle ville,Le Mans,Melun,18
2966,INVALID,Quel temps fait-il à Montreuil ?,Montreuil,Maubeuge,16
2025,INVALID,le maire de fougères,Fougères,Arles,24
1176,VALID,Y a-t-i ldes trains vers Segré au ddépart de Antibes ?,Antibes,Segré,4
1911,INVALID,quellee s la populationn de besançon ?,Besançon,Nantes,22
107,VALID,départ auray arrivée colmar,Auray,Colmar,15
2053,INVALID,j'habite à chaumont,Chaumont,Avignon,17
1133,VALID,Je cherche un train Moulins Cergy,Moulins,Cergy,14
708,VALID,Je pars de Lons-le-Saunier direction Compiègne,Lons-le-Saunier,Compiègne,12
1543,VALID,Je pars de Reims direction Mâcon,Reims,Mâcon,12
3085,INVALID,La distance entre Évreux et Carcassonne,Évreux,Carcassonne,20
1770,VALID,Je dois me rendre de Brest à Calais,Brest,Calais,7
1142,VALID,Y a-t-il des trains vers Avranches au départ de Auxerre ?,Auxerre,Avranches,4
3071,INVALID,Quel temps fait-il à Fougères ?,Fougères,Orange,16
397,VALID,Trajet de Bourges vers Bourg-en-Bresse,Bourges,Bourg-en-Bresse,11
574,VALID,Comment me rendre à Boulogne-Billancourt depuis Nanterre ?,Nanterre,Boulogne-Billancourt,3
3346,INVALID,Dieppe est une belle ville,Dieppe,Chambéry,18
1440,VALID,Un billet Agen Auray s'il vous plaît,Agen,Auray,2
1509,VALID,Je doisme rendre de Carcassonne à Montargis,Carcassonne,Montargis,7
1642,VALID,Châlons-en-Champagne Épinal pour demain,Châlons-en-Champagne,Épinal,6
3292,INVALID,Le maire de Mâcon,Mâcon,Brest,24
2900,INVALID,La distance entre Vernon et Lons-le-Saunier,Vernon,Lons-le-Saunier,20
1177,VALID,Je pars de Annecy direction Avignon,Annecy,Avignon,12
311,VALID,Quels sont les horaires de train Arles Provins ?,Arles,Provins,8
3722,INVALID,Restaurant a Bourgoin-Jallieu,Bourgoin-Jallieu,Vienne,25
1284,VALID,Départ Montpellier arrivée Lisieux,Montpellier,Lisieux,15
3044,INVALID,Bonjour,Marseille,Oyonnax,21
3532,VALID,je souhaite voyager de oyonnax vvers chaumont,Oyonnax,Chaumont,5
757,VALID,Comment me rendre à Verdun depuis Avignon ?,Avignon,Verdun,3
1049,VALID,Je souhaite voyage rde Grenoble vers Périgueux,Grenoble,Périgueux,5
3311,INVALID,Bonjour,Fontainebleau,Tarbes,21
1955,INVALID,mon ami vit à paris et moi à dinan,Paris,Dinan,19
3361,INVALID,Quelle est la population de Strasbourg ?,Strasbourg,Hazebrouck,22
32,VALID,quels sont les horaires de train châteaubriant montélimar ?,Châteaubriant,Montélimar,8
641,VALID,Je veux aller de Saint-Dizier à Vendôme,Saint-Dizier,Vendôme,1
3765,VALID,Depart Maubeuge arrivee Le Havre,Maubeuge,Le Havre,15
744,VALID,Je veux aller de Évreux à Cambrai,Évreux,Cambrai,1
399,VALID,Je veux aller de Cergy à Laon,Cergy,Laon,1
3742,VALID,Comment me rendre a Valence depuis Lyon ?,Lyon,Valence,3
2555,INVALID,Mulhouse est une belle ville,Mulhouse,Saint-Dizier,18
3408,VALID,je souhaite voyager de morlaix vers rodez,Morlaix,Rodez,5
2605,INVALID,Restaurant à Vierzon,Vierzon,Fécamp,25
3075,INVALID,Roubaix ou Saint-Omer pour les vacances ?,Roubaix,Saint-Omer,23
1394,VALID,Départ Bar-le-Duc arrivée Soissons,Bar-le-Duc,Soissons,15
3210,INVALID,Bonjour,Soissons,Châlons-en-Champagne,21
2155,INVALID,Restaurant à Vitry-le-François,Vitry-le-François,Nîmes,25
303,VALID,Quels sont les horaires de train Alençon Le Havre ?,Alençon,Le Havre,8
2784,INVALID,Villeurbanne est une belle ville,Villeurbanne,Rodez,18
1709,VALID,Un billet Florence Douai s'il vous plaît,Florence,Douai,2
2423,INVALID,Quel temps fait-il à Toulouse ?,Toulouse,Langres,16
3651,VALID,Y a-t-il des trains vers Florence au depart de Ajaccio ?,Ajaccio,Florence,4
3842,INVALID,Quel temps fait-il a Vitre ?,Vitré,Dunkerque,16
220,VALID,départ grenoble arrivée albert,Grenoble,Albert,15
1989,INVALID,quelle est la population de villeurbanne ?,Villeurbanne,Saint-Nazaire,22
591,VALID,Je cherche un train Chaumont Ajaccio,Chaumont,Ajaccio,14
3778,VALID,Un aller simple Bolbec Bar-le-Duc,Bolbec,Bar-le-Duc,10
2701,INVALID,La distance entre Bordeaux et Strasbourg,Bordeaux,Strasbourg,20
1154,VALID,Prochain train pour Romans-sur-Isère depuis Pontarlier,Pontarlier,Romans-sur-Isère,13
1340,VALID,Marseille Biarritz pour demain,Marseille,Biarritz,6
3670,INVALID,Bonjour,Orléans,Saint-Quentin,21
46,VALID,je cherche un train cacrassonne mâcon,Carcassonne,Mâcon,14
1359,VALID,Prochain train pour Montauban depuis Évreux,Évreux,Montauban,13
1821,VALID,Quels sont les horaires de train Épinal Provins ?,Épinal,Provins,8
1711,VALID,Je souhaite voyager de Manosque vers Saint-Brieuc,Manosque,Saint-Brieuc,5
3032,INVALID,Rennes est une belle ville,Rennes,Avignon,18
1615,VALID,Trajet de Dieppe vers Épinal,Dieppe,Épinal,11
231,VALID,comment me rendre à saint-étienne depuis nice ?,Nice,Saint-Étienne,3
286,VALID,Je pars de Belfort direction Antibes,Belfort,Antibes,12
2165,INVALID,J'habite à Manosque,Manosque,Compiègne,17
2911,INVALID,Mon ami vit à Lourdes et moi à Angoulême,Lourdes,Angoulême,19
1660,VALID,Je veux aller de Saint-Nazaire à Auxerre,Saint-Nazaire,Auxerre,1
1039,VALID,Je cherche un train Paris Bayonne,Paris,Bayonne,14
2762,INVALID,J'habitte à Concrneau,Concarneau,Pontivy,17
1513,VALID,Je veux aller de Brest à Valence,Brest,Valence,1
621,VALID,Départ Modane arrivée Le Mans,Modane,Le Mans,15
1618,VALID,Prochain train pour Évreux depuis Albertville,Albertville,Évreux,13
3527,VALID,un billet chartres vesoul s'il vous plait,Chartres,Vesoul,2
1626,VALID,Quels sont les horaires de train Chambéry Toul ?,Chambéry,Toul,8
2751,INVALID,Bonjour,Lyon,Le Mans,21
703,VALID,Je dois me rendre de Montélimar à Cannes,Montélimar,Cannes,7
2793,INVALID,Le maire de Langres,Langres,Nice,24
3740,INVALID,Restaurant a Troyes,Troyes,Fontenay-le-Comte,25
451,VALID,Comment me rendre à Verdun depuis Le Puy-en-Velay ?,Le Puy-en-Velay,Verdun,3
3413,INVALID,j'habite a saint-quentin,Saint-Quentin,Blois,17
833,VALID,Trajet de Clisson vers Châlons-en-Champagne,Clisson,Châlons-en-Champagne,11
2741,INVALID,Mon ami vit à Vienne et moi à Annecy,Vienne,Annecy,19
851,VALID,Je dois me rendre de Boulogne-sur-Mer à Bourg-en-Bresse,Boulogne-sur-Mer,Bourg-en-Bresse,7
3340,INVALID,J'habite à Épinal,Épinal,Cannes,17
2994,INVALID,Quel temps fait-il à Pau ?,Pau,Chambéry,16
3015,INVALID,Lisieux est une belle ville,Lisieux,Valenciennes,18
500,VALID,Je dois me rendre de Verdun à Montpellier,Verdun,Montpellier,7
1833,VALID,Quels sont les horaires de train Lons-le-Saunier Tarbes ?,Lons-le-Saunier,Tarbes,8
359,VALID,Albertville Concarneau pour demain,Albertville,Concarneau,6
2870,INVALID,Quel temps fait-il à Châlons-en-Champagne ?,Châlons-en-Champagne,Pontarlier,16
3226,INVALID,Quel temps fait-il à Oyonnax ?,Oyonnax,Dunkerque,16
2669,INVALID,J'habite à Colmar,Colmar,Vichy,17
3902,VALID,Prochain train pour Le Puy-en-Velay depuis Valenciennes,Valenciennes,Le Puy-en-Velay,13
3352,INVALID,Bonjour,Périgueux,Douai,21
3610,INVALID,arras est une belle ville,Arras,Lisieux,18
3743,INVALID,Quelle est la population de Tarbes ?,Tarbes,Aix-en-Provence,22
2333,INVALID,La distance entre Cherbourg et Meaux,Cherbourg,Meaux,20
953,VALID, Nancy Manosque pour demain,Nancy,Manosque,6
535,VALID,Quels  sont les oraires de train Fontenay-le-Comte Alençon ?,Fontenay-le-Comte,Alençon,8
2354,INVALID,Le maire de Bourg-en-Bresse,Bourg-en-Bresse,Lille,24
2477,INVALID,Dinan ou Lyon pour les vacances ?,Dinan,Lyon,23
207,VALID,lons-le-suanie argenteuill pour dmain,Lons-le-Saunier,Argenteuil,6
3475,INVALID,j'habite a bethune,Béthune,La Rochelle,17
3557,VALID,je dois me rendre de montpellier a soissons,Montpellier,Soissons,7
3099,INVALID,Morlaix est une belle ville,Morlaix,Colmar,18
749,VALID,Je dois me rendre de Nevers à Annemasse,Nevers,Annemasse,7
2259,INVALID,J'habite à Valence,Valence,Yvetot,17
3235,INVALID,Mon ami vit à Perpignan et moi à Segré,Perpignan,Segré,19
1780,VALID,Trajet de Vitry-le-François vers Chambéry,Vitry-le-François,Chambéry,11
3488,VALID,trajet de avignon vers clisson,Avignon,Clisson,11
137,VALID,je pars de périgueux direction paris,Périgueux,Paris,12
2498,INVALID,Restaurant à Rodez,Rodez,Chartres,25
2151,INVALID,J'habite à Tarbes,Tarbes,Étampes,17
3137,INVALID,Courbevoie est une belle ville,Courbevoie,Lisieux,18
3124,INVALID,Étampes est une belle ville,Étampes,Lens,18
356,VALID,Un billet Le Havre Gap s'il vous plaît,Le Havre,Gap,2
1001,VALID,Je ois me render de Maubeuge à Lons-le-Saunier,Maubeuge,Lons-le-Saunier,7
279,VALID,départ oyonnax arrivée granville,Oyonnax,Granville,15
897,VALID,Un billet Paris Hazebrouck s'il vous plaît,Paris,Hazebrouck,2
1829,VALID,Comment me rendre à Mulhouse depuis Vitry-le-François ?,Vitry-le-François,Mulhouse,3
3854,VALID,Boulogne-sur-Mer Aix-en-Provence pour demain,Boulogne-sur-Mer,Aix-en-Provence,6
2876,INVALID,Restaurant à Saumur,Saumur,Le Puy-en-Velay,25
2097,INVALID,quelle est la population de toul ?,Toul,Argenteuil,22
2569,INVALID,Mon ami vit à Modane et moi à Dieppe,Modane,Dieppe,19
1708,VALID,Je souhaite voyager de Arles vers Fontenay-le-Comte,Arles,Fontenay-le-Comte,5
119,VALID,un aller simple poitiers loches,Poitiers,Loches,10
174,VALID,un billet elbeuf abbeville s'il vous plaît,Elbeuf,Abbeville,2
1170,VALID,Comment me rendre à Bourgoin-Jallieu depuis Montpellier ?,Montpellier,Bourgoin-Jallieu,3
649,VALID,Un billet Valence Argenteuil s'il vous plaît,Valence,Argenteuil,2
3073,INVALID,Quel temps fait-il à Douai ?,Douai,Toul,16
1356,VALID,Un billet Dijon Nantes s'il vous plaît,Dijon,Nantes,2
2051,INVALID,bonjour,Tourcoing,Lisieux,21
3144,INVALID,Amboise ou Évreux pour les vacances ?,Amboise,Évreux,23
1841,VALID,Un billet Étampes Laon s'il vous plaît,Étampes,Laon,2
1783,VALID,Y a-t-il des trains vers Dole au départ de Bastia ?,Bastia,Dole,4
2428,INVALID,Le maire de VVlaeciennes,Valenciennes,Nîmes,24
3239,INVALID,Mon ami vit à Vienne et moi à Roubaix,Vienne,Roubaix,19
1701,VALID,Y a-t-il des trains vers Melun au départ de Brest ?,Brest,Melun,4
2507,INVALID,Verdun est une belle ville,Verdun,Caen,18
1510,VALID,Quels sont les horaires de train Vichy Bar-le-Duc ?,Vichy,Bar-le-Duc,8
1292,VALID,Je voudrais partir de Avgnon pour ller à Fontainebleau,Avignon,Fontainebleau,9
1650,VALID,Prochain train pour Orléans depuis Challans,Challans,Orléans,13
2706,INVALID,J'habite à Douai,Douai,Chambéry,17
3271,INVALID,J'habite à Lyon,Lyon,Saint-Nazaire,17
2193,INVALID,Quelle est la population de Arras ?,Arras,Béziers,22
2378,INVALID,La distance entre Vendôme et Aix-les-Bains,Vendôme,Aix-les-Bains,20
3202,INVALID,La dstance entre Thonon-les-Bains et Montbéliard,Thonon-les-Bains,Montbéliard,20
2229,INVALID,La distance entre Annemasse et Albi,Annemasse,Albi,20
1560,VALID,Je souhaite voyager de Fécamp vers Elbeuf,Fécamp,Elbeuf,5
2327,INVALID,Briançon est une belle ville,Briançon,Châteauroux,18
1065,VALID,Je pars de Courbevoie direction Évry,Courbevoie,Évry,12
3211,INVALID,J'habite à Segré,Segré,Montivilliers,17
1975,INVALID,la distance entre nîmes et le puy-en-velay,Nîmes,Le Puy-en-Velay,20
2649,INVALID,Bonjour,Courbevoie,Nanterre,21
2439,INVALID,J'habite à Ancenis,Ancenis,Quimper,17
1603,VALID,Je dois me rendre de Laval à Vienne,Laval,Vienne,7
3513,INVALID,quel temps fait-il a maubeuge ?,Maubeuge,Le Mans,16
1456,VALID,Y a-t-il des trains vers Épinal au départ de Orange ?,Orange,Épinal,4
148,VALID,un billet rodez bolbec s'il vous plaît,Rodez,Bolbec,2
2452,INVALID,Restaurant à Cergy,Cergy,Albi,25
8,VALID,je veux aller de laval à mâcon,Laval,Mâcon,1
3647,VALID,Trajet de Evreux vers Beauvais,Évreux,Beauvais,11
754,VALID,Départ Marseille arrivée Quimper,Marseille,Quimper,15
998,VALID,Un billet Saint-Omer La Rochelle s'il vous plaît,Saint-Omer,La Rochelle,2
2150,INVALID, Restaurant à Challans,Challans,Hazebrouck,25
1707,VALID,Je dois me rendre de Clisson à Segré,Clisson,Segré,7
2146,INVALID, Restaurat à eCgry,Cergy,Clisson,25
1652,VALID,Je voudrais partir de Vernon pour aller à Lille,Vernon,Lille,9
954,VALID,Prochain train pour Vichy depuis Pontivy,Pontivy,Vichy,13
819,VALID,Un billet Valenciennes Montauban s'il vous plaît,Valenciennes,Montauban,2
678,VALID,Je veux aller de Montargis à Alençon,Montargis,Alençon,1
436,VALID,Je dois me rendre de Cambrai à Boulogne-Billancourt,Cambrai,Boulogne-Billancourt,7
186,VALID,quels sont les horaires de train auch le havre ?,Auch,Le Havre,8
6,VALID,je souhaite voyager de cholet vers arras,Cholet,Arras,5
3002,INVALID,Saint-Malo ou Argenteuil pour les vacances ?,Saint-Malo,Argenteuil,23
2144,INVALID,J'habite à Vitry-le-François,Vitry-le-François,Pontivy,17
3390,INVALID,Le maire de Tarbes,Tarbes,Abbeville,24
38,VALID,je pars de arras direction annemasse,Arras,Annemasse,12
2299,INVALID,Mon ami vit à Évreux et moi à Aix-en-Provence,Évreux,Aix-en-Provence,19
3848,INVALID,Le maire de Chateauroux,Châteauroux,Étampes,24
1288,VALID,Départ Châteaubriant arrivée Chaumont,Châteaubriant,Chaumont,15
1580,VALID,Départ Bordeaux arrivée Agen,Bordeaux,Agen,15
3534,VALID,comment me rendre a antibes depuis montbeliard ?,Montbéliard,Antibes,3
1173,VALID,Strasbourg Quimper pour demain,Strasbourg,Quimper,6
1739,VALID,Je veux aller de Vendôme à Argenteuil,Vendôme,Argenteuil,1
1947,INVALID,quel temps fait-il à vichy ?,Vichy,Verdun,16
2247,INVALID,Bonjour,Montbéliard,Dunkerque,21
100,VALID,je souhaite voyager de évry vers mende,Évry,Mende,5
1715,VALID,Prochain train pour Chalon-sur-Saône depuis Périgueux,Périgueux,Chalon-sur-Saône,13
1037,VALID,Dijon Châlons-en-Champagne pour demain,Dijon,Châlons-en-Champagne,6
3156,INVALID,Restaurant à Marseille,Marseille,Tarbes,25
2686,INVALID,Chalon-sur-Saône ou Valence pour les vacances ?,Chalon-sur-Saône,Valence,23
2008,INVALID,quel temps fait-il à alençon ?,Alençon,Lons-le-Saunier,16
732,VALID,Je pars de Cholet direction Agen,Cholet,Agen,12
236,VALID,quels sont les horaires de train beauvais vannes ?,Beauvais,Vannes,8
1516,VALID,Versailles Dunkerque pour demain,Versailles,Dunkerque,6
931,VALID,Je cherche un train Dole Épernay,Dole,Épernay,14
1061,VALID,Prochain train pour Toulouse depuis Étampes,Étampes,Toulouse,13
2,VALID,départ béthune arrivée lorient,Béthune,Lorient,15
76,VALID,je dois me rendre de saint-quentin à arras,Saint-Quentin,Arras,7
1227,VALID,Je dois me rendre de Évreux à Saint-Étienne,Évreux,Saint-Étienne,7
2600,INVALID,Le maire de Colmar,Colmar,Oyonnax,24
3506,VALID,je dois me rendre de cannes a louviers,Cannes,Louviers,7
2804,INVALID,J'habite à Clermont-Ferrand,Clermont-Ferrand,Vierzon,17
3207,INVALID,Quelle est  la population de Nantes ?,Nantes,Rennes,22
332,VALID,Mende Toul pour demain,Mende,Toul,6
651,VALID,Je voudrais partir de Perpignan pour aller à Laval,Perpignan,Laval,9
943,VALID,Je voudrais partir de Lannion pour aller à Chambéry,Lannion,Chambéry,9
168,VALID,je cherche un train évreux lunéville,Évreux,Lunéville,14
1830,VALID,Loches Épinal pour demain,Loches,Épinal,6
3490,VALID,depart bolbec arrivee albertville,Bolbec,Albertville,15
3082,INVALID,Quel temps fait-il à Nice ?,Nice,Bourges,16
3215,INVALID,Restaurant à Le Havre,Le Havre,Dinan,25
622,VALID,Quels sont les horaires de train Abbeville Colmar ?,Abbeville,Colmar,8
3140,INVALID,Quelle est la population de Bolbec ?,Bolbec,Chambéry,22
799,VALID,Elbeuf Troyes pour demain,Elbeuf,Troyes,6
1595,VALID,Quels sont les horaires de train Angoulême Lannion ?,Angoulême,Lannion,8
1694,VALID,Un aller simple Avranches Versailles,Avranches,Versailles,10
1395,VALID,Un aller simple Montauban Rodez,Montauban,Rodez,10
1997,INVALID,quel temps fait-il à montivilliers ?,Montivilliers,Lille,16
3767,INVALID,Quel temps fait-il a Amiens ?,Amiens,Boulogne-sur-Mer,16
2528,INVALID,oBjour,Épernay,Le Puy-en-Velay,21
830,VALID,Y a-t-il des trains vers Marseille au départ de Charleville-Mézières ?,Charleville-Mézières,Marseille,4
948,VALID,Trajet de Courbevoie vers Chambéry,Courbevoie,Chambéry,11
1605,VALID,Je souhaite voyager de Évreux vers Arras,Évreux,Arras,5
2309,INVALID,Mon ami vit à Avignon et moi à Niort,Avignon,Niort,19
844,VALID,QQuels sont les horaires de train Thonon-lesB-ains  Dieppe?,Thonon-les-Bains,Dieppe,8
2002,INVALID,mon ami vit à montivilliers et moi à nevers,Montivilliers,Nevers,19
575,VALID,Quels sont les horaires de train Vitré Orléans ?,Vitré,Orléans,8
1342,VALID,Je souhaite voyager de Auxerre vers Bourgoin-Jallieu,Auxerre,Bourgoin-Jallieu,5
1439,VALID,La Rochelle Avignon pour demain,La Rochelle,Avignon,6
3133,INVALID,J'habite à Fougères,Fougères,Chambéry,17
1659,VALID,Je cherche un train Nantes Roubaix,Nantes,Roubaix,14
3304,INVALID,Poitiers ou Oyonnax pour les vacances ?,Poitiers,Oyonnax,23
1398,VALID,Trajet de Mulhouse vers Lorient,Mulhouse,Lorient,11
196,VALID,prochain train pour chambéry depuis limoges,Limoges,Chambéry,13
428,VALID,Quels sont les horaires de train Lorient Niort ?,Lorient,Niort,8
1800,VALID,Je souhaite voyager de Évry vers Nîmes,Évry,Nîmes,5
1391,VALID,Maubeuge Boulogne-sur-Mer pour demain,Maubeuge,Boulogne-sur-Mer,6
3418,VALID,trajet de nancy vers maubeuge,Nancy,Maubeuge,11
3094,INVALID,Aix-les-Bains ou Loches pour les vacances ?,Aix-les-Bains,Loches,23
961,VALID,Prochain train pour Auch depuis Boulogne-sur-Mer,Boulogne-sur-Mer,Auch,13
2027,INVALID,quel temps fait-il à compiègne ?,Compiègne,Étampes,16
3517,INVALID,quel temps fait-il a tarbes ?,Tarbes,La Rochelle,16
787,VALID,Je pars de Granville direction Modane,Granville,Modane,12
3150,INVALID,Aubenas ou Paris pour les vacances ?,Aubenas,Paris,23
676,VALID,Je pars de Amboise direction Marseille,Amboise,Marseille,12
3152,INVALID,Restaurant à Hazebrouck,Hazebrouck,Bordeaux,25
2403,INVALID,Bonjour,Gap,Calais,21
2325,INVALID,La distance entre Cholet et Briançon,Cholet,Briançon,20
3031,INVALID,Bonjour,Aurillac,Courbevoie,21
3237,INVALID,Mon ami vit à Aix-en-Provence et moi à Bourgoin-Jallieu,Aix-en-Provence,Bourgoin-Jallieu,19
2548,INVALID,Mon ami vit à Meaux et moi à Maubeuge,Meaux,Maubeuge,19
1224,VALID,Comment me rendre à Montargis depuis Bourg-en-Bresse ?,Bourg-en-Bresse,Montargis,3
1120,VALID,Trajet de Montivilliers vers Fontainebleau,Montivilliers,Fontainebleau,11
3444,VALID,depart langres arrivee camery,Langres,Chambéry,15
3808,VALID,Je veux aller de Orleans a Vichy,Orléans,Vichy,1
412,VALID,Quels sont les horaires de train Mulhouse Port-Boulet ?,Mulhouse,Port-Boulet,8
2369,INVALID,Melun ou Nancy pour les vacances ?,Melun,Nancy,23
3814,VALID,Quels sont les horaires de train Marseille Le Mans ?,Marseille,Le Mans,8
985,VALID,Périgueux Saint-Quentin pour demai,Périgueux,Saint-Quentin,6
2991,INVALID,Le maire de Cambrai,Cambrai,Provins,24
2085,INVALID,quel temps fait-il à lourdes ?,Lourdes,Dunkerque,16
2621,INVALID,Albert ou Valence pou les vacances ?,Albert,Valence,23
2964,INVALID,Lisieux est une belle ville,Lisieux,Vitré,18
2317,INVALID,Quelle est la population de Challans ?,Challans,Mâcon,22
2204,INVALID,Bonjour,Tourcoing,Douai,21
2486,INVALID,Quelle est la population de Clisson ?,Clisson,Metz,22
1368,VALID,Y a-t-il des trains vers Perpignan au départ de Bourges ?,Bourges,Perpignan,4
660,VALID,Je voudraais partiir de Abbeville pour aller à Langre,Abbeville,Langres,9
2895,INVALID,Le maire de Fougères,Fougères,Calais,24
1970,INVALID,bonjour,Boulogne-Billancourt,Montauban,21
729,VALID,Quesl sont les horaires e ttrain Aurillac Tarbes ?,Aurillac,Tarbes,8
2560,INVALID,Mon ami vti à Vesul et moi à Quimper,Vesoul,Quimper,19
341,VALID,Je dois me rendre de Évreux à Troyes,Évreux,Troyes,7
1658,VALID,Je veux aller de Lyon à Saint-Dizier,Lyon,Saint-Dizier,1
1169,VALID,Quels sont les horaires de train Angoulême Lourdes ?,Angoulême,Lourdes,8
3683,INVALID,Quel temps fait-il a Albi ?,Albi,Auch,16
2902,INVALID,Le maire de Louviers,Louviers,Cholet,24
438,VALID,Je doi me rendre de Bourg-en-Bresse à oPntarlier,Bourg-en-Bresse,Pontarlier,7
544,VALID,Un billet Florence Provins s'il vous plaît,Florence,Provins,2
1038,VALID,Quels sont les horaires de train Bourg-en-Bresse Châteaubriant ?,Bourg-en-Bresse,Châteaubriant,8
3658,VALID,Quels sont les horaires de train Macon Versailles ?,Mâcon,Versailles,8
2847,INVALID,Restaurant à Reims,Reims,Bourges,25
1675,VALID,Je voudrais partir de Béziers pour aller à Brest,Béziers,Brest,9
1651,VALID,Départ Manosque arrivée Bourg-en-Bresse,Manosque,Bourg-en-Bresse,15
3470,INVALID,verdun ou bolbec pour les vacances ?,Verdun,Bolbec,23
2724,INVALID,J'habite à Bar-le-Duc,Bar-le-Duc,Chartres,17
1816,VALID,Départ Châteaubriant arrivée Elbeuf,Châteaubriant,Elbeuf,15
2209,INVALID,Bonjou,Concarneau,La Rochelle,21
2592,INVALID,Le maire de Port-Boulet,Port-Boulet,Épernay,24
357,VALID,Prochain train pour Vitré depuis Saint-Nazaire,Saint-Nazaire,Vitré,13
2451,INVALID,Blois ou Saumur pour les vacances ?,Blois,Saumur,23
259,VALID,y a-t-il des trains vers chinon au départ de aix-en-provence ?,Aix-en-Provence,Chinon,4
468,VALID,Je ovudrais partir de Melun pour aller à Avranches ,Melun,Avranches,9
276,VALID,je cherche un train dinan toulouse,Dinan,Toulouse,14
3459,VALID,un aller simple cherbourg yvetot,Cherbourg,Yvetot,10
1416,VALID,Comment me rendre à Dunkerque depuis Romans-sur-Isère ?,Romans-sur-Isère,Dunkerque,3
1066,VALID,Je veux aller de Carcassonne à Morlaix,Carcassonne,Morlaix,1
1419,VALID,Je pars de Dunkerque direction Vitry-le-François,Dunkerque,Vitry-le-François,12
1361,VALID,Un billet Pau Nevers s'il vous plaît,Pau,Nevers,2
3089,INVALID,La distance entre Manosque et Quimper,Manosque,Quimper,20
932,VALID,Je cherche un train Amboise Clermont-Ferrand,Amboise,Clermont-Ferrand,14
1682,VALID,Boulogne-Billancourt Aix-les-Bains pour demain,Boulogne-Billancourt,Aix-les-Bains,6
2205,INVALID,Bonjour,Nîmes,Châlons-en-Champagne,21
2161,INVALID,Aurillac ou Vannes pour les vacances ?,Aurillac,Vannes,23
2634,INVALID,Le maire de Caen,Caen,Montargis,24
2069,INVALID,quelle est la population de lorient ?,Lorient,Pontivy,22
3005,INVALID,Quel temps fait-il à Chambéry ?,Chambéry,Auxerre,16
542,VALID,Je voudrais partir de Vitry-le-François pour aller à Chinon,Vitry-le-François,Chinon,9
3630,VALID,creteil aubenas pour demain,Créteil,Aubenas,6
3362,INVALID,Dunkerque est une belle ville,Dunkerque,Saint-Brieuc,18
3396,VALID,quels sont les horaires de train tours vienne ?,Tours,Vienne,8
474,VALID,Je dois me rendre de Dieppe à Montauban,Dieppe,Montauban,7
807,VALID,Je pars de Auray direction Thonon-les-Bains,Auray,Thonon-les-Bains,12
881,VALID,Quels sont les horairs de train Montélimar Chalon-sur-Saône ?,Montélimar,Chalon-sur-Saône,8
3316,INVALID,Le maire de Clermont-Ferrand,Clermont-Ferrand,Auray,24
277,VALID,trajet de modane vers montargis,Modane,Montargis,11
3543,INVALID,j'habite a epernay,Épernay,Boulogne-sur-Mer,17
3017,INVALID,Le maire de Calais,Calais,Provins,24
3601,INVALID,bonjour,Chaumont,Challans,21
1281,VALID,Je dois me rendre de Arras à Clermont-Ferrand,Arras,Clermont-Ferrand,7
2565,INVALID,Bourg-en-Bresse ou Verdun pour les vacances ?,Bourg-en-Bresse,Verdun,23
3525,VALID,je voudrais partir de mulhouse pour aller a nantes,Mulhouse,Nantes,9
443,VALID,Je souhaite voyager de Hazebrouck vers Cherbourg,Hazebrouck,Cherbourg,5
2716,INVALID,La distance entre Épernay et Marseille,Épernay,Marseille,20
3733,VALID,Comment me rendre a Mende depuis Port-Boulet ?,Port-Boulet,Mende,3
322,VALID,Je souhaite voyager de Rouen vers Épernay,Rouen,Épernay,5
2553,INVALID,Quel temps fait-il à Cambrai ?,Cambrai,Étampes,16
2625,INVALID,Le maire de Cambrai,Cambrai,Moulins,24
791,VALID,Boulogne-sur-Mer Laval pour demain,Boulogne-sur-Mer,Laval,6
569,VALID,Un billet Châteauroux Montpellier s'il vous plaît,Châteauroux,Montpellier,2
1040,VALID,Comment me rendre à Lille depuis Clermont-Ferrand ?,Clermont-Ferrand,Lille,3
2041,INVALID,quelle est la population de courbevoie ?,Courbevoie,Valenciennes,22
84,VALID,départ annemasse arrivée lyon,Annemasse,Lyon,15
2405,INVALID,Mon ami vit à Bourg-en-Bresse et moi à Lons-le-Saunier,Bourg-en-Bresse,Lons-le-Saunier,19
200,VALID,départ laval arrivée châteaubriant,Laval,Châteaubriant,15
1280,VALID,Prochain train pour Chinon depuis Mende,Mende,Chinon,13
561,VALID,Départ Tarbes arrivée Châtauroux,Tarbes,Châteauroux,15
1544,VALID,Y a-t-il des trains vers Saint-Dizier au départ de Montreuil ?,Montreuil,Saint-Dizier,4
3569,INVALID,restaurant a saint-brieuc,Saint-Brieuc,Boulogne-sur-Mer,25
613,VALID,Un aller simple Avranches Dole,Avranches,Dole,10
98,VALID,je veux aller de annemasse à modane,Annemasse,Modane,1
3583,VALID,je pars de vienne direction aubenas,Vienne,Aubenas,12
1114,VALID,Un billet Brest Elbeuf s'il vous plaît,Brest,Elbeuf,2
3400,VALID,commeent me rendre a  pontoise ddepuis boulogne-sur-mer ?,Boulogne-sur-Mer,Pontoise,3
2147,INVALID,Bonjour,Paris,Amboise,21
1358,VALID,Aurillac Besançon pour demain,Aurillac,Besançon,6
2645,INVALID,Quelle est la population de Louviers ?,Louviers,Ancenis,22
1082,VALID,Je voudrais partir de Niort pour aller à Sens,Niort,Sens,9
583,VALID,Comment me rendre à Châteaubriant depuis Charleville-Mézières ?,Charleville-Mézières,Châteaubriant,3
193,VALID,je voudrais partir deb eauvaiis poru aller à auch,Beauvais,Auch,9
3275,INVALID,Le maire de Villeurbanne,Villeurbanne,Metz,24
1944,INVALID,bonjoour,Concarneau,Morlaix,21
138,VALID,un aller simple saint-brieuc clermont-ferrand,Saint-Brieuc,Clermont-Ferrand,10
2651,INVALID,Quel temps fait-il à Toul ?,Toul,Ancenis,16
3801,INVALID,Lille ou Antibes pour les vacancces ?,Lille,Antibes,23
306,VALID,Trrajet de Renes vers Roubaix,Rennes,Roubaix,11
3069,INVALID,Chartres ou Lourdes pour les vacances ?,Chartres,Lourdes,23
2574,INVALID,J'habite à Béziers,Béziers,Oyonnax,17
1607,VALID,Départ Pontivy arrivée Paris,Pontivy,Paris,15
3122,INVALID,Le maire de Cannes,Cannes,Poitiers,24
3098,INVALID,Bonjour,Cergy,Calais,21
1676,VALID,Trajet de La Rochelle vers Lisieux,La Rochelle,Lisieux,11
143,VALID,je souhaite voyager de fécamp vers grenoble,Fécamp,Grenoble,5
2931,INVALID,Pontoise est une belle ville,Pontoise,Courbevoie,18
2090,INVALID,mon ami vit à granville et moi à la rochelle,Granville,La Rochelle,19
1744,VALID,Quels sont les horaires de train Vitré Villeurbanne ?,Vitré,Villeurbanne,8
3295,INVALID,Quel temps fait-il à Belfort ?,Belfort,Lyon,16
1814,VALID,Y a-t-il des trains vers Lourdes au départ de Quimper ?,Quimper,Lourdes,4
911,VALID,Trajet de Vesoul  vers Nice,Vesoul,Nice,11
3673,VALID,Je souhaite voyager de Digne-les-Bains vers Chartres,Digne-les-Bains,Chartres,5
2082,INVALID,quelle est la population de florence ?,Florence,Châteaubriant,22
1183,VALID,Je cherche un train Bourgoin-Jallieu Modane,Bourgoin-Jallieu,Modane,14
592,VALID,Départ Besançon arrivée Villeurbanne,Besançon,Villeurbanne,15
2107,INVALID,quel temps fait-il à mâcon ?,Mâcon,Albertville,16
57,VALID,quels sont les horaires de train cannes angoulême ?,Cannes,Angoulême,8
825,VALID,Prochain train pour Ajaccio depuis Bourg-en-Bresse,Bourg-en-Bresse,Ajaccio,13
2916,INVALID,Courbevoie ou Lisieux pour les vacances ?,Courbevoie,Lisieux,23
2981,INVALID,La distance entre Saumur et Concarneau,Saumur,Concarneau,20
387,VALID,Prochain train pour La Rochelle depuis Mâcon,Mâcon,La Rochelle,13
3231,INVALID,Mende est une belle ville,Mende,Fontainebleau,18
467,VALID,Je voudrais partir de Hazebrouck pour aller à Évry,Hazebrouck,Évry,9
3719,INVALID,Niort ou Romanss-sur-Isere pourles acances ?,Niort,Romans-sur-Isère,23
3718,INVALID,Bonjour,Bourgoin-Jallieu,Soissons,21
2411,INVALID,La distance entre Nice et Troyes,Nice,Troyes,20
2949,INVALID,Le maire de Amiesn,Amiens,Biarritz,24
836,VALID,Je cherche un train Angoulême Toulon,Angoulême,Toulon,14
1784,VALID,Je voudrais  partir de Clermont-FFerrand pouur aller à Beauvais,Clermont-Ferrand,Beauvais,9
1995,INVALID,la distance entre niort et montélimar,Niort,Montélimar,20
2414,INVALID,Mon ami vit à Châteauroux et moi à Rouen,Châteauroux,Rouen,19
3608,INVALID,quelle est la population de chateauroux ?,Châteauroux,Clisson,22
1850,VALID,Je voudrais partir de Périgueux pour aller à Yvetot,Périgueux,Yvetot,9
402,VALID,Je dois me rendre de Alençon à Dinan,Alençon,Dinan,7
3556,INVALID,avranches est une belle ville,Avranches,Meaux,18
1847,VALID,Y a-t-il des trains vers Toulouse au départ de Albertville ?,Albertville,Toulouse,4
227,VALID,départ chaumont arrivée auxerre,Chaumont,Auxerre,15
1198,VALID,Je souhaite voyager de Fougères vers Pau,Fougères,Pau,5
1507,VALID,Y a-t-il des trains vers Calais au départ de Biarritz ?,Biarritz,Calais,4
513,VALID,Je pars de Vitré direction Melun,Vitré,Melun,12
3611,VALID,je souhaite voyager de chalon-sur-saone vers orleans,Chalon-sur-Saône,Orléans,5
368,VALID,Je veux aller de Amboise à Vernon,Amboise,Vernon,1
1927,INVALID,quelle est la population de nice ?,Nice,Reims,22
975,VALID,Prochain train pour Granville depuis Cambrai,Cambrai,Granville,13
1199,VALID,Je cherche un train Albertville Lyon,Albertville,Lyon,14
3252,INVALID,Bonjour,Dijon,Belfort,21
1128,VALID,Un billet Poitiers Clermont-Ferrand s'il vous plaît,Poitiers,Clermont-Ferrand,2
1271,VALID,Un aller simple Limoges Troyes,Limoges,Troyes,10
818,VALID,Je cherche un train Dunkerque Annemasse,Dunkerque,Annemasse,14
1679,VALID,Je souhaite voyager de Lunéville vers Vichy,Lunéville,Vichy,5
2668,INVALID,Quel temps fait-il à Quimper ?,Quimper,Brest,16
3890,VALID,Je veux aller de Avranches a Dinan,Avranches,Dinan,1
664,VALID,Prochain train pour Challans depuis Aurillac,Aurillac,Challans,13
2385,INVALID,Mon ami vit à Briançon et moi à Montargis,Briançon,Montargis,19
112,VALID,un aller simple saint-omer laon,Saint-Omer,Laon,10
219,VALID,le havre agen pour demain,Le Havre,Agen,6
922,VALID,Je souhaite voyager de Bordeaux vers Alençon,Bordeaux,Alençon,5
1741,VALID,Un aller simple Montreuil Bolbec,Montreuil,Bolbec,10
3839,INVALID,Lisieux ou Clisson pour les vacances ?,Lisieux,Clisson,23
1667,VALID,Y a-t-il des trains vers Troyes au départ de Clisson ?,Clisson,Troyes,4
2839,INVALID,Restaurant à Romans-sur-Isère,Romans-sur-Isère,Pau,25
120,VALID,y a-t-il des trains vers béziers au départ de romans-sur-isère ?,Romans-sur-Isère,Béziers,4
117,VALID,un billet marseille cherbourg s'il vous plaît,Marseille,Cherbourg,2
1779,VALID,Cergy Biarritz pour demain,Cergy,Biarritz,6
3113,INVALID,Lyon est une belle ville,Lyon,Évreux,18
1893,INVALID,j'habite à boulogne-billancourt,Boulogne-Billancourt,Avranches,17
2926,INVALID,Quelle est la population de Douai ?,Douai,Angers,22
2626,INVALID,J'habite à Chalon-suur-aônee,Chalon-sur-Saône,Pontoise,17
2481,INVALID,Le maire de Châlons-en-Champagne,Châlons-en-Champagne,Berck,24
476,VALID,Trajet de Romans-sur-Isère vers Évreux,Romans-sur-Isère,Évreux,11
1430,VALID,Trajet de Paris vers Vitré,Paris,Vitré,11
407,VALID,Je voudrais partir de Segré pour aller à Versailles,Segré,Versailles,9
3363,INVALID,Rennes ou Chalon-sur-Saône pour les vacances ?,Rennes,Chalon-sur-Saône,23
588,VALID,Je pars de Modane direction Bourges,Modane,Bourges,12
1095,VALID,Quels sont les horaires de train Créteil Nanterre ?,Créteil,Nanterre,8
1446,VALID,Je dois me rendre de Vesoul à Loches,Vesoul,Loches,7
1072,VALID,Trajet de Vierzon vers Dinan,Vierzon,Dinan,11
644,VALID,Je voudrais partir de Toulouse pour aller à Bastia,Toulouse,Bastia,9
1925,INVALID,mon ami vit à lens et moi à béthune,Lens,Béthune,19
1367,VALID,Comment me rendre à Rouen depuis Béthune ?,Béthune,Rouen,3
3769,INVALID,Provins ou Chaumont pour les vacances ?,Provins,Chaumont,23
1655,VALID,Je pars de Perpignan direction Paris,Perpignan,Paris,12
984,VALID,Trajet de Albertville vers Lons-le-Saunier,Albertville,Lons-le-Saunier,11
3709,VALID,Je cherche un train Besancon Lens,Besançon,Lens,14
1002,VALID,Quels sont les horaires de train Cambrai Port-Boulet ?,Cambrai,Port-Boulet,8
2311,INVALID,Mulhouse est une belle ville,Mulhouse,Béziers,18
3831,INVALID,Manosque est une belle ville,Manosque,Saint-Étienne,18
790,VALID,Quels sont les horaires de train Vannes Arles ?,Vannes,Arles,8
2473,INVALID,Périgueux est une belle ville,Périgueux,Dunkerque,18
2817,INVALID,Le maire de Fécamp,Fécamp,Cherbourg,24
1900,INVALID,albi est une belle ville,Albi,Lons-le-Saunier,18
1311,VALID,Prochain train pour Bar-le-Duc depuis Dijon,Dijon,Bar-le-Duc,13
239,VALID,je voudrais partir de la rochelle pour aller à soissons,La Rochelle,Soissons,9
3782,VALID,Je veux aller de Aix-en-Provence a Orange,Aix-en-Provence,Orange,1
1287,VALID,eJ cherche un train Laval Buorges,Laval,Bourges,14
1382,VALID,Trajet de Langres vers Montreuil,Langres,Montreuil,11
3776,INVALID,Quel temps fait-il a Amboise ?,Amboise,Bar-le-Duc,16
2849,INVALID,Quel temps fait-il à Courbevoie ?,Courbevoie,Alençon,16
1824,VALID,Départ Bourges arrivée Pontoise,Bourges,Pontoise,15
2947,INVALID,Aix-en-Provence ou Poitiers pour les vacances ?,Aix-en-Provence,Poitiers,23
2875,INVALID,Quelle est la population de Grenoble ?,Grenoble,Calais,22
2265,INVALID,J'habite à Briançon,Briançon,Metz,17
1223,VALID,Je voudrais partir de Vesoul pour aller à Boulogne-BBilllancourt,Vesoul,Boulogne-Billancourt,9
831,VALID,Je pars de Chambéry direction Briançon,Chambéry,Briançon,12
3464,VALID,je pars de florence direction troyes,Florence,Troyes,12
3761,VALID,Je veux aller de Grenoble a Brest,Grenoble,Brest,1
965,VALID,Thonon-les-Bains Angers pour demain,Thonon-les-Bains,Angers,6
699,VALID,Un billet Orange Annemasse s'il vous plaît,Orange,Annemasse,2
3882,VALID,Je veux aller de Fecamp a Tours,Fécamp,Tours,1
1892,INVALID,bonjour,Le Havre,Segré,21
3549,VALID,je souhaite voyager de oyonnax vers bayonne,Oyonnax,Bayonne,5
2122,INVALID,J'habite à Montreuil,Montreuil,Bourges,17
1808,VALID,Trajet de Provvins vers Vitré,Provins,Vitré,11
3001,INVALID,J'habite à Arles,Arles,Béthune,17
635,VALID,Je pars de Poitiers direction Aix-en-Provence,Poitiers,Aix-en-Provence,12
3558,INVALID,le maire de orange,Orange,Perpignan,24
735,VALID,Je veux aller de Yvetot à Cherbourg,Yvetot,Cherbourg,1
918,VALID,Je dois me rendre de Dieppe à Romans-sur-Isère,Dieppe,Romans-sur-Isère,7
2355,INVALID,La distance entre Laval et Nevers,Laval,Nevers,20
75,VALID,prochain train pour metz depuis fontenay-le-comte,Fontenay-le-Comte,Metz,13
9,VALID,un billet loches bourg-en-bresse s'il vous plaît,Loches,Bourg-en-Bresse,2
1074,VALID,Je voudrais partir de Lourdes pour aller à Rouen,Lourdes,Rouen,9
291,VALID,Trajet de Mâcon vers Laon,Mâcon,Laon,11
982,VALID,Trajet de Antibes vers Granville,Antibes,Granville,11
1344,VALID,Départ Bourg-en-Bresse arrivée Nanterre,Bourg-en-Bresse,Nanterre,15
2376,INVALID,Restaurant à Vichy,Vichy,Albertville,25
688,VALID,Y a-t-il des trains vers Dole au départ de Bar-le-Duc ?,Bar-le-Duc,Dole,4
3509,VALID,depart perpignan arrivee briancon,Perpignan,Briançon,15
590,VALID,Y a-t-iil des trains verrs Niiortau déppat de Villeurbanne ?,Villeurbanne,Niort,4
346,VALID,Y a-t-il des trains vers Lyon au départ de Dole ?,Dole,Lyon,4
2063,INVALID,mon ami vit à toulon et moi à grenoble,Toulon,Grenoble,19
3201,INVALID,Alençon ou Angoulême pour les vacances ?,Alençon,Angoulême,23
3750,VALID,Je cherche un train Les Sables-d'Olonne Cherbourg,Les Sables-d'Olonne,Cherbourg,14
1307,VALID,Prochain train pour Perpignan depuis Privas,Privas,Perpignan,13
3447,VALID,je dois me rendre de angers a lorient,Angers,Lorient,7
1910,INVALID,perpignan est une belle ville,Perpignan,Montélimar,18
1948,INVALID,l maire de verdun,Verdun,Albert,24
3309,INVALID,Quelle est la population de Calais ?,Calais,Vesoul,22
1350,VALID,Départ Sens arrivée Alençon,Sens,Alençon,15
1428,VALID,Je dois me rendre de Nancy à Montélimar,Nancy,Montélimar,7
65,VALID,quels sont les horaires de train biarritz grenoble ?,Biarritz,Grenoble,8
1805,VALID,Je cherche un train Pontivy Albertville,Pontivy,Albertville,14
2530,INVALID,La distance entre Oyonnax et Tarbes,Oyonnax,Tarbes,20
672,VALID,Je dois me rendre de Yvetot à Montivilliers,Yvetot,Montivilliers,7
41,VALID,un aller simple clermont-ferrand vienn ,Clermont-Ferrand,Vienne,10
2923,INVALID,La distance entre Challans et Laval,Challans,Laval,20
1091,VALID,Trajet de Épernay vers Clermont-Ferrand,Épernay,Clermont-Ferrand,11
557,VALID,Départ Moulins arrivée Bastia,Moulins,Bastia,15
3628,VALID,je cherche un train challans provins,Challans,Provins,14
278,VALID,départ vitré arrivée pontarlier,Vitré,Pontarlier,15
923,VALID,Je souhaite voyager de Bourgoin-Jallieu vers Challans,Bourgoin-Jallieu,Challans,5
3851,VALID,Toulon Sens pour demain,Toulon,Sens,6
3063,INVALID,Restaurant à Paris,Paris,Villeurbanne,25
1108,VALID,Je veux aller de Metz à Rodez,Metz,Rodez,1
3773,VALID,Un aller simple Nancy Dunkerque,Nancy,Dunkerque,10
2001,INVALID,la distance entre cholet et blois,Cholet,Blois,20
2260,INVALID,Mon ami vit à Vitry-le-François et moi à Laon,Vitry-le-François,Laon,19
3732,VALID,Depart Fecamp arrivee Segre,Fécamp,Segré,15
3847,INVALID,Quel temps fait-il a Bourg-en-Bresse ?,Bourg-en-Bresse,La Rochelle,16
2194,INVALID,Restaurant à Évreux,Évreux,Châteaubriant,25
2238,INVALID,Vernon est une belle ville,Vernon,Modane,18
1487,VALID,Un billet Amboise Fontenay-le-Comte s'il vous plaît,Amboise,Fontenay-le-Comte,2
3440,INVALID,mende est une belle ville,Mende,Vierzon,18
2348,INVALID,Quelle est la population de Périgueux ?,Périgueux,Valence,22
900,VALID,Je dois me rendre de Montpellier à Angers,Montpellier,Angers,7
3162,INVALID,Restaurant à Bourg-en-Bresse,Bourg-en-Bresse,Caen,25
746,VALID,Départ Biarritz arrivée Belfort,Biarritz,Belfort,15
1385,VALID,Meaux Saint-Denis pour demain,Meaux,Saint-Denis,6
2854,INVALID,Morlaix ou Dinan pour les vacances ?,Morlaix,Dinan,23
2636,INVALID,J'habite à Montauban,Montauban,Aubenas,17
896,VALID,Un billet Toulon Vichy s'i lvous plaît ,Toulon,Vichy,2
3560,INVALID,le maire de auray,Auray,Montbéliard,24
2720,INVALID,J'habite à Mulhouse,Mulhouse,Valenciennes,17
1427,VALID,Je veux aller de Vierzon à Arles,Vierzon,Arles,1
2224,INVALID,Le maire de Béthune,Béthune,Port-Boulet,24
2273,INVALID,Mon aim vit à Nevers t moi à Orange,Nevers,Orange,19
788,VALID,Je souhaite voyager de Abbeville vers Bar-le-Duc,Abbeville,Bar-le-Duc,5
3692,VALID,Je pars de Granville direction Nanterre,Granville,Nanterre,12
2998,INVALID,Quelle est la population de Épernay ?,Épernay,Lorient,22
634,VALID,Comment me rendre à Chartres depuis Évry ?,Évry,Chartres,3
829,VALID,Comment me rendre à Béziers depuis Épinal ?,Épinal,Béziers,3
234,VALID,u billet toul lille sil vous plaît,Toul,Lille,2
2232,INVALID,Bonjour,Chartres,Montauban,21
693,VALID,Comment me rendre à Tours depuis Mulhouse ?,Mulhouse,Tours,3
49,VALID,je veux aller de la rochelle à clermont-ferrand,La Rochelle,Clermont-Ferrand,1
3019,INVALID,Vierzon ou Granville pour les vacances ?,Vierzon,Granville,23
461,VALID,Je dois me rendre de Aubenas à Lons-le-Saunier,Aubenas,Lons-le-Saunier,7
1189,VALID,Je vexu aller de Chartres à Quimepr,Chartres,Quimper,1
2374,INVALID,Quel temps fait-il à Modane ?,Modane,Créteil,16
950,VALID,Un billet Toul Montivilliers s'il vous plaît,Toul,Montivilliers,2
2532,INVALID,Marseillle ou Montargi poru less vacances ?,Marseille,Montargis,23
1125,VALID,Comment me rendre à Bar-le-Duc depuis Clisson ?,Clisson,Bar-le-Duc,3
152,VALID,comment me rendre à alençon depuis châteaubriant ?,Châteaubriant,Alençon,3
1937,INVALID,quelle est la population de caen ?,Caen,Nantes,22
2544,INVALID,Restaurant à Chaumont,Chaumont,Cherbourg,25
299,VALID,Je cherche un train Challans Arras,Challans,Arras,14
1404,VALID,Je cherche un train Annecy Saint-Dizier,Annecy,Saint-Dizier,14
1206,VALID,Un aller simple Cambrai Chambéry,Cambrai,Chambéry,10
1349,VALID,Un billet Blois Le Puy-en-Velay s'il vous plaît,Blois,Le Puy-en-Velay,2
903,VALID,Bolbec Antibes pour demain,Bolbec,Antibes,6
2554,INVALID,Restaurant à Chalon-sur-Saône,Chalon-sur-Saône,Cambrai,25
2930,INVALID,J'habite à Niort,Niort,Pontivy,17
785,VALID,Je pars de Pontivy direction Laval,Pontivy,Laval,12
3302,INVALID,Quel temps fait-il à Besançon ?,Besançon,Arras,16
3151,INVALID,Bonjourr,Manosque,Chalon-sur-Saône,21
1969,INVALID,restaurant à annecy,Annecy,Cannes,25
390,VALID,Je doism e rendre de Montbéliard àà Cergy,Montbéliard,Cergy,7
3830,VALID,Je pars de Paris direction Luneville,Paris,Lunéville,12
1388,VALID,Prochain train pour Vienne depuis Elbeuf,Elbeuf,Vienne,13
3716,VALID,Je veux aller de Vesoul a Morlaix,Vesoul,Morlaix,1
1852,VALID,Quels sont les horaires de train Alençon Mulhouse ?,Alençon,Mulhouse,8
230,VALID,je souhaitevoyager de vichy vers fougères,Vichy,Fougères,5
1457,VALID,Comment me rendre à Niort depuis Yvetot ?,Yvetot,Niort,3
1205,VALID,Je souhaite voyager de Valenciennes vers Chartres,Valenciennes,Chartres,5
1866,VALID,Prochain train pour Laval depuis Chartres,Chartres,Laval,13
1033,VALID,Départ Ancenis arrivée Soissons,Ancenis,Soissons,15
1691,VALID,Je pars de Amboise direction Albert,Amboise,Albert,12
2491,INVALID,Restaurant à Biarritz,Biarritz,La Rochelle,25
2633,INVALID,Restaurant à Douai,Douai,Villeurbanne,25
3269,INVALID,Restaurant à Pau,Pau,Montbéliard,25
1812,VALID,Comment me rendre à Chinon depuis Béthune ?,Béthune,Chinon,3
1393,VALID,Y a-t-il des trains vers Verdun au départ de Blois ?,Blois,Verdun,4
2079,INVALID,roze ou loches pour les vacancs ?? ,Rodez,Loches,23
840,VALID,Prochain train pour Yvetot depuis Évreux,Évreux,Yvetot,13
385,VALID,Je voudrais partir de Tourcoing pour aller à Manosque,Tourcoing,Manosque,9
1874,VALID,Comment me rendre à Valence depuis Maubeuge ?,Maubeuge,Valence,3
719,VALID,Je voudrais partir de Saumur pour aller à Mâcon,Saumur,Mâcon,9
2052,INVALID,j'habite à orléans,Orléans,Concarneau,17
1999,INVALID,quelle est la population de bordeaux ?,Bordeaux,Bourg-en-Bresse,22
822,VALID,Dééparrt Paris arrivée Metz,Paris,Metz,15
114,VALID,comment me rendre à dieppe depuis argenteuil ?,Argenteuil,Dieppe,3
2631,INVALID,Mon ami vit à Auch et moi à Lille,Auch,Lille,19
3747,VALID,Prochain train pour Evry depuis Bourgoin-Jallieu,Bourgoin-Jallieu,Évry,13
2349,INVALID,Quel temps fait-il à Romans-sur-Isère ?,Romans-sur-Isère,Toulon,16
85,VALID,quels sont les horaires de train strasbourg privas ?,Strasbourg,Privas,8
547,VALID,Un aller simple Saint-Omer Dunkerque,Saint-Omer,Dunkerque,10
3241,INVALID,Restaurant à Sens,Sens,Cherbourg,25
2283,INVALID,J'habite à Toul,Toul,Évreux,17
1291,VALID,Prochain train pour Nîmes depuis Amboise,Amboise,Nîmes,13
1787,VALID,Y a-t-il des trains vers Chartres au départ de Dunkerque ?,Dunkerque,Chartres,4
2637,INVALID,J'habite à Grenoble,Grenoble,Aix-en-Provence,17
750,VALID,Départ Châteauroux arrivée Fontenay-le-Comte,Châteauroux,Fontenay-le-Comte,15
3791,INVALID,Quelle est la population de Montreuil ?,Montreuil,Cherbourg,22
3004,INVALID,La distance entre Elbeuf et Roubaix,Elbeuf,Roubaix,20
2488,INVALID,Nevers ou Auxerre pour les vacances ?,Nevers,Auxerre,23
3186,INVALID,J'habite à Vesoul,Vesoul,Lisieux,17
3350,INVALID,Restaurant à Dinan,Dinan,Soissons,25
1952,INVALID,la distance entre chalon-sur-saône et sens,Chalon-sur-Saône,Sens,20
837,VALID,Je souhaie voygaer de Gap vers Pontoise,Gap,Pontoise,5
2401,INVALID,Bonjour,Montivilliers,Béziers,21
1550,VALID,Je veux aller de Douai à Valence,Douai,Valence,1
68,VALID,chalon-sur-saône saint-brieuc pour demain,Chalon-sur-Saône,Saint-Brieuc,6
2610,INVALID,Restaurant à Beauvais,Beauvais,Saumur,25
2767,INVALID,Quel temps fait-il à Roubaix ?,Roubaix,Cannes,16
198,VALID,un billet marseille périgueux s'il vous plaît,Marseille,Périgueux,2
980,VALID,Y a-t-il des trains vers Nantes au départ de Vitré ?,Vitré,Nantes,4
1122,VALID,Y a-t-il des trains vers Dole au départ de La Rochelle ?,La Rochelle,Dole,4
2890,INVALID,Quel temps fait-il à Aubenas ?,Aubenas,Chaumont,16
1185,VALID,Je souhaite voyager de Maubeuge vers Albertvlle,Maubeuge,Albertville,5
1961,INVALID,quelle est la population de chartres ?,Chartres,Arras,22
2483,INVALID,La distance entre Chinon et Châlons-en-Champagne,Chinon,Châlons-en-Champagne,20
3666,VALID,Trajet de Romans-sur-Isere vers Orange,Romans-sur-Isère,Orange,11
656,VALID,Prochain train pour Nîmes depuis Nice,Nice,Nîmes,13
331,VALID,Je veux aller de Morlaix à Roubaix,Morlaix,Roubaix,1
585,VALID,Unn billet Morlaix Périgueux s'il vous plaît,Morlaix,Périgueux,2
3356,INVALID,Le maire de Dinan,Dinan,Saint-Brieuc,24
2757,INVALID,Quel temps fait-il à Vierzon ?,Vierzon,Nevers,16
1483,VALID,Un billet Nice Cannes s'il vous plaît,Nice,Cannes,2
1278,VALID,Départ Bourgoin-Jallieu arrivée Vernon,Bourgoin-Jallieu,Vernon,15
879,VALID,Je cherche un train Saint-Nazaire Vitry-le-François,Saint-Nazaire,Vitry-le-François,14
3219,INVALID,Bonjour,Chartres,Louviers,21
22,VALID,un billet châteauroux aix-les-bains s'il vous plaît,Châteauroux,Aix-les-Bains,2
195,VALID,je souhaite voyager de nice vers dinan,Nice,Dinan,5
2173,INVALID,Mon ami vit à Mâcon et moi à Montreuil,Mâcon,Montreuil,19
472,VALID,Comment me rendre à Saint-Nazaire depuis Villeurbanne ?,Villeurbanne,Saint-Nazaire,3
593,VALID,Trajet de Romans-sur-Isère vers Boulogne-sur-Mer,Romans-sur-Isère,Boulogne-sur-Mer,11
3026,INVALID,Mon ami vit à Alençon et moi à Berck,Alençon,Berck,19
905,VALID,Je dois me rendre de Bar-le-Duc à Niort,Bar-le-Duc,Niort,7
2277,INVALID,Mon ami vit à Lisieux et moi à Lourdes,Lisieux,Lourdes,19
1226,VALID,Départ Le Havre arrivée Arles,Le Havre,Arles,15
1602,VALID,Je pars de Châteauroux direction Dieppe,Châteauroux,Dieppe,12
852,VALID,Je pars de Lons-le-Saunier direction Marseillee,Lons-le-Saunier,Marseille,12
3592,VALID,je souhaite voyager de berck vers vendome,Berck,Vendôme,5
1692,VALID,Un aller simple Créteil Florence,Créteil,Florence,10
3798,VALID,Digne-les-Bains Valence pour demain,Digne-les-Bains,Valence,6
3746,INVALID,Nantes ou Nancy pour les vacances ?,Nantes,Nancy,23
289,VALID,Prochain train pour Villeurabnne depuis Orange,Orange,Villeurbanne,13
1959,INVALID,fontainebleau ou florence pour les vacances ?,Fontainebleau,Florence,23
3701,VALID,Je cherche un train Bordeaux Vitry-le-Francois,Bordeaux,Vitry-le-François,14
3721,VALID,Y a-t-il des trains vers Annecy au depart de Evreux ?,Évreux,Annecy,4
3507,VALID,je souhaite voyager de bourgoin-jallieu vers port-boulet,Bourgoin-Jallieu,Port-Boulet,5
2765,INVALID,Aix-les-Bains ou Vesoul pour les vacances ?,Aix-les-Bains,Vesoul,23
630,VALID,Je veux aller de Dunkerque à Laon,Dunkerque,Laon,1
2987,INVALID,Mon ami vit à Mulhouse et moi à Pontivy,Mulhouse,Pontivy,19
1687,VALID,Évreux Cherbourg pour demain,Évreux,Cherbourg,6
2098,INVALID,mon ami vit à fontenay-le-comte et moi à troyes,Fontenay-le-Comte,Troyes,19
1551,VALID,Y a-t-il des trains vers Fougères au départ de Étampes ?,Étampes,Fougères,4
3753,VALID,Je dois me rendre de Angers a Arles,Angers,Arles,7
2175,INVALID,Bonjour,Poitiers,Saint-Dizier,21
3735,INVALID,Bonjour,Vernon,Lisieux,21
1469,VALID,Je cherche un train Digne-les-Bains Amiens,Digne-les-Bains,Amiens,14
2736,INVALID,Quel temps fait-il à Argenteuil ?,Argenteuil,Chinon,16
2131,INVALID,Quel temps fait-il à Bastia ?,Bastia,Tarbes,16
2268,INVALID,Laon est une belle ivlle,Laon,Lannion,18
2723,INVALID,J'habite à Cannes,Cannes,Vendôme,17
562,VALID,Prochaintrain pour alence deis Vernn,Vernon,Valence,13
3448,VALID,comment me rendre a privas depuis avranches ?,Avranches,Privas,3
1131,VALID,Blois Vienne pour demain,Blois,Vienne,6
2898,INVALID,Le maire de Orléans,Orléans,Vernon,24
1186,VALID,Je cherche un train Bouloge-sur-er Concarneau,Boulogne-sur-Mer,Concarneau,14
2055,INVALID,le maire de valence,Valence,Valenciennes,24
1067,VALID,Je dois me rendre de Angoulême à Elbeuf,Angoulême,Elbeuf,7
1572,VALID,Prochain train pour Grenoble depuis Saint-Quentin,Saint-Quentin,Grenoble,13
3677,VALID,Je pars de Florence direction Nancy,Florence,Nancy,12
3728,VALID,Je veux aller de Le Mans a Cannes,Le Mans,Cannes,1
2357,INVALID,Le maire de Louviers,Louviers,Segré,24
243,VALID,quels sont les horaires de train saint-omer angoulême ?,Saint-Omer,Angoulême,8
1653,VALID,Départ Boulogne-Billancourt arrivée Châteaubriant,Boulogne-Billancourt,Châteaubriant,15
2230,INVALID,Quelle set la populationn de Lourdes ?,Lourdes,Colmar,22
2659,INVALID,Le maire de Béthune,Béthune,Reims,24
2184,INVALID,Mon ami vit à Angers et moi à Limoges,Angers,Limoges,19
647,VALID,Un billet Périgueux Béziers s'il vous plaît,Périgueux,Béziers,2
191,VALID,je pars de comiègne direction laval,Compiègne,Laval,12
3422,INVALID,bonjour,Vitry-le-François,Troyes,21
1282,VALID,Nice Vierzon pour demain,Nice,Vierzon,6
2836,INVALID,Bonjour,Amboise,Chambéry,21
1481,VALID,Je cherche un train Vienne Strasbourg,Vienne,Strasbourg,14
449,VALID,Un billet Saint-Étienne Annecy s'il vous plaît,Saint-Étienne,Annecy,2
2699,INVALID,Restaurant à Bayonne,Bayonne,Elbeuf,25
1139,VALID,Un billet Bar-le-Duc Épinal s'il vous plaît,Bar-le-Duc,Épinal,2
1070,VALID,Je souhaite voyager de Évreux vers Tourcoing,Évreux,Tourcoing,5
1119,VALID,Je dois me rendre de Bourges à Concarneau,Bourges,Concarneau,7
3383,INVALID,Étampes est une belle ville,Étampes,Beauvais,18
2566,INVALID,Quelle est la population de Évry ?,Évry,Arles,22
1512,VALID,Y a-t-il des trains vers Hazebrouck au départ de Abbeville ?,Abbeville,Hazebrouck,4
3012,INVALID,Quelle est la population de Épernay ?,Épernay,Melun,22
1047,VALID,Je souhaite voyager de Lisieux vers Bastia,Lisieux,Bastia,5
1270,VALID,Un billet Berck Montbéliard s'il vous plaît,Berck,Montbéliard,2
983,VALID,Quels sont les horaires de train Les Sables-d'Olonne Pau ?,Les Sables-d'Olonne,Pau,8
1794,VALID,Je cherche un train Niort Évry,Niort,Évry,14
1026,VALID,Je souhaite voyager de Albert vers Moulins,Albert,Moulins,5
1520,VALID,Je pars de Modane direction La Rochelle,Modane,La Rochelle,12
775,VALID,Prochain train pour Créteil depuis Romans-sur-Isère,Romans-sur-Isère,Créteil,13
2619,INVALID,Charleville-Mézières ou Clermont-Ferand poru les vacances ?,Charleville-Mézières,Clermont-Ferrand,23
1578,VALID,Je voudrais partir de Colmar pour aller à Chaumont,Colmar,Chaumont,9
2429,INVALID,Le maire de Saint-Denis,Saint-Denis,Grenoble,24
952,VALID,Bar-le-Duc Florence pour demain,Bar-le-Duc,Florence,6
2815,INVALID,Quel temps fait-il à Dunkerque ?,Dunkerque,Toulon,16
3606,INVALID,restaurant a vierzon,Vierzon,Annecy,25
1508,VALID,Un billet Florence Bayonne s'il vous plaît,Florence,Bayonne,2
3192,INVALID,Mon ami vit à Fécamp et moi à Rennes,Fécamp,Rennes,19
3145,INVALID,J'habite à Mâcon,Mâcon,Vienne,17
1471,VALID,Je dois me rendre de Thonon-les-Bains à Pontarlier,Thonon-les-Bains,Pontarlier,7
796,VALID,Quels sont les horaires de train Lunéville Valence ?,Lunéville,Valence,8
3738,VALID,Quels sont les horaires de train Auxerre Bordeaux ?,Auxerre,Bordeaux,8
2398,INVALID,La distance entre Bourgoin-Jaallieu te Évreux,Bourgoin-Jallieu,Évreux,20
1251,VALID,Je voudrais partir de Châeauroux pour ller à Évreux,Châteauroux,Évreux,9
2129,INVALID,Le maire de Avignon,Avignon,Sens,24
1192,VALID,Comment me rendre à Montargis depuis Brest ?,Brest,Montargis,3
348,VALID,Comment me rendre à Albi depuis Lisieux ?,Lisieux,Albi,3
40,VALID,je veux aller de oyonnax à bolbec,Oyonnax,Bolbec,1
1523,VALID,Je dois me rendre de Bourges à Bar-le-Duc,Bourges,Bar-le-Duc,7
1908,INVALID,auxerre est une belle ville,Auxerre,Bordeaux,18
1888,INVALID,quelle est la population de nîmes ?,Nîmes,Villeurbanne,22
3291,INVALID,Granville est une belle ville,Granville,Oyonnax,18
2223,INVALID,Évreux ou Clisson pour les vacances ?,Évreux,Clisson,23
199,VALID,départ marseille arrivée maubeuge,Marseille,Maubeuge,15
3538,VALID,trajet de bourg-en-bresse vers bourges,Bourg-en-Bresse,Bourges,11
3739,INVALID,Nevers est une belle ville,Nevers,Nîmes,18
2922,INVALID,Mon ami vit à Vitré et moi à Pontarlier,Vitré,Pontarlier,19
1105,VALID,Je dois me rendre de Saumur à Évreux,Saumur,Évreux,7
3070,INVALID,J'habite à Saint-Étienne,Saint-Étienne,Montpellier,17
1113,VALID,Chinon Périgueux pour demain,Chinon,Périgueux,6
51,VALID,prochain train pour tarbes depuis les sables-d'olonne,Les Sables-d'Olonne,Tarbes,13
3700,VALID,Depart Saint-Nazaire arrivee Grenoble,Saint-Nazaire,Grenoble,15
1731,VALID,Dunkerque Nanterre pour demain,Dunkerque,Nanterre,6
3693,VALID,Je cherche un train Compiegne Dunkerque,Compiègne,Dunkerque,14
1274,VALID,Un aller simple Ancenis Dijon,Ancenis,Dijon,10
3650,INVALID,Evreux est une belle ville,Évreux,Oyonnax,18
3306,INVALID,Bonjour,Montélimar,Bordeaux,21
2366,INVALID,J'habite à Châteauroux,Châteauroux,Dole,17
365,VALID,Je cherche un train Reims Bayonne,Reims,Bayonne,14
2896,INVALID,Le maire de Gap,Gap,Albi,24
3884,VALID,Un aller simple Vernon Saint-Nazaire,Vernon,Saint-Nazaire,10
2455,INVALID,Metz est une belle ville,Metz,Mende,18
1807,VALID,Je souhaite voyager de Angoulême vers Auxerre,Angoulême,Auxerre,5
3008,INVALID,Quelle est la population de Saint-Omer ?,Saint-Omer,Bayonne,22
650,VALID,Départ Rodez arrivée Abbeville,Rodez,Abbeville,15
1965,INVALID,la distance entre compiègne et toul,Compiègne,Toul,20
1782,VALID,Départ Montivilliers arrivée Carcassonne,Montivilliers,Carcassonne,15
3599,VALID,je veux aller de saint-nazaire a digne-les-bains,Saint-Nazaire,Digne-les-Bains,1
1967,INVALID,quelle est la population de bordeaux ?,Bordeaux,Châteauroux,22
3659,VALID,Je pars de Briancon direction Chalon-sur-Saone,Briançon,Chalon-sur-Saône,12
863,VALID,Je souhaite voyager de Bar-le-Duc vers Pontivy,Bar-le-Duc,Pontivy,5
2343,INVALID,Quel temps fait-il à Arles ?,Arles,Niort,16
2449,INVALID,Restaurant à Poitiers,Poitiers,Bourgoin-Jallieu,25
767,VALID,Je souhaite voyager de Alençon vers Oyonnax,Alençon,Oyonnax,5
1228,VALID,Départ Avranches arrivée Aix-en-Provence,Avranches,Aix-en-Provence,15
766,VALID, Je voudraisp arttir de Pris pour aller à Loches,Paris,Loches,9
2389,INVALID,Restaurant à Épinal,Épinal,Arles,25
888,VALID,Départ Châlons-en-Champagne arrivée Albert,Châlons-en-Champagne,Albert,15
1882,VALID,Je souhaite voyager de Mâcon vers Vichy,Mâcon,Vichy,5
2192,INVALID,Quelle est la population de Lens ?,Lens,Albert,22
60,VALID,quels sont les horaires de train saint-brieuc cambrai ?,Saint-Brieuc,Cambrai,8
1339,VALID,Je pars de Toulon direction Rodez,Toulon,Rodez,12
867,VALID,Trajet de Cergy vers Arles,Cergy,Arles,11
1348,VALID,Je dois me rendre de Châteauroux à Carcassonne,Châteauroux,Carcassonne,7
2397,INVALID,Quelle est la population de Lourdes ?,Lourdes,Lons-le-Saunier,22
2887,INVALID,La distance entre Thonon-les-Bains et Toul,Thonon-les-Bains,Toul,20
3051,INVALID,La distance entre Pontoise et Saint-Omer,Pontoise,Saint-Omer,20
859,VALID,Je cherche un train Fécamp Mâcon,Fécamp,Mâcon,14
992,VALID,Je dois me rendre de Châteauroux à Avignon,Châteauroux,Avignon,7
862,VALID,Dépaart Saint-Brieuc arrivée Mâcon,Saint-Brieuc,Mâcon,15
2202,INVALID,Bonjour,Châlons-en-Champagne,Auch,21
2465,INVALID,Quel temps fait-il à Marseille ?,Marseille,Fontainebleau,16
1104,VALID,Départ Valence arrivée Sens,Valence,Sens,15
423,VALID,Trajet de Bézier svers Dole,Béziers,Dole,11
1312,VALID,Renne Châlons-en-Champagn  pour demain,Rennes,Châlons-en-Champagne,6
1960,INVALID,bonjour,Lunéville,Chinon,21
283,VALID,y a-t-il des trains vers montauban au départ de boulogne-billancourt ?,Boulogne-Billancourt,Montauban,4
2945,INVALID,Quelle est la population de Vernon ?,Vernon,Marseille,22
73,VALID,je dois me rendre de beauvais à alençon,Beauvais,Alençon,7
3741,INVALID,J'habite a Clermont-Ferrand,Clermont-Ferrand,Tarbes,17
1414,VALID,Trajet de Lisieux vers Toulon,Lisieux,Toulon,11
2557,INVALID,Agen est une belle ville,Agen,Bourg-en-Bresse,18
2848,INVALID,J'habite à Ancenis,Ancenis,Thonon-les-Bains,17
3167,INVALID,Quelle est la population de Vichy ?,Vichy,Cannes,22
1736,VALID,Je souhaite voyager de Biarritz vers Hazebrouck,Biarritz,Hazebrouck,5
450,VALID,Un billet Laval Lille s'il vous plaît,Laval,Lille,2
1644,VALID,Je veux aller de Agen à Le Havre,Agen,Le Havre,1
3050,INVALID,Le maire de Langres,Langres,Dunkerque,24
1750,VALID,Châteauroux Châlons-en-Champagne pour demain,Châteauroux,Châlons-en-Champagne,6
1052,VALID,Je veux aller de Saint-Étienne à Angoulême,Saint-Étienne,Angoulême,1
1923,INVALID,auxerre ou épernay pour les vacances ?,Auxerre,Épernay,23
1042,VALID,Départ Évreux arrivée Auxerre,Évreux,Auxerre,15
2872,INVALID,Mon ami vit à Saumur et moià Toulon ,Saumur,Toulon,19
1257,VALID,Départ Annemasse arrivée Boulogne-Billancourt,Annemasse,Boulogne-Billancourt,15
2996,INVALID,La distance entre Boulogne-Billancourt et Maubeuge,Boulogne-Billancourt,Maubeuge,20
1207,VALID,Un billet Vierzon Saint-Dizier s'il vous plaît,Vierzon,Saint-Dizier,2
1863,VALID,Départ Rodez arrivée Aurillac,Rodez,Aurillac,15
1700,VALID,Un billet Montauban Fontenay-le-Comte s'il vous plaît,Montauban,Fontenay-le-Comte,2
3087,INVALID,Saumur ou Châlons-en-Champagne pour les vacances ?,Saumur,Châlons-en-Champagne,23
1949,INVALID,la distance entre biarritz et charleville-mézières,Biarritz,Charleville-Mézières,20
1222,VALID,Trajet de Angers vers Bolbec,Angers,Bolbec,11
2035,INVALID,annemasse ou florence pour les vacances ?,Annemasse,Florence,23
899,VALID, Je dos me rendre de Dunkerque àBiarritz,Dunkerque,Biarritz,7
3274,INVALID,J'habite à Arles,Arles,Saint-Quentin,17
190,VALID,je veux aller de marseille à arras,Marseille,Arras,1
556,VALID,Je dois me rendre de Antibes à Saint-Étienne,Antibes,Saint-Étienne,7
1906,INVALID,bonjour,Mulhouse,Oyonnax,21
3656,VALID,Je cherche un train Morlaix Bourgoin-Jallieu,Morlaix,Bourgoin-Jallieu,14
1352,VALID,Avignon Saint-Brieuc pour demain,Avignon,Saint-Brieuc,6
1474,VALID,Je pars de Vendôme direction Modane,Vendôme,Modane,12
1561,VALID,Je dois m rendr ede Bayonne à Besançon ,Bayonne,Besançon,7
3770,INVALID,Restaurant a Colmar,Colmar,Montbéliard,25
1777,VALID,Je voudrais partir de Auch pour aller à Sens,Auch,Sens,9
64,VALID,troyes étampes pour demain,Troyes,Étampes,6
872,VALID,Je veux aller de Ancenis à Vierzon,Ancenis,Vierzon,1
2208,INVALID,Romans-sur-Isère est une belle ville,Romans-sur-Isère,Aubenas,18
1321,VALID,Je voudrais partir de Albert pour aller à Grenoble,Albert,Grenoble,9
3381,INVALID,Le maire de Saint-Denis,Saint-Denis,Le Mans,24
486,VALID,Trajet de Montpellier vers Yvetot,Montpellier,Yvetot,11
3577,VALID,je voudrais partir de perpignan pour aller a aix-en-provence,Perpignan,Aix-en-Provence,9
2159,INVALID,Abneas et une belle ville,Aubenas,La Rochelle,18
1939,INVALID,restarant à chinon,Chinon,Vesoul,25
3792,INVALID,La distance entre Verdun et Auray,Verdun,Auray,20
2352,INVALID,La distance entre Beauvais et Évry,Beauvais,Évry,20
694,VALID,Un billet Lens Briançon s'il vous plaît,Lens,Briançon,2
2614,INVALID,Restaurant à Pau,Pau,Provins,25
3188,INVALID,Annemasse ou Toulon pour les vacances ?,Annemasse,Toulon,23
805,VALID,Un billet Vesoul Loches s'il vous plaît,Vesoul,Loches,2
3760,VALID,Trajet de Antibes vers Perpignan,Antibes,Perpignan,11
3621,VALID,je souhaite voyager de saint-dizier vers port-boulet,Saint-Dizier,Port-Boulet,5
2167,INVALID,Niort est une belle ville,Niort,Saint-Denis,18
1730,VALID,Comment me rendre à Agen depuis Arles ?,Arles,Agen,3
266,VALID,je voudrais partir de nice pour aller à fougères,Nice,Fougères,9
2421,INVALID,J'habite à Le Mans,Le Mans,Pontivy,17
916,VALID,Je pars de Port-Boulet direction Montauban,Port-Boulet,Montauban,12
1584,VALID,Florence Saint-Malo pour demain,Florence,Saint-Malo,6
2227,INVALID,Toulouse est une belle ville,Toulouse,Bayonne,18
3478,VALID,je souhaite voyager de berck vers besancon,Berck,Besançon,5
2837,INVALID,Le maire de Mulhouse,Mulhouse,Lourdes,24
2907,INVALID,Le maire de Albert,Albert,Limoges,24
2303,INVALID,Restaurant à Lons-le-Saunier,Lons-le-Saunier,Lens,25
810,VALID,Quels sont les horaires de train Montauban Montreuil ?,Montauban,Montreuil,8
3256,INVALID,Mon ami vit à Reims et moi à Le Havre,Reims,Le Havre,19
124,VALID,je veux aller de montivilliers à concarneau,Montivilliers,Concarneau,1
751,VALID,Prochain train pour Melun depuis Châteauroux,Châteauroux,Melun,13
339,VALID,Un billet Biarritz Pau s'il vous plaît,Biarritz,Pau,2
615,VALID,Prochain train pour Troyes depuis Chartres,Chartres,Troyes,13
3774,INVALID,La distance entre Aix-les-Bains et Tarbes,Aix-les-Bains,Tarbes,20
970,VALID,Je veux aller de Épernay à Les Sables-d'Olonne,Épernay,Les Sables-d'Olonne,1
3516,VALID,quels sont les horaires de train mulhouse dunkerque ?,Mulhouse,Dunkerque,8
2046,INVALID,le maire de courbevoie,Courbevoie,Fontenay-le-Comte,24
3725,VALID,Comment me rendre a Saint-Omer depuis Beziers ?,Béziers,Saint-Omer,3
3043,INVALID,Ancenis est une belle ville,Ancenis,Pontoise,18
2048,INVALID,la distance entre cherbourg et limoges,Cherbourg,Limoges,20
2746,INVALID,Quel temps fait-il à Vichy ?,Vichy,Berck,16
2968,INVALID,Le maire de Bourges,Bourges,Arras,24
140,VALID,y a-t-il des trains vers saint-dizier au départ de provins ?,Provins,Saint-Dizier,4
42,VALID,un aller simple paris dijon,Paris,Dijon,10
3491,INVALID,saint-nazaire est une belle ville,Saint-Nazaire,Cherbourg,18
2885,INVALID,J'habite à Arras,Arras,Rodez,17
3389,INVALID,Quel temps fait-il à Aix-les-Bains ?,Aix-les-Bains,Vesoul,16
141,VALID,je cherche un train boulogne-sur-mer nancy,Boulogne-sur-Mer,Nancy,14
2748,INVALID,Mon ami vit à Rodez et moi à Toulouse,Rodez,Toulouse,19
1571,VALID,Comment me rendre à Clisson depuis Béziers ?,Béziers,Clisson,3
3625,INVALID,restaurant a nantes,Nantes,Segré,25
3268,INVALID,Le Puy-en-Velay ou Fougères pour les vacances ?,Le Puy-en-Velay,Fougères,23
1836,VALID, Trajet dee Agen vers Calais,Agen,Calais,11
1071,VALID,Comment me rendre à Saint-Étienne depuis Montauban ?,Montauban,Saint-Étienne,3
1008,VALID,Un aller simple Belfort Roubaix,Belfort,Roubaix,10
325,VALID,Comment me rendr eà Épinal depuis Allbi ?,Albi,Épinal,3
1894,INVALID,mon ami vit à provins et moi à elbeuf,Provins,Elbeuf,19
2965,INVALID,Quel temps fait-il à Villeurbanne ?,Villeurbanne,Biarritz,16
973,VALID,Je veux aller de Auch à Avignon,Auch,Avignon,1
1990,INVALID,le maire de marseille,Marseille,Rodez,24
3055,INVALID,Mon ami vit à Nîmes et moi à Oyonnax,Nîmes,Oyonnax,19
2457,INVALID,Avignon est une belle ville,Avignon,Cergy,18
3541,INVALID,la distance entre chateauroux et montpellier,Châteauroux,Montpellier,20
816,VALID,Un billet Sens Cannes s'il vous plaît,Sens,Cannes,2
3482,VALID,un aller simple lens cholet,Lens,Cholet,10
374,VALID,Quels sont les horaires de train Laon Chambéry ?,Laon,Chambéry,8
803,VALID,Comment me rendre à Argenteuil depuis Courbevoie ?,Courbevoie,Argenteuil,3
3565,INVALID,le maire de dijon,Dijon,Granville,24
2919,INVALID,Fougères ou Toulon pour les vacances ?,Fougères,Toulon,23
376,VALID, Y a-t-il des trains vers Bar-le-Duc au départ de Lnes ?,Lens,Bar-le-Duc,4
3100,INVALID,Quelle est la population de Arras ?,Arras,Grenoble,22
1773,VALID,Trajet de Périgueux vers Aix-en-Provence,Périgueux,Aix-en-Provence,11
2239,INVALID,Romans-sur-Isère est une belle ville,Romans-sur-Isère,Thonon-les-Bains,18
909,VALID,Trajet de Romans-sur-Isère vers Nantes,Romans-sur-Isère,Nantes,11
3857,INVALID,Mon ami vit a Versailles et moi a Dinan,Versailles,Dinan,19
452,VALID,Orange Nîmes pour demain,Orange,Nîmes,6
2137,INVALID,Bonjour,Laon,Béthune,21
603,VALID,Je voudrais partir de Limoges pour aller à Bar-le-Duc,Limoges,Bar-le-Duc,9
3392,VALID,je cherche un train cambrai tourcoing,Cambrai,Tourcoing,14
2694,INVALID,Quel temps fait-il à Vitry-le-François ?,Vitry-le-François,Montpellier,16
204,VALID,je voudrais partir de romans-sur-isère pour aller à toulouse,Romans-sur-Isère,Toulouse,9
2506,INVALID,Quel temps fait-il à Nancy ?,Nancy,Lourdes,16
843,VALID,Je pars de Montpellier direction Chartres,Montpellier,Chartres,12
3536,VALID,je cherche un train montelimar marseille,Montélimar,Marseille,14
870,VALID,Je cherche un train Dijon Cannes,Dijon,Cannes,14
1556,VALID,Prochain train pour Bayonne depuis Poitiers,Poitiers,Bayonne,13
3489,INVALID,mon ami vit a bourgoin-jallieu et moi a louviers,Bourgoin-Jallieu,Louviers,19
3704,VALID,Je cherche un train Bourg-en-Bresse Bar-le-Duc,Bourg-en-Bresse,Bar-le-Duc,14
2997,INVALID,Bonjour,Le Mans,Valence,21
727,VALID,Un aller simple Chaumont Challans,Chaumont,Challans,10
122,VALID,je pars de étampes direction troyes,Étampes,Troyes,12
3286,INVALID,Quel temps fait-il à Dunkerque ?,Dunkerque,Berck,16
2512,INVALID,Quelle est la population de Valenciennes ?,Valenciennes,Cergy,22
3053,INVALID,Le maire de Cambrai,Cambrai,Fougères,24
2199,INVALID,Quelle est la population de Épinal ?,Épinal,Auch,22
2332,INVALID,Le maire de Romans-sur-Isère,Romans-sur-Isère,Montélimar,24
1495,VALID,Je cherche un train Saint-Omer Nice,Saint-Omer,Nice,14
1123,VALID,Trajet de Maubeuge vers Fontainebleau,Maubeuge,Fontainebleau,11
1384,VALID,Un billet Maubeuge Perpignan s'il vous plaît,Maubeuge,Perpignan,2
2905,INVALID,La distance entre Bourg-en-Bresse et Montargis,Bourg-en-Bresse,Montargis,20
2437,INVALID,Bonjour,Soissons,Orange,21
43,VALID,florence le puy-en-velay pour demain,Florence,Le Puy-en-Velay,6
5,VALID, prochain trrain pour loches depuis dinna,Dinan,Loches,13
3671,VALID,Un billet Paris Romans-sur-Isere s'il vous plait,Paris,Romans-sur-Isère,2
1825,VALID,Montpellier Calais pour demain,Montpellier,Calais,6
3672,INVALID,Montelimar ou Villeurbanne pour les vacances ?,Montélimar,Villeurbanne,23
637,VALID,Je pars de Boulogne-sur-Mer direction Agen,Boulogne-sur-Mer,Agen,12
1973,INVALID,elbeuf est une belle ville,Elbeuf,Tours,18
3486,INVALID,bonjour,Langres,Courbevoie,21
2497,INVALID,Quelle est la population de Chartres ?,Chartres,Auch,22
2712,INVALID,Troyes est une belle ville,Troyes,Orléans,18
338,VALID,Comment me rendre à Cannes depuis Abbeville ?,Abbeville,Cannes,3
2261,INVALID,Quel temps fait-il à Pau ?,Pau,Meaux,16
2533,INVALID,La distance entre Perpignan et Meaux,Perpignan,Meaux,20
849,VALID,Prochain train pour Cherbourg depuis Cambrai,Cambrai,Cherbourg,13
2510,INVALID,J'habite à Lens,Lens,Vierzon,17
2335,INVALID,Quel temps fait-il à Metz ?,Metz,Dinan,16
367,VALID,Départ Montivilliers arrivée Berck,Montivilliers,Berck,15
2504,INVALID,Mon ami vit à Pau et moi à Montbéliard,Pau,Montbéliard,19
2168,INVALID,Mon ami vit à Cinon et moi à Avignnon,Chinon,Avignon,19
2951,INVALID,Bonjour,Bordeaux,Auray,21
126,VALID,saumur manosque pour demain,Saumur,Manosque,6
2141,INVALID,Bonjour,Bourg-en-Bresse,Roubaix,21
430,VALID,Mende Quimper pour demain,Mende,Quimper,6
2711,INVALID,Restaurant à Hazebrouck,Hazebrouck,Besançon,25
3696,INVALID,Saint-Malo ou Oyonnax pour les vacances ?,Saint-Malo,Oyonnax,23
1704,VALID,Comment me rendre à Épinal depuis Valence ?,Valence,Épinal,3
997,VALID,Je dois me rendre de Barr-le-Du cà Marseile,Bar-le-Duc,Marseille,7
2124,INVALID,Dunkerque est une belle ville,Dunkerque,Fécamp,18
706,VALID,Arras Fontenay-le-Comte pour demain,Arras,Fontenay-le-Comte,6
388,VALID,Je souhaite voyager de Arras vers Dole,Arras,Dole,5
3797,VALID,Prochain train pour Saint-Omer depuis Bourg-en-Bresse,Bourg-en-Bresse,Saint-Omer,13
2088,INVALID,mon ami vit à abbeville et moi à bourgoin-jallieu,Abbeville,Bourgoin-Jallieu,19
2440,INVALID,Le maire de Poitiers,Poitiers,Châlons-en-Champagne,24
3047,INVALID,Saint-Quentin ou Rouen pour les vacances ?,Saint-Quentin,Rouen,23
2266,INVALID,Restaurant à Aubenas,Aubenas,Lille,25
1242,VALID,Trajet de Auray vers Vichy,Auray,Vichy,11
3642,VALID,un aller simple vendome dunkerque,Vendôme,Dunkerque,10
2427,INVALID,Bonjour,Montivilliers,Valenciennes,21
2406,INVALID,Quelle est la population de Versailles ?,Versailles,Langres,22
1458,VALID,Quels sont les horaires de train Dijon Langres ?,Dijon,Langres,8
733,VALID,Je pars de Châteaubriant direction Poitiers,Châteaubriant,Poitiers,12
518,VALID,Quels sont les horaires de train Bourges Montauban ?,Bourges,Montauban,8
3540,VALID,comment me rendre a le puy-en-velay depuis laon ?,Laon,Le Puy-en-Velay,3
3526,VALID,je dois me rendre de fougeres a courbevoie,Fougères,Courbevoie,7
577,VALID,Je veux aller de Bordeaux à Chinon,Bordeaux,Chinon,1
3708,VALID,Langres Bayonne pour demain,Langres,Bayonne,6
1726,VALID,Y a-t-il des trains vers Épinal au départ de Vernon ?,Vernon,Épinal,4
3130,INVALID,La distance entre Clisson et Oyonnax,Clisson,Oyonnax,20
3138,INVALID,Bayonnen ou Auray pour les vacances ?,Bayonne,Auray,23
446,VALID,Comment me rendre à Dole depuis Cergy ?,Cergy,Dole,3
1036,VALID,Un aller simple Paris Chartres,Paris,Chartres,10
1764,VALID,Départ Amiens arrivée Mâcon,Amiens,Mâcon,15
2830,INVALID,La distance entre Provins et Orléans,Provins,Orléans,20
1737,VALID,Prochain train pour Aurillac depuis Montreuil,Montreuil,Aurillac,13
194,VALID,je voudrais partir de marseille pour aller à nevers,Marseille,Nevers,9
3585,VALID,je veuxa ller de dunkerque a le mans,Dunkerque,Le Mans,1
1301,VALID,Un billet Le Havre Gap s'il vous plaît,Le Havre,Gap,2
2361,INVALID,Le maire de Thonon-les-Bains,Thonon-les-Bains,Dunkerque,24
2768,INVALID,J'habite à Louviers,Louviers,Chartres,17
1678,VALID,Départ Annemasse arrivée Lyon,Annemasse,Lyon,15
778,VALID,Je cherche un train Saint-Omer Clermont-Ferrand,Saint-Omer,Clermont-Ferrand,14
524,VALID,Un billet Dole Hazebrouck s'il vous plaît,Dole,Hazebrouck,2
494,VALID,Prochain train pour Limoges depuis Soissons,Soissons,Limoges,13
2413,INVALID,Chaumont est ue bblle villle,Chaumont,Colmar,18
3759,VALID,Je pars de Nancy direction Metz,Nancy,Metz,12
2250,INVALID,Douai est une belle ville,Douai,Angoulême,18
2859,INVALID,Restaurant à Clisson,Clisson,Roubaix,25
3355,INVALID,Mon ami vit à Elbeuf et moi à Montbéliard,Elbeuf,Montbéliard,19
1432,VALID,Prochain train pour Bordeaux depuis Bayonne,Bayonne,Bordeaux,13
488,VALID,Départ Hazebrouck arrivée Nancy,Hazebrouck,Nancy,15
1488,VALID,Un aller simple Troyes Annemasse,Troyes,Annemasse,10
724,VALID,Trajet de Nancy vers Niort,Nancy,Niort,11
2760,INVALID,Restaurant à Manosque,Manosque,Challans,25
2252,INVALID,Béthune est une belle ville,Béthune,Roubaix,18
2148,INVALID,Le maire de Granville,Granville,Vichy,24
1497,VALID,Départ Belfort arrivée Montauban,Belfort,Montauban,15
2475,INVALID,Quel temps fait-il à Brest ?,Brest,Meaux,16
3900,INVALID,J'habite a Biarritz,Biarritz,Romans-sur-Isère,17
113,VALID,y a-t-il des trains vers boulogne-sur-mer au départ de châteauroux ?,Châteauroux,Boulogne-sur-Mer,4
1298,VALID,Je souhaite voyager de Annecy vers Granville,Annecy,Granville,5
3387,INVALID,Le maire de Montargis,Montargis,Colmar,24
3555,VALID,trajet de orange vers lille,Orange,Lille,11
2480,INVALID,Le maire de Lorient,Lorient,Orange,24
2561,INVALID,Quel temps fait-il à Chinon ?,Chinon,Douai,16
2454,INVALID,Quel temps fait-il à Florence ?,Florence,Montbéliard,16
3174,INVALID,Le maire de Avignon,Avignon,Saumur,24
2444,INVALID,Restaurant à Poitiers,Poitiers,Le Puy-en-Velay,25
3035,INVALID,Bonjour,Tourcoing,Auray,21
1884,VALID,Un billet Hazebrouck Lons-le-Saunier s'il vous plaît,Hazebrouck,Lons-le-Saunier,2
3300,INVALID,Dinan est une belle ville,Dinan,Ancenis,18
2992,INVALID,Bonjour,Chinon,Nanterre,21
1431,VALID,Je voudrais partir de ours pour laer à Bastia,Tours,Bastia,9
3707,VALID,Je veux aller de Nancy a Vannes,Nancy,Vannes,1
499,VALID,Ajaccio Perpignan pour demain,Ajaccio,Perpignan,6
2436,INVALID,Quelle est la population de Biarrtz ?,Biarritz,Colmar,22
1424,VALID,Je cherche un train Digne-les-Bains Tarbes,Digne-les-Bains,Tarbes,14
1713,VALID,Prochain train pour Melun depuis Arras,Arras,Melun,13
3574,INVALID,bonjour,Ancenis,Valence,21
802,VALID,Je pars de Créteil direction Orléans,Créteil,Orléans,12
864,VALID,Comment me rendre à Meaux depuis Pontarlier ?,Pontarlier,Meaux,3
3142,INVALID,Le maire de Albertville,Albertville,Langres,24
1200,VALID,Je souhaite voyager de Angoulême vers Toulon,Angoulême,Toulon,5
3065,INVALID,Restaurant à Étampes,Étampes,Langres,25
2702,INVALID,Bonjour,Brest,Saint-Malo,21
2433,INVALID,Le maire de Saint-Étienne,Saint-Étienne,Toul,24
1840,VALID,Je pars de Cambrai direction Carcassonne,Cambrai,Carcassonne,12
654,VALID,Prochain train pour Châteauroux depuis Beauvais,Beauvais,Châteauroux,13
1195,VALID,Je cherche un train Vernon Brest,Vernon,Brest,14
2393,INVALID,J'habbite à Arars,Arras,Fécamp,17
714,VALID,Je cherche un train Beauvais Vannes,Beauvais,Vannes,14
1589,VALID,Je cherche un train Valenciennes Toul,Valenciennes,Toul,14
2985,INVALID,Bonjour,Angoulême,Vannes,21
1635,VALID,Je souhaite voyager de Verdun vers Digne-les-Bains,Verdun,Digne-les-Bains,5
3257,INVALID,Provins ou Épinal pour les vacances ?,Provins,Épinal,23
13,VALID,je voudrais partir de montpellier pour aller à montbéliard,Montpellier,Montbéliard,9
2928,INVALID,La distance entre Aix-en-Provence et Fécamp,Aix-en-Provence,Fécamp,20
2881,INVALID,Bonjour,Carcassonne,Hazebrouck,21
2435,INVALID,Restaurant à Chinon,Chinon,Segré,25
3619,VALID,je dois me rendre de vitre a chinon,Vitré,Chinon,7
2322,INVALID,Quelle est la population de Pontoise ?,Pontoise,Saint-Omer,22
2721,INVALID,Le maire de Courbevoie,Courbevoie,Vitry-le-François,24
3603,VALID,je souhaite voyager de cambrai vers brest,Cambrai,Brest,5
3376,INVALID,Le maire de Vernon,Vernon,Paris,24
2709,INVALID,J'habite à Versailles,Versailles,Saint-Étienne,17
1053,VALID,Je souhaite voyager de Lyon vers Clisson,Lyon,Clisson,5
2710,INVALID,uel temps fait-il  Dieppe ?,Dieppe,Vierzon,16
1582,VALID,Un aller simple Laval Langres,Laval,Langres,10
523,VALID,Comment me rendre à Évreux depuis Ajaccio ?,Ajaccio,Évreux,3
2703,INVALID,Chalon-sur-Sône ou Nîmes pour lse vacancess ?,Chalon-sur-Saône,Nîmes,23
1276,VALID,Je dois me rendre de Châlons-en-Champagne à Valence,Châlons-en-Champagne,Valence,7
3850,INVALID,Restaurant a Manosque,Manosque,Saint-Denis,25
1697,VALID,Départ Lunéville arrivée Étampes,Lunéville,Étampes,15
2014,INVALID,montélimar est une belle ville,Montélimar,Aubenas,18
3874,VALID,Trajet de Macon vers Pontivy,Mâcon,Pontivy,11
2074,INVALID,la distance entre saint-étienne et nantes,Saint-Étienne,Nantes,20
352,VALID,Épinal Albert pour demain,Épinal,Albert,6
3327,INVALID,J'habite à Bordeaux,Bordeaux,Le Havre,17
876,VALID,Je veux aller de Alençon à Morlaix,Alençon,Morlaix,1
2598,INVALID,J'habite à Lorient,Lorient,Argenteuil,17
3713,VALID,Je veux aller de Fontainebleau a Fontenay-le-Comte,Fontainebleau,Fontenay-le-Comte,1
2070,INVALID,restaurant à épinal,Épinal,Avignon,25
2300,INVALID,Le mmair dee Saint-Dizier,Saint-Dizier,Bastia,24
1249,VALID,Départ Lisieux arrivée Clisson,Lisieux,Clisson,15
2952,INVALID,Mon ami vit à Auxerre et moi à Rodez,Auxerre,Rodez,19
235,VALID,quels sont les horaires de train vernon cambrai ?,Vernon,Cambrai,8
2535,INVALID,Restaurant à Roubaix,Roubaix,Béthune,25
3594,VALID,prochain train pour soisons depui fontenay-le-comte,Fontenay-le-Comte,Soissons,13
1023,VALID,Quels sont les horaires de train Lannion Mulhouse ?,Lannion,Mulhouse,8
161,VALID,je cherche un train paris chalon-sur-saône,Paris,Chalon-sur-Saône,14
3326,INVALID,Quelle est la population de Berck ?,Berck,Évreux,22
1376,VALID,Je pars de Melun direction Avranches,Melun,Avranches,12
3200,INVALID,Le maire de Nîmes,Nîmes,Valence,24
616,VALID,Je veux aller de Bourges à Cambrai,Bourges,Cambrai,1
2036,INVALID,bonjour,Saint-Brieuc,Meaux,21
3653,VALID,Porhcain trainn pour Epernay depus Besancon,Besançon,Épernay,13
1102,VALID,Je pars de Toulouse direction Concarneau,Toulouse,Concarneau,12
1786,VALID,Départ Angoulême arrivée Rouen,Angoulême,Rouen,15
2114,INVALID,Restauran à Mende,Mende,Auxerre,25
1146,VALID,Je souhaite voyager de Cherbourg vers Bar-le-Duc,Cherbourg,Bar-le-Duc,5
287,VALID,Quels sont les horaires de train Bourg-en-Bresse Besançon ?,Bourg-en-Bresse,Besançon,8
3131,INVALID,J'habite à Provins,Provins,Dole,17
1674,VALID,Prochain train pour Thonon-les-Bains depuis Le Mans,Le Mans,Thonon-les-Bains,13
964,VALID,Un billet Poitiers Annecy s'il vous plaît,Poitiers,Annecy,2
2731,INVALID,J'habite à Chinon,Chinon,Brest,17
1860,VALID,Trajet de Laon vers Bordeaux,Laon,Bordeaux,11
2581,INVALID,Montargis ou Segré pour les vacances ?,Montargis,Segré,23
1555,VALID,Y a-t-il des trains vers Marseille au départ de Cergy ?,Cergy,Marseille,4
3128,INVALID,Gap ou Quimper pour les vacances ?,Gap,Quimper,23
1762,VALID,Y a-t-il des trains vers Sens au départ de Orléans ?,Orléans,Sens,4
853,VALID,Un billet Loches Amboise s'il vous plaît,Loches,Amboise,2
408,VALID,Je souhaite voyager de Tourcoing vers Lons-le-Saunier,Tourcoing,Lons-le-Saunier,5
417,VALID,Je cherche un train La Rochelle Saint-Omer,La Rochelle,Saint-Omer,14
3806,VALID,Un aller simple Briancon Lille,Briançon,Lille,10
633,VALID,Un billet Aix-les-Bains Montélimar s'il vous plaît,Aix-les-Bains,Montélimar,2
1557,VALID,Prochain train pour Bourges depuis Paris,Paris,Bourges,13
3258,INVALID,Quelle est la population de Valence ?,Valence,Nevers,22
3394,INVALID,agen ou dijon pour les vacances ?,Agen,Dijon,23
91,VALID,je souhaite voyager de carcassonne vers cambrai,Carcassonne,Cambrai,5
316,VALID,Je voudrais partir de Avignon pour aller à Évry,Avignon,Évry,9
1143,VALID,Amiens Cherbourg pour demain,Amiens,Cherbourg,6
111,VALID,je cherche un train modane lunéville,Modane,Lunéville,14
2233,INVALID,Albertville est une belle ville,Albertville,Sens,18
1681,VALID,Prochain train pour Amboise depuis Boulogne-sur-Mer,Boulogne-sur-Mer,Amboise,13
3639,VALID,je cherche un train avranches rodez,Avranches,Rodez,14
3325,INVALID,Le maire de Toulon,Toulon,Clisson,24
2584,INVALID,Le maire de Abbeville,Abbeville,Lorient,24
2648,INVALID,Bonjour,Saint-Nazaire,Douai,21
361,VALID,Y a-t-il des trains vers Chaumont au départ de Florence ?,Florence,Chaumont,4
594,VALID,Un aller simple Cambrai Romans-sur-Isère,Cambrai,Romans-sur-Isère,10
238,VALID,gap saint-omer pour demain,Gap,Saint-Omer,6
1943,INVALID,la distance entre arles et dunkerque,Arles,Dunkerque,20
578,VALID,Je veux aller de Gap à Fécamp,Gap,Fécamp,1
1799,VALID,Comment me rendre à Fougères depuis Rouen ?,Rouen,Fougères,3
3757,VALID,Je veux aller de Nimes a Saint-Nazaire,Nîmes,Saint-Nazaire,1
3042,INVALID,Beauvais est une belle ville,Beauvais,Bordeaux,18
1798,VALID,Je voudrais partir de Auray pour aller à Agen,Auray,Agen,9
1252,VALID,Quels sont les horaires de train Morlaix Chalon-sur-Saône ?,Morlaix,Chalon-sur-Saône,8
1817,VALID,Je souhaite voyager de Perpignan vers Orléans,Perpignan,Orléans,5
935,VALID,Je dois em rendre de  AAnnemase à Provvins,Annemasse,Provins,7
1449,VALID,Trajet de Melun vrs Aurilalc,Melun,Aurillac,11
2970,INVALID,Bonjour,Avignon,Antibes,21
847,VALID,Je souhaite voyager de Dinan vers Rouen,Dinan,Rouen,5
3180,INVALID,Quelle est la population de Vienne ?,Vienne,Amiens,22
2546,INVALID,Bonjour,Paris,Troyes,21
669,VALID,Quels sont les horaires de trainAmmboise Maubeuge ?,Amboise,Maubeuge,8
3136,INVALID,Mon ami vit à Belfort ett moi à Caen,Belfort,Caen,19
475,VALID,Je cherche un train Avignon Digne-les-Bains,Avignon,Digne-les-Bains,14
1758,VALID,Un billet Abbeville Clermont-Ferrand s'il vous plaît,Abbeville,Clermont-Ferrand,2
2412,INVALID,Quelle est la population de Mâcon ?,Mâcon,Elbeuf,22
2812,INVALID,Mon ami vit à Tours et moi à Courbevoie,Tours,Courbevoie,19
1277,VALID,Je pars de  Clisson direction Valenciennes,Clisson,Valenciennes,12
3217,INVALID,Quelle est la population de Brest ?,Brest,Albertville,22
3802,VALID,Depart Lisieuxa rrivvee Etampes,Lisieux,Étampes,15
1413,VALID,Quels sont les horaires de train Compiègne Béziers ?,Compiègne,Béziers,8
1015,VALID,Comment me rendre à Mâcon depuis Orange ?,Orange,Mâcon,3
1303,VALID,Je cherche un train Aurillac Lons-le-Saunier,Aurillac,Lons-le-Saunier,14
2732,INVALID,Quelle est la population de Strasbourg ?,Strasbourg,Dole,22
3431,INVALID,j'habite a alencon,Alençon,Vendôme,17
3537,VALID,trajet de perigueux vers les sables-d'olonne,Périgueux,Les Sables-d'Olonne,11
3411,VALID,quels sont les horaires de train bayonne tourcoing ?,Bayonne,Tourcoing,8
914,VALID,Départ Lens arrivée Arles,Lens,Arles,15
153,VALID,un aller simple châteaubriant boulogne-billancourt,Châteaubriant,Boulogne-Billancourt,10
1902,INVALID,la distance entre granville et maubeuge,Granville,Maubeuge,20
118,VALID,je cherche un train chartres besançon,Chartres,Besançon,14
2190,INVALID,Quel temps fait-il à Chaumont ?,Chaumont,Le Puy-en-Velay,16
1478,VALID,Départ Versailles arrivée Fontenay-le-Comte,Versailles,Fontenay-le-Comte,15
1235,VALID,Meaux Albertville pour demain,Meaux,Albertville,6
2033,INVALID,la distance entre rennes et bastia,Rennes,Bastia,20
551,VALID,Y a-t-il des trains vers Lons-le-Saunier au départ de Vesoul ?,Vesoul,Lons-le-Saunier,4
3112,INVALID,Bonjour,Concarneau,Alençon,21
797,VALID,Je pars de Nantes direction Épernay,Nantes,Épernay,12
389,VALID,Je souhaite voyager de Romans-sur-Isère vers Avranches,Romans-sur-Isère,Avranches,5
1636,VALID,Comment me rendre à Montbéliard depuis Vitry-le-François ?,Vitry-le-François,Montbéliard,3
3264,INVALID,La distance entre Fécamp et Béziers,Fécamp,Béziers,20
3597,VALID,je pars de annecy direction le puy-en-velay,Annecy,Le Puy-en-Velay,12
1438,VALID,Comment me rendre à Verdun depuis Challans ?,Challans,Verdun,3
1738,VALID,Je dois me rendre de Bourgoin-Jallieu à Pontoise,Bourgoin-Jallieu,Pontoise,7
1314,VALID,Je cherche un train Tours Quimper,Tours,Quimper,14
3298,INVALID,Mon ami vit à Niort et moi à Blois,Niort,Blois,19
179,VALID,y a-t-il des trains vers bourges au départ de segré ?,Segré,Bourges,4
2683,INVALID,Mon ami vit à Nantes et moi à Lons-le-Saunier,Nantes,Lons-le-Saunier,19
3473,VALID,nevers vannes pour demain,Nevers,Vannes,6
2031,INVALID,le maire de port-boulet,Port-Boulet,Bastia,24
934,VALID,Départ Colmar arrivée Saint-Malo,Colmar,Saint-Malo,15
3895,VALID,Je veux aller de Concarneau a Angers,Concarneau,Angers,1
2373,INVALID,Restaurant à Douai,Douai,Sens,25
2552,INVALID,Lille es une belle ville,Lille,Fontenay-le-Comte,18
1942,INVALID,montauban est une belle ville,Montauban,Lourdes,18
1809,VALID,Y a-t-il des train svers Angers au départ de Poitieers ?,Poitiers,Angers,4
2901,INVALID,Quel temps fait-il à Bolbec ?,Bolbec,Lunéville,16
3149,INVALID,La distance entre Périgueux et Argenteuil,Périgueux,Argenteuil,20
1004,VALID,Comment me rendre à Angoulême depuis Pontivy ?,Pontivy,Angoulême,3
1403,VALID,Je veux aller de Thonon-les-Bains à Briançon,Thonon-les-Bains,Briançon,1
3510,VALID,un billet clisson rouen s'il vous plait,Clisson,Rouen,2
1938,INVALID,la distance entre aix-en-provence et courbevoie,Aix-en-Provence,Courbevoie,20
248,VALID,un aller simple saumur tarbes,Saumur,Tarbes,10
1425,VALID,Un billet Nancy Lunéville s'il vous plaît,Nancy,Lunéville,2
1914,INVALID,quel temps fait-il à briançon ?,Briançon,Yvetot,16
226,VALID,je dois me rendre de vitré à biarritz,Vitré,Biarritz,7
2191,INVALID,La distance entre Nanterre et Romans-sur-Isère,Nanterre,Romans-sur-Isère,20
92,VALID,départ lons-le-saunier arrivée vesoul,Lons-le-Saunier,Vesoul,15
2329,INVALID,La distance entre Vendôme et Les Sables-d'Olonne,Vendôme,Les Sables-d'Olonne,20
3236,INVALID,Le maire de Berck,Berck,Bourgoin-Jallieu,24
2737,INVALID,J'habite à Auxerre,Auxerre,Lourdes,17
2213,INVALID,Le maire de Pau,Pau,Bar-le-Duc,24
1455,VALID,Je souhaite voyager de Port-Boulet vers Gap,Port-Boulet,Gap,5
1552,VALID,Quels sont les horaires de train Lens Challans ?,Lens,Challans,8
3114,INVALID,Quel temps fait-il à Orléans ?,Orléans,Roubaix,16
3426,VALID,je dois me rendre de dijon a annemasse,Dijon,Annemasse,7
1147,VALID,Départ Paris arivée Chabméry,Paris,Chambéry,15
67,VALID,je souhaite voyager de digne-les-bains vers limoges,Digne-les-Bains,Limoges,5
1759,VALID,Quels sont les horaires de train Ajaccio Vannes ?,Ajaccio,Vannes,8
2482,INVALID,Le maire de Albertville,Albertville,Vitry-le-François,24
2578,INVALID,Albi ou Perpignan pour les vacances ?,Albi,Perpignan,23
3544,INVALID,j'habite a boulogne-sur-mer,Boulogne-sur-Mer,Les Sables-d'Olonne,17
3546,VALID,je cherche un train montargis vichy,Montargis,Vichy,14
1453,VALID,Un aller simple Ancenis Lens,Ancenis,Lens,10
1269,VALID,Départ Aix-les-Bains arrivée Avranches,Aix-les-Bains,Avranches,15
3663,VALID,Depart Modane arriveee Rouen,Modane,Rouen,15
414,VALID,Départ  Vendôme arrivée Annecy,Vendôme,Annecy,15
370,VALID,Départ Bourgoin-Jallieu arrivée Colmar,Bourgoin-Jallieu,Colmar,15
698,VALID,Départ Lyon arrivée Angoulême,Lyon,Angoulême,15
2308,INVALID,Montreuil ou Lorient pour les vacances ?,Montreuil,Lorient,23
2375,INVALID,Mon ami vit à Auray et moi à Épernay,Auray,Épernay,19
3561,INVALID,rennes ou briancon pour les vacances ?,Rennes,Briançon,23
991,VALID,Je dois me rendre de Montbéliard à Chinon,Montbéliard,Chinon,7
3037,INVALID,Briançon est une belle ville,Briançon,Sens,18
362,VALID,Je dois me rendre de Albertville à Clisson,Albertville,Clisson,7
3090,INVALID,Quelle est la population de Châlons-en-Champagne ?,Châlons-en-Champagne,Lille,22
1834,VALID,Je cherche un train Auray Argenteuil,Auray,Argenteuil,14
3744,INVALID,Mon ami vit a Luneville et moi a Marseille,Lunéville,Marseille,19
3711,VALID,Quels sont les horairse detrain Bastia Venndome ?,Bastia,Vendôme,8
3223,INVALID,Quelle est la population de Boulogne-sur-Mer ?,Boulogne-sur-Mer,Rennes,22
1230,VALID,Je pars de Évreux direction Lunéville,Évreux,Lunéville,12
3667,INVALID,La distance entre Vesoul et Morlaix,Vesoul,Morlaix,20
2446,INVALID,Quelle est la populaiton de Saint-BBrieuc ?,Saint-Brieuc,Boulogne-Billancourt,22
1740,VALID,Un aller simple Les Sables-d'Olonne Châteaubriant,Les Sables-d'Olonne,Châteaubriant,10
3289,INVALID,Antibes ou Port-Boulet pour les vacances ?,Antibes,Port-Boulet,23
520,VALID,Je souhaitee voyagrde Albert versCe rgy,Albert,Cergy,5
363,VALID,Je cherche un train Bar-le-Duc Vichy,Bar-le-Duc,Vichy,14
3415,VALID,comment me rendre a tourcoing depuis nice ?,Nice,Tourcoing,3
1044,VALID,Je voudrais partir de Saint-Quentin pour aller à Abbeville,Saint-Quentin,Abbeville,9
1772,VALID,Un billet Chartres Ancenis s'il vous plaît,Chartres,Ancenis,2
1705,VALID,Comment me rendre à Avignon depuis Aix-les-Bains ?,Aix-les-Bains,Avignon,3
1683,VALID,Je voudrais partir de Maubeuge pour aller à Amiens,Maubeuge,Amiens,9
2019,INVALID,j'habite à nanterre,Nanterre,Saint-Brieuc,17
384,VALID,Trajet de Verdun vers Tarbes,Verdun,Tarbes,11
1263,VALID,Je veux aller de Boulogne-Billancourt à Mulhouse,Boulogne-Billancourt,Mulhouse,1
2545,INVALID,Le maire de Dinan,Dinan,Évry,24
1364,VALID,Quels sont les horaires de train Arras Langres ?,Arras,Langres,8
110,VALID, n aller simple dole quimper,Dole,Quimper,10
2195,INVALID,Quelle est la population de Dunkerque ?,Dunkerque,Nancy,22
1956,INVALID,quel temps fait-il à bar-le-duc ?,Bar-le-Duc,Perpignan,16
929,VALID,Y a-t-il des trains vers Dunkerque au départ de Belfort ?,Belfort,Dunkerque,4
3307,INVALID,J'habite à Besançon,Besançon,Pontoise,17
1216,VALID,Un billet Aix-les-Banis Pontivy 'ilvous plaît,Aix-les-Bains,Pontivy,2
1409,VALID,Je cherche un train Brest Châteauroux,Brest,Châteauroux,14
1673,VALID,Un billet Oyonnax Ajaccio s'il vous plaît,Oyonnax,Ajaccio,2
249,VALID,prochain train pour toulon depuis villeurbanne,Villeurbanne,Toulon,13
1716,VALID,Trajet de Limoges vers Montargis,Limoges,Montargis,11
2695,INVALID,J'habite à Mulhuosse,Mulhouse,Évreux,17
1573,VALID,Un billet Versailles Calais s'il vous plaît,Versailles,Calais,2
263,VALID,un billet étampes châlons-en-champagne s'il vous laît,Étampes,Châlons-en-Champagne,2
2080,INVALID,la distance entre gavnille et romans-sur-isère,Granville,Romans-sur-Isère,20
687,VALID,Prochain train pour Laon depuis Versailles,Versailles,Laon,13
421,VALID,Un aller simple Fécamp Clisson,Fécamp,Clisson,10
1016,VALID,Un aller simple Vienne Orléans,Vienne,Orléans,10
2093,INVALID, bonjour,Alençon,Douai,21
2358,INVALID,Limoges ou Aix-en-Provence pour les vacances ?,Limoges,Aix-en-Provence,23
743,VALID,Y a-t-il des trains vers Vernon au départ de Montargis ?,Montargis,Vernon,4
1009,VALID,Hazebrouck Tourcoing pour demain,Hazebrouck,Tourcoing,6
2111,INVALID,bonjour,Strasbourg,Berck,21
298,VALID,Je souhaite voyager de Vernon vers Carcassonne,Vernon,Carcassonne,5
1160,VALID,Y a-t-il des trains vers Grenoble au départ de Montreuil ?,Montreuil,Grenoble,4
134,VALID,chambéry montpellier pour demain,Chambéry,Montpellier,6
710,VALID,Je dois me rendre de Saint-Étienne à Annemasse,Saint-Étienne,Annemasse,7
2092,INVALID,arles est une belle ville,Arles,Béziers,18
2211,INVALID,Limoges est un belle ville,Limoges,Challans,18
3846,VALID,Prochain train pour Saint-Etienne depuis Poitiers,Poitiers,Saint-Étienne,13
3041,INVALID,Bonjour,Toul,Gap,21
2596,INVALID,Quelle est la population de Fougères ?,Fougères,Fontenay-le-Comte,22
2681,INVALID,Le maire de Lannion,Lannion,Toul,24
2286,INVALID,Mon ami vit à Bastia et moi à Vendôme,Bastia,Vendôme,19
1,VALID,je ouhaite voayger de privas vers beauvais,Privas,Beauvais,5
167,VALID,quels sont les horaires de train nevers niort ?,Nevers,Niort,8
3545,INVALID,restaurant a angers,Angers,Brest,25
2262,INVALID,Orléans ou Carcassonne pour les vacances ?,Orléans,Carcassonne,23
808,VALID,Quels sont les horairse de train Clisson Saaint-Omer ?,Clisson,Saint-Omer,8
761,VALID,Comment me rendre à Arras depuis Rouen ?,Rouen,Arras,3
69,VALID,comment me rendre à gap depuis blois ?,Blois,Gap,3
1323,VALID,Un aller simple Metz Thonon-les-Bains,Metz,Thonon-les-Bains,10
2861,INVALID,Cherbourg est une belle ville,Cherbourg,Pau,18
2410,INVALID,Bonjour,Cergy,Beauvais,21
2334,INVALID,Restaurant à Langres,Langres,Romans-sur-Isère,25
2655,INVALID,Bonjour,Pau,Digne-les-Bains,21
1818,VALID,Trajet de Étampes vers Perpignan,Étampes,Perpignan,11
1150,VALID,Saint-Nazaire Avranches pour demain,Saint-Nazaire,Avranches,6
324,VALID,Je veux aller de Nice à Bourg-en-Bresse,Nice,Bourg-en-Bresse,1
163,VALID,je dois me rendre de chaumont à les sables-d'olonne,Chaumont,Les Sables-d'Olonne,7
3777,INVALID,Quel temps fait-il a Saint-Dizier ?,Saint-Dizier,Châteaubriant,16
1845,VALID,Je cherche un train Montivilliers Vitré,Montivilliers,Vitré,14
1477,VALID,Je souhaite voyager de Laval vers Angoulême,Laval,Angoulême,5
2514,INVALID,Le maire de Challans,Challans,Charleville-Mézières,24
242,VALID,je veux aller de antibes à douai,Antibes,Douai,1
2113,INVALID,Mon ami vit à Orange et moi à Saint-Nazaire,Orange,Saint-Nazaire,19
605,VALID,Je pars de Ajaccio direction Aix-les-Bains,Ajaccio,Aix-les-Bains,12
3581,VALID,un billet lisieux tourcoing s'il vous plait,Lisieux,Tourcoing,2
477,VALID,Je dois me rendre de Fontenay-le-Comte à Lunéville,Fontenay-le-Comte,Lunéville,7
685,VALID,Je pars de Briançon direction Le Mans,Briançon,Le Mans,12
568,VALID,Y a-t-il des trains vers Pontarlier au départ de Bourges ?,Bourges,Pontarlier,4
1213,VALID,Je souhaite voyager de Saumur vers Chalon-sur-Saône,Saumur,Chalon-sur-Saône,5
2696,INVALID,Quelle est la populaion de Montppellier ?,Montpellier,Saint-Quentin,22
919,VALID,Comment me rendre à Vitry-le-François depuis Orléans ?,Orléans,Vitry-le-François,3
1461,VALID,Trajet de Valence vers Bastia,Valence,Bastia,11
1526,VALID,Je voudrais partir de Nîmes pour aller à Amboise,Nîmes,Amboise,9
2789,INVALID,Quel temps fait-il à Fontainebleau ?,Fontainebleau,Carcassonne,16
2289,INVALID,Restaurant à Amboise,Amboise,Évry,25
1132,VALID,Floernec Albi po rddemain,Florence,Albi,6
1468,VALID,Trajet de Albertville vers Boulogne-sur-Mer,Albertville,Boulogne-sur-Mer,11
3752,INVALID,La Rochelle ou Blois pour les vacances ?,La Rochelle,Blois,23
2346,INVALID,Restaurant à Auxerre,Auxerre,Cherbourg,25
3225,INVALID,Le maire de Morlaix,Morlaix,Moulins,24
3617,VALID,nantes elbeuf pour demain,Nantes,Elbeuf,6
2797,INVALID,Le maire de Angoulême,Angoulême,Évry,24
329,VALID,Départ Perpignan arrivée Pontoise,Perpignan,Pontoise,15
2787,INVALID,Quel teempsf aitli à Albert ?,Albert,Lorient,16
3328,INVALID,Bonjour,Marseille,Valence,21
2673,INVALID,Évry est une bellle ville,Évry,Annemasse,18
1331,VALID,Je voudrais artir de rrgenteuil pour aller à Clisson,Argenteuil,Clisson,9
2939,INVALID,Louviers est une belle ville,Louviers,Laon,18
1929,INVALID,quel temps fait-il à orléans ?,Orléans,Saint-Denis,16
3185,INVALID,Le maire de Le Puy-en-Velay,Le Puy-en-Velay,Grenoble,24
3508,VALID,un aller simple blois saint-denis,Blois,Saint-Denis,10
3710,VALID,Thonon-les-Bains Tarbes pour demain,Thonon-les-Bains,Tarbes,6
1698,VALID,Je souhaite voyager de Évreux vers Nîmes,Évreux,Nîmes,5
1130,VALID,Je voudrais partir de  Évreux pour aller à Calais,Évreux,Calais,9
673,VALID,Comment me rendre à Montélimar depuis Blois ?,Blois,Montélimar,3
773,VALID,Je souhaite voyager de Dijon vers Avranches,Dijon,Avranches,5
1963,INVALID,restaurant à épernay,Épernay,Laval,25
959,VALID,Comment m erenndre à Poiiters depuis Ai-en-Provennce ?,Aix-en-Provence,Poitiers,3
2214,INVALID,Quelle est la population de Lille ?,Lille,Saint-Dizier,22
1926,INVALID,boulogne-sur-mer ou pau pour les vacances ?,Boulogne-sur-Mer,Pau,23
999,VALID,Je cherche un train Cergy Lannion,Cergy,Lannion,14
2936,INVALID,Quelle est la population de Louviers ?,Louviers,Privas,22
1489,VALID,Prochain train pour Versailles depuis Chambéry,Chambéry,Versailles,13
3691,VALID,Un aller simple Nantes Dole,Nantes,Dole,10
2360,INVALID,Quelle est la population de Port-Boulet ?,Port-Boulet,Vannes,22
2666,INVALID,Quel temps fait-il à Laon ?,Laon,Paris,16
3826,INVALID,Quel temps fait-il a Bourges ?,Bourges,Mâcon,16
2030,INVALID,restaurant à saint-quentin,Saint-Quentin,Dieppe,25
1881,VALID,Comment me rendre à Nevers depuis Blois ?,Blois,Nevers,3
1971,INVALID,la distance entre cambrai et modane,Cambrai,Modane,20
1530,VALID,Départ Chartres arrivée Angers,Chartres,Angers,15
3066,INVALID,J'habite à Angers,Angers,Charleville-Mézières,17
3060,INVALID,Mon ami vit à Bar-le-Duc et moi à  Berck ,Bar-le-Duc,Berck,19
674,VALID,Un aller simple Rodez Nancy,Rodez,Nancy,10
3199,INVALID,Bonjour,Rodez,Le Puy-en-Velay,21
300,VALID,Départ Pontivy arrivée Bourg-en-Bresse,Pontivy,Bourg-en-Bresse,15
1985,INVALID,j'habite à dijon,Dijon,Arles,17
3323,INVALID,Bonjour,Saint-Omer,Gap,21
1163,VALID,Départ Vendôme arrivée Clisson,Vendôme,Clisson,15
466,VALID,Départ Laval arrivée Vienne,Laval,Vienne,15
2915,INVALID,Le maire de Lon,Laon,Dieppe,24
877,VALID,Je voudrais partir de Versailles pour aller à Provins,Versailles,Provins,9
2726,INVALID,Mon ami vit à Brest et moi à Dijon,Brest,Dijon,19
1601,VALID,Un aller simple Nancy Biarritz,Nancy,Biarritz,10
1628,VALID,Je veux aller de Vendôme à Cholet,Vendôme,Cholet,1
2910,INVALID,Quelle est la population de Montélimar ?,Montélimar,Nancy,22
3205,INVALID,Bonjou,Amboise,Soissons,21
1664,VALID,Je voudrais partir de Valence pour aller à Le Puy-en-Velay,Valence,Le Puy-en-Velay,9
2203,INVALID,Restaurant à Clisson,Clisson,Vesoul,25
925,VALID,Je veux aller de Toulouse à Limoges,Toulouse,Limoges,1
3437,VALID,un billet reims briancon s'il vous plait,Reims,Briançon,2
3425,VALID,je veux aller de rouen a laon,Rouen,Laon,1
1547,VALID,Je veux aller de Pontoise à Challans,Pontoise,Challans,1
2526,INVALID,Quel temps fait-il à Laon ?,Laon,Étampes,16
3265,INVALID,Le maire de Bourgoin-Jallieu,Bourgoin-Jallieu,Segré,24
700,VALID,Je dois me rendre de Bourgoin-Jallieu à Besançon,Bourgoin-Jallieu,Besançon,7
1903,INVALID,clermont-ferrand ou nîmes pour les vacances ?,Clermont-Ferrand,Nîmes,23
1505,VALID,Prochain train pour Dole depuis Langres,Langres,Dole,13
3860,VALID,Je veux aller de Orange a Courbevoie,Orange,Courbevoie,1
1877,VALID,Je pars de Lons-le-Saunier direction Villeurbanne,Lons-le-Saunier,Villeurbanne,12
478,VALID,Un aller simple Saumur Nice,Saumur,Nice,10
2013,INVALID,mon ami vit à évreux et moi à agen,Évreux,Agen,19
1734,VALID,Auch Ajaccio pour demain,Auch,Ajaccio,6
3203,INVALID,Le maire de Bolbec,Bolbec,Arras,24
429,VALID,Je cherche un train Nanterre Lourdes,Nanterre,Lourdes,14
2028,INVALID,mon ami vit à nancy et moi à épernay,Nancy,Épernay,19
188,VALID,quels sont les horaires de train albi bordeaux ?,Albi,Bordeaux,8
2522,INVALID,Mon ami vit à Vallenciennes et moi à Laval,Valenciennes,Laval,19
3787,VALID,Depart Chambery arrivee Vierzon,Chambéry,Vierzon,15
595,VALID,Je cherche un train Lunéville Modane,Lunéville,Modane,14
2304,INVALID,Orléans ou Lisieux pour les vacances ?,Orléans,Lisieux,23
268,VALID,je voudrais partir de angoulême pour aller à morlaix,Angoulême,Morlaix,9
3643,INVALID,le maire de valenciennes,Valenciennes,Orléans,24
2200,INVALID,Restaurant à Boulogne-Billancourt,Boulogne-Billancourt,Strasbourg,25
2438,INVALID,La distance entre Chambéry et Meaux,Chambéry,Meaux,20
1671,VALID,Trajet de Maubeuge vers Évreux,Maubeuge,Évreux,11
1657,VALID,Trajet de Fontenay-le-Comte vers Quimper,Fontenay-le-Comte,Quimper,11
1609,VALID,Comment me rendre à Bastia depuis Cambrai ?,Cambrai,Bastia,3
3492,VALID,je dois me rendre de creteil a angouleme,Créteil,Angoulême,7
3559,VALID,quels sont les horaires de train saint-brieuc avranches ?,Saint-Brieuc,Avranches,8
3591,INVALID,bonjour,Saint-Nazaire,Lourdes,21
1141,VALID,Je voudrais partir de Châteaubriant pour aller à Montivilliers,Châteaubriant,Montivilliers,9
10,VALID,je voudrais partir de aubenas pour aller à arras,Aubenas,Arras,9
3812,INVALID,Le maire de Evreu,Évreux,Saint-Dizier,24
2615,INVALID,Quelle est la population de Chinon ?,Chinon,Fougères,22
2331,INVALID,Restaurant à Tarbes,Tarbes,Dunkerque,25
717,VALID,Quels sont les horaires de train Saint-Malo Clermont-Ferrand ?,Saint-Malo,Clermont-Ferrand,8
2579,INVALID,Restaurant à Nancy,Nancy,Troyes,25
2318,INVALID,Quelle est la population de Hazebrouck ?,Hazebrouck,Auch,22
2136,INVALID,Mon ami vit à Troyes et moi à Oyonnax,Troyes,Oyonnax,19
1710,VALID,Je pars de Toulouse direction Aubenas,Toulouse,Aubenas,12
3845,VALID,Je dois me rendre de Cambrai a Cholet,Cambrai,Cholet,7
842,VALID,Je dois me rendre de Orléans à Fougères,Orléans,Fougères,7
360,VALID,Un aller simple Châlons-en-Champagne Argenteuil,Châlons-en-Champagne,Argenteuil,10
2068,INVALID,le maire de toulon,Toulon,Pau,24
2089,INVALID,bonjour,Reims,Vienne,21
2251,INVALID,J'habite à Chartres,Chartres,Saint-Malo,17
2867,INVALID,Bonjour,Calais,Bourgoin-Jallieu,21
3357,INVALID,Mon ami vit à Vendôme et moi à Tarbes,Vendôme,Tarbes,19
2979,INVALID,Quelle est la population de Rouen ?,Rouen,Abbeville,22
2753,INVALID,Le maire de Niort,Niort,Le Mans,24
1109,VALID,Trajet de Montauban vers Reims,Montauban,Reims,11
3720,VALID,Trajet de Chalon-sur-Saone vers Florence,Chalon-sur-Saône,Florence,11
541,VALID,Un billet Romans-sur-Isère Privas s'il vous plaît,Romans-sur-Isère,Privas,2
351,VALID,Je voudrais partir de Belfort pour aller à Angers,Belfort,Angers,9
3614,INVALID,arras ou douai pour les vacances ?,Arras,Douai,23
1415,VALID,Un billet Toulon Lorient s'il vous plaît,Toulon,Lorient,2
1593,VALID,Je voudrais partir de Charleville-Mézières pour aller à Perpignan,Charleville-Mézières,Perpignan,9
3468,INVALID,bonjour,Manosque,Vannes,21
2638,INVALID,Metz ou Étampes pour les vacances ?,Metz,Étampes,23
3694,VALID,Je cherche un train Elbeuf Evreux,Elbeuf,Évreux,14
606,VALID,Je pars de Saint-Nazaire direction Bayonne,Saint-Nazaire,Bayonne,12
1982,INVALID,quelle est la population de elbeuf ?,Elbeuf,Épernay,22
3502,INVALID,le maire de meaux,Meaux,Granville,24
1272,VALID,Je pars de Lyon direction Argenteuil,Lyon,Argenteuil,12
2245,INVALID,J'habite à Vitry-le-François,Vitry-le-François,Dinan,17
3299,INVALID,Quel temps fait-il à Vichy ?,Vichy,Compiègne,16
806,VALID,Fécamp Fontenay-le-Comte pour demain,Fécamp,Fontenay-le-Comte,6
1462,VALID,Un billet Manosque Chambéry s'il vous plaît,Manosque,Chambéry,2
886,VALID,Départ Carcassonne arrivée Challans,Carcassonne,Challans,15
912,VALID,Je dois me rendre de Évreux à Douai,Évreux,Douai,7
2846,INVALID,Bonjour,Montreuil,Strasbourg,21
1265,VALID,Je dois me rendre de Bourgoin-Jallieu à Meaux,Bourgoin-Jallieu,Meaux,7
129,VALID,je cherche un train modane angers,Modane,Angers,14
1532,VALID,Comment me rendre à Avranches depuis Saint-Dizier ?,Saint-Dizier,Avranches,3
35,VALID,quels sont les horaires de train thonon-les-bains albert ?,Thonon-les-Bains,Albert,8
15,VALID,je dois me rendre de évreux à lunéville,Évreux,Lunéville,7
381,VALID,Trajet de Biarritz vers Dieppe,Biarritz,Dieppe,11
1536,VALID,Lorient Langres pour demain,Lorient,Langres,6
1613,VALID,Quels sont les horaires de train Pontoise Poitiers ?,Pontoise,Poitiers,8
2628,INVALID,Brest est une belle ville,Brest,Lens,18
3218,INVALID,Chambéry est une belle ville,Chambéry,Verdun,18
2718,INVALID,Quel temps fait-il à Fougères ?,Fougères,Gap,16
3040,INVALID,La distance entre Rouen et Concarneau,Rouen,Concarneau,20
1324,VALID,Prochain train pour Nice depuis Briançon,Briançon,Nice,13
695,VALID,Un aller simple Langres Vitré,Langres,Vitré,10
3354,INVALID,Restaurant à Saint-Malo,Saint-Malo,Nantes,25
697,VALID,Un aller simple Montélimar Biarritz,Montélimar,Biarritz,10
2183,INVALID,Bonjour,Alençon,Morlaix,21
2056,INVALID,fontainebleau ou tourcoing pour les vacances ?,Fontainebleau,Tourcoing,23
2609,INVALID,Mon ami vit à Bar-le-Duc et moi à Lons-le-Saunier,Bar-le-Duc,Lons-le-Saunier,19
666,VALID,Départ Vitry-le-François arrivée Aurillac,Vitry-le-François,Aurillac,15
811,VALID,Dinan Florence pour demain,Dinan,Florence,6
3324,INVALID,Vitr-yle-François ou TThonon-les-Bains pour les vacances ?,Vitry-le-François,Thonon-les-Bains,23
2778,INVALID,Restaurant à Calais,Calais,Châteaubriant,25
2386,INVALID,La distance entre Bastia et Versailles,Bastia,Versailles,20
2467,INVALID,Quelle est la population de Reims ?,Reims,Roubaix,22
2287,INVALID,Quel temps fait-il à Saint-Nazaire ?,Saint-Nazaire,Avranches,16
3434,VALID,je voudrais partir de beziers pour aller a morlaix,Béziers,Morlaix,9
828,VALID,Dunkerque Quimper pour demain,Dunkerque,Quimper,6
2974,INVALID,Quelle est la population de Pontivy ?,Pontivy,Ajaccio,22
2337,INVALID,Quelle est la population de Annecy ?,Annecy,Blois,22
317,VALID,Un aller simple Boulogne-Billancourt Colmar,Boulogne-Billancourt,Colmar,10
2558,INVALID,Le maire de Valenciennes,Valenciennes,Abbeville,24
1411,VALID,Comment me rendre à Troyes depuis Rodez ?,Rodez,Troyes,3
2684,INVALID,Restaurant à Perpignan,Perpignan,Cambrai,25
3756,INVALID,Bonjour,Pontoise,Vitry-le-François,21
2298,INVALID,Bayonne ou Morlaxpour es vacances ?,Bayonne,Morlaix,23
405,VALID,Trajet de Nîmes vers Melun,Nîmes,Melun,11
1161,VALID,Prochain train pour Privas depuis Montivilliers,Montivilliers,Privas,13
1541,VALID,Quels sont les horaires de train Lorient Saint-Brieuc ?,Lorient,Saint-Brieuc,8
1974,INVALID,quel temps fait-il à nevers ?,Nevers,Montauban,16
2715,INVALID,Restaurant à Tours,Tours,Elbeuf,25
223,VALID,comment me rendre à bayonne depuis berck ?,Berck,Bayonne,3
958,VALID,Trajet de Cholet vers Saint-Dizier,Cholet,Saint-Dizier,11
3290,INVALID,Laon ou Vierzon pour les vacances ?,Laon,Vierzon,23
99,VALID,départ clisson arrivée épernay,Clisson,Épernay,15
1686,VALID,Comment me rendre à Évreux depuis Fougères ?,Fougères,Évreux,3
162,VALID,un aller simple évry béthune,Évry,Béthune,10
2508,INVALID,Restaurant à Quimper,Quimper,Cambrai,25
1351,VALID,Je cherche un train Grenoble Orange,Grenoble,Orange,14
620,VALID,Je cherche un train Albertville Laon,Albertville,Laon,14
3453,INVALID,j'habite a saint-brieuc,Saint-Brieuc,Périgueux,17
128,VALID,comment me rendre à lyon depuis orange ?,Orange,Lyon,3
2781,INVALID,Restauratn à Limoges,Limoges,Albert,25
1801,VALID,Je pars de Briançon direction Agen,Briançon,Agen,12
2285,INVALID,Le maire de Port-Boulet,Port-Boulet,Langres,24
3197,INVALID,Le maire de Reims,Reims,Limoges,24
3598,VALID,je pars de vndome direction segre,Vendôme,Segré,12
1767,VALID,Je cherche un train Bastia Pau,Bastia,Pau,14
946,VALID,Je pars de Montbéliard direction Bar-le-Duc,Montbéliard,Bar-le-Duc,12
3007,INVALID,Niort est une belle ville,Niort,Louviers,18
800,VALID,Je voudrais partir de Vitré pour aller à Rouen,Vitré,Rouen,9
1554,VALID,Je veux aller de Courbevoie à Auch,Courbevoie,Auch,1
1724,VALID,Cergy Niort pour demain,Cergy,Niort,6
2241,INVALID,Le maire de Chaumont,Chaumont,Arras,24
2531,INVALID,Bonjour,Rodez,Loches,21
1089,VALID,Un aller simple Valence Belfort,Valence,Belfort,10
154,VALID,je voudrais partir de albi pour aller à cannes,Albi,Cannes,9
3322,INVALID,Mon ami vit à Briançon et moi à Segré,Briançon,Segré,19
1244,VALID,Comment me rendre à Saint-Brieuc depuis Angoulême ?,Angoulême,Saint-Brieuc,3
29,VALID,un billet saint-omer chalon-sur-saône s'il vous plaît,Saint-Omer,Chalon-sur-Saône,2
102,VALID,un billet chinon saint-nazaire s'il vous plaît,Chinon,Saint-Nazaire,2
1766,VALID,Prochain train pour Lons-le-Saunier depuis Pontarlier,Pontarlier,Lons-le-Saunier,13
910,VALID,Je veux aller de Metz à Amboise,Metz,Amboise,1
2128,INVALID,Bonjour,Vendôme,Troyes,21
1656,VALID,Départ Laon arrivée Vierzon,Laon,Vierzon,15
3147,INVALID,J'habite à Maubeuge,Maubeuge,La Rochelle,17
643,VALID,Trajet de Châlons-en-Champagne vers Bourg-en-Bresse,Châlons-en-Champagne,Bourg-en-Bresse,11
675,VALID,Je pars de Chartres direction Montbéliard,Chartres,Montbéliard,12
3446,INVALID,auray est une belle ville,Auray,Lisieux,18
1951,INVALID,bonjoour,Évreux,Saint-Quentin,21
2953,INVALID,Mon ami vit à Strasbourg et moi à Limoges,Strasbourg,Limoges,19
3288,INVALID,Gap ou Amiens pour les vacances ?,Gap,Amiens,23
2490,INVALID,La distance entre Vierzon et Caen,Vierzon,Caen,20
3139,INVALID,Quelle est la population de Moulins ?,Moulins,Lunéville,22
2115,INVALID,Quel temps fait-il à Bourges ?,Bourges,Auray,16
540,VALID,Je veux aller de Saint-Étienne à Loches,Saint-Étienne,Loches,1
1156,VALID,Je veux aller de Montbéliard à Elbeuf,Montbéliard,Elbeuf,1
1090,VALID,Trajet de Perpignan vers Challans,Perpignan,Challans,11
1406,VALID,Comment me rendre à Montivilliers depuis Caen ?,Caen,Montivilliers,3
813,VALID,Trajet de Verdun vers Soissons,Verdun,Soissons,11
201,VALID,je prs de moulins direction caen,Moulins,Caen,12
3695,VALID,Soissons Berck pour demain,Soissons,Berck,6
3723,INVALID,Bonjour,Thonon-les-Bains,Lons-le-Saunier,21
2021,INVALID,le maire de montauban,Montauban,Lyon,24
1401,VALID,Un billet Montreuil Périgueux s'il vous plaît,Montreuil,Périgueux,2
228,VALID,un aller simple troyes valenciennes,Troyes,Valenciennes,10
995,VALID,Départ Saint-Denis arrivée Angoulême,Saint-Denis,Angoulême,15
2264,INVALID,Quel temps fait-il à Béthune ?,Béthune,Évreux,16
2054,INVALID,le maire de tarbes,Tarbes,Bourgoin-Jallieu,24
2982,INVALID,Restaurant à Bourg-en-Bresse,Bourg-en-Bresse,Calais,25
1988,INVALID,loches est une belle ville,Loches,Bolbec,18
3815,VALID,Comment me rendre a Montargis depuis Valence ?,Valence,Montargis,3
353,VALID,Nantes Digne-les-Bains pour demain,Nantes,Digne-les-Bains,6
1549,VALID,Je dois me rendre de Nancy à Grenoble,Nancy,Grenoble,7
2743,INVALID,J'habite à Béziers,Béziers,Lunéville,17
2914,INVALID,Mon ami vit à Rodez et moi à Fontainebleau,Rodez,Fontainebleau,19
981,VALID,Quels sont les horaires de train Laval Blois ?,Laval,Blois,8
887,VALID,Je veux aller de Cambrai à Annecy,Cambrai,Annecy,1
2556,INVALID,La distance entre Évreux et Saint-Nazaire,Évreux,Saint-Nazaire,20
2104,INVALID,le maire de boulogne-billancourt,Boulogne-Billancourt,Poitiers,24
3423,INVALID,le maire de vesoul,Vesoul,Aix-les-Bains,24
3259,INVALID,Marseille est une belle ville,Marseille,Mende,18
1096,VALID,Je dois me rendre e Lannon à Vitry-le-Fraannçois,Lannion,Vitry-le-François,7
926,VALID,Je voudrais partir de Orange pour aller à Annemasse,Orange,Annemasse,9
229,VALID,quels sont les horaires de train chartres dieppe ?,Chartres,Dieppe,8
55,VALID,je veux aller de berck à orléans,Berck,Orléans,1
2640,INVALID,Avignon est une belle ville,Avignon,Évreux,18
2379,INVALID,Mon ami vit à Bayonne et moi à Arras,Bayonne,Arras,19
1559,VALID,Je dois me rendre de Lisieux à Le Mans,Lisieux,Le Mans,7
1145,VALID,Comment me rendre à Nancy depuis Le Mans ?,Le Mans,Nancy,3
1094,VALID,Comment me rendre à Fougères depuis Caen ?,Caen,Fougères,3
988,VALID,Quels sont les horaires de train Albert Arras ?,Albert,Arras,8
1019,VALID,épart Épernay arrivvée  Modane,Épernay,Modane,15
2154,INVALID,Quelle est la population de Étampes ?,Étampes,La Rochelle,22
2833,INVALID,Clermont-Ferrand ou Calais pour les vacances ?,Clermont-Ferrand,Calais,23
868,VALID,Un aller simple Le Mans Aix-en-Provence,Le Mans,Aix-en-Provence,10
121,VALID,je cherche un train oyonnax provins,Oyonnax,Provins,14
3312,INVALID,Bonjour,Maubeuge,Cannes,21
2182,INVALID,Quelle est la population de Montélimar ?,Montélimar,Le Havre,22
1684,VALID,Trajet de Oyonnax vers Les Sables-d'Olonne,Oyonnax,Les Sables-d'Olonne,11
2345,INVALID,Quel temps fait-il à Compiègne ?,Compiègne,Langres,16
1318,VALID,Un billet Lisieux Provins s'il vous plaît,Lisieux,Provins,2
2040,INVALID,quel temps fait-il à alençon ?,Alençon,Niort,16
2845,INVALID,Le maire de Morlaix,Morlaix,Évreux,24
82,VALID,albertville montivilliers pour demain,Albertville,Montivilliers,6
3013,INVALID,J'habite à Annecy,Annecy,Aurillac,17
3315,INVALID,La distance entre Bastia et Saint-Denis,Bastia,Saint-Denis,20
218,VALID,je doois mme rendre de créteil à tarbes,Créteil,Tarbes,7
2221,INVALID,Roubaix ou Thonon-les-Bains pour les vacances ?,Roubaix,Thonon-les-Bains,23
3313,INVALID,La distance entre Bolbec et Versailles,Bolbec,Versailles,20
3129,INVALID,Mon ami vit à Châlons-en-Champagne et moi à Bourges,Châlons-en-Champagne,Bourges,19
1484,VALID,Cergy Mulhouse pour demain,Cergy,Mulhouse,6
2602,INVALID,Bonjour,Vienne,Dole,21
1306,VALID,Je souhaite voyager de Évry vers Orléans,Évry,Orléans,5
1022,VALID,Je souhaite voyager de Le Mans vers Quimper,Le Mans,Quimper,5
1162,VALID,Y a-t-il des trains vers Béthune au départ de Romans-sur-Isère ?,Romans-sur-Isère,Béthune,4
2620,INVALID,Bourges ou Saint-Omer pour les vacances ?,Bourges,Saint-Omer,23
21,VALID,je pars de troyes direction bar-le-duc,Troyes,Bar-le-Duc,12
3786,VALID,Je voudrais partir de Montauban pour aller a Laval,Montauban,Laval,9
1330,VALID,Un aller simple Annecy Fontainebleau,Annecy,Fontainebleau,10
3751,VALID,Un aller simple Sens Cergy,Sens,Cergy,10
2860,INVALID,Quelle est la population de Dole ?,Dole,Toul,22
1056,VALID,Trajet de Saint-Denis vers Saint-Étienne,Saint-Denis,Saint-Étienne,11
345,VALID,Comment me rendre à Marseille depuis Cholet ?,Cholet,Marseille,3
2944,INVALID,Bonjour,Poitiers,Vitry-le-François,21
3734,INVALID,J'habite a Troyes,Troyes,Saint-Omer,17
3393,INVALID,quelle est la population de niort ?,Niort,Bayonne,22
2664,INVALID,Quelle est la population de Évry ?,Évry,Rennes,22
3894,VALID,Je dois me rendre de Bloiis a Lons-leS-aunier,Blois,Lons-le-Saunier,7
1837,VALID,Départ Dinan arrivée Louviers,Dinan,Louviers,15
979,VALID,Quels sont les horaires de train Laval Montbéliard ?,Laval,Montbéliard,8
1181,VALID,Je souhaite voyager de Cambrai vers Lourdes,Cambrai,Lourdes,5
1050,VALID,Y a-t-il des trains vers Châteauroux au départ de Saumur ?,Saumur,Châteauroux,4
1062,VALID,Y a-t-il des trains vers Romans-sur-Isère au départ de Meaux ?,Meaux,Romans-sur-Isère,4
3903,VALID,Trajet de Granville vers Bordeaux,Granville,Bordeaux,11
1467,VALID,Un billet Épinal Nevers s'il vous plaît,Épinal,Nevers,2
3391,INVALID,epinal est une belle ville,Épinal,Créteil,18
1977,INVALID,restaurant à dijon,Dijon,Étampes,25
570,VALID,Comment me rendre à Grenoble depuis Dijon ?,Dijon,Grenoble,3
490,VALID,Je voudrais partir de Cholet pour aller à Laon,Cholet,Laon,9
2984,INVALID,Montbéliard ou Thonon-les-Bains pour les vacances ?,Montbéliard,Thonon-les-Bains,23
2950,INVALID,J'habite à Amiens ,Amiens,Lunéville,17
760,VALID,Trajet de Challans vers Modane,Challans,Modane,11
679,VALID,Trajet de Saint-Denis vers Concarneau,Saint-Denis,Concarneau,11
726,VALID,Je cherche un train Lyon Digne-les-Bains,Lyon,Digne-les-Bains,14
2418,INVALID,La distance entre Lourdes et Annecy,Lourdes,Annecy,20
3616,VALID,je cherche un train epinal agen,Épinal,Agen,14
3141,INVALID,Lemaire de Niort,Niort,Bordeaux,24
3654,INVALID,Quel temps fait-il a Segre ?,Segré,Brest,16
3034,INVALID,Bonjour,Moulins,Vendôme,21
3763,VALID,Je cherche un train Beauvais Granville,Beauvais,Granville,14
2415,INVALID,Évry ou Quimper pour les vacances ?,Évry,Quimper,23
2878,INVALID,Mon ami vit à Bar-le-Duc et moi à Orange,Bar-le-Duc,Orange,19
1402,VALID,Quels sont les horaires de train Lourdes Verdun ?,Lourdes,Verdun,8
528,VALID,Prochain train pour Moulins depuis Aix-les-Bains,Aix-les-Bains,Moulins,13
2009,INVALID,restaurant à bastia,Bastia,Avignon,25
2893,INVALID,Valence ou Dijon poour les vacanc ?,Valence,Dijon,23
2472,INVALID,Bonjour,Granville,Lons-le-Saunier,21
3183,INVALID,Rouen est une belle ville,Rouen,Belfort,18
2382,INVALID,Quelle est la population de Marseille ?,Marseille,Châteaubriant,22
2738,INVALID,Le maire de Nevers,Nevers,Romans-sur-Isère,24
3116,INVALID,Restaurant à Pontarlier,Pontarlier,Argenteuil,25
2913,INVALID,Quelle est la populaiton e Beauvais ?,Beauvais,Nice,22
2676,INVALID,Quelle est la population de Lyon ?,Lyon,Mulhouse,22
1856,VALID,Trajet de Montargis vers Vitry-le-François,Montargis,Vitry-le-François,11
2590,INVALID,Bonjour,Dole,Nice,21
2256,INVALID,Mon ami vit à Vesoul et moi à Charleville-Mézières,Vesoul,Charleville-Mézières,19
3120,INVALID,J'habite à Annemasse,Annemasse,Montivilliers,17
3189,INVALID,Mon ami vit à Clisson et moi à Tours,Clisson,Tours,19
184,VALID,prochain train pour amiens depuis bourges,Bourges,Amiens,13
2986,INVALID,Quel temps fait-il à Montreuil ?,Montreuil,Saint-Denis,16
3554,INVALID,mon ami vit a digne-les-bains et moi a villeurbanne,Digne-les-Bains,Villeurbanne,19
858,VALID,Bordeaux Amboise pour demain,Bordeaux,Amboise,6
3781,VALID,Les Sables-d'Olonne Auxerre pour demain,Les Sables-d'Olonne,Auxerre,6
3101,INVALID,Restaurant à Bordeaux,Bordeaux,Nîmes,25
3365,INVALID,J'habite à Rennes,Rennes,Belfort,17
3896,VALID,Je dois me rendre de Vierzon a Creteil,Vierzon,Créteil,7
1529,VALID,Y a-t-il es trains vers Biarritz au départ de Laval ?,Laval,Biarritz,4
748,VALID,Comment me rendre à Bar-le-Duc depuis Auxerre ?,Auxerre,Bar-le-Duc,3
3463,VALID,epinal alencon pour demain,Épinal,Alençon,6
318,VALID,Je cherche un train Les Sables-d'Olonne Roubaix,Les Sables-d'Olonne,Roubaix,14
990,VALID,Je voudrais partir de Grenoble pour aller à Provins,Grenoble,Provins,9
3118,INVALID,J'habite à Hazebrouck,Hazebrouck,Mende,17
667,VALID,Nice Évry pour demain,Nice,Évry,6
396,VALID, Quels sont ls horaires de train Abbbeville Montbéliaard ?,Abbeville,Montbéliard,8
2801,INVALID,Quelle est la population de Vienne ?,Vienne,Calais,22
753,VALID,Je cherche un train Nantes Granville,Nantes,Granville,14
1371,VALID,Je pars de Louviers direction Boulogne-sur-Mer,Louviers,Boulogne-sur-Mer,12
2978,INVALID,Nantes ou Les Sables-d'Olonne pour les vacances ?,Nantes,Les Sables-d'Olonne,23
2771,INVALID,J'habite à Quimper,Quimper,Roubaix,17
1746,VALID,Un billet Le Mans Compiègne s'il vous plaît,Le Mans,Compiègne,2
728,VALID,Trajet de Dole vers Valenciennes,Dole,Valenciennes,11
1097,VALID,Comment me rendre à Belfort depuis Gap ?,Gap,Belfort,3
2012,INVALID,berck est une belle ville,Berck,Belfort,18
571,VALID,Départ Albert arrivée Mâcon,Albert,Mâcon,15
1116,VALID,Départ Rouen arrivée Lourdes,Rouen,Lourdes,15
2773,INVALID,Boulogne-Billancourt est une belle ville,Boulogne-Billancourt,Compiègne,18
3714,VALID,Un aller simple Saint-Nazaire Avignon,Saint-Nazaire,Avignon,10
1475,VALID,Langres Périgueux pour demain,Langres,Périgueux,6
1447,VALID,Y a-t-il des trains vers Fontainebleau au départ de Provins ?,Provins,Fontainebleau,4
2882,INVALID,Quelle est la population de Loches ?,Loches,Lisieux,22
1646,VALID,Quels sont les horaires de train Dieppe Niort ?,Dieppe,Niort,8
3533,VALID,quels sont les horaires de train saint-nazaire limoges ?,Saint-Nazaire,Limoges,8
416,VALID,Je souhaite voyager de Moulins vers Versailles,Moulins,Versailles,5
3281,INVALID,MMon ami vit àÉ tampes et moi à Verailles,Étampes,Versailles,19
151,VALID,je cherche un train le havre lannion,Le Havre,Lannion,14
2324,INVALID,Restaurant à Étampes,Étampes,Mulhouse,25
1567,VALID,Je dois me rendre de Clermont-Ferrand à Saint-Nazaire,Clermont-Ferrand,Saint-Nazaire,7
130,VALID,quels sont les horaires de train nevers toulon ?,Nevers,Toulon,8
2071,INVALID,la distance entre aubenas et lyon,Aubenas,Lyon,20
3829,VALID,Un billet Chateauroux Soissons s'il vous plait,Châteauroux,Soissons,2
1558,VALID,Perignn Florence opur demain,Perpignan,Florence,6
2851,INVALID,Lee maire de aL Rochelle,La Rochelle,Lyon,24
244,VALID,je voudrais partir de le havre pour aller à provins,Le Havre,Provins,9
2099,INVALID,melun ou dole pour les vacances ?,Melun,Dole,23
2725,INVALID,J'habite à Pontarlier,Pontarlier,Amboise,17
779,VALID,Un billet Nantes Bourges s'il vous plaît,Nantes,Bourges,2
3681,VALID,Je souhaite voyager de Nancy vers Laon,Nancy,Laon,5
662,VALID,Un aller simple Bayonne Auch,Bayonne,Auch,10
77,VALID,prochain train pour saint-brieuc depuis meaux,Meaux,Saint-Brieuc,13
1006,VALID,Je cherche un train Bastia Versailles,Bastia,Versailles,14
2445,INVALID,La distance entre Angoulême et Saumur,Angoulême,Saumur,20
2149,INVALID,Le maire de Challans,Challans,Lourdes,24
2077,INVALID,restaurant à mulhouse,Mulhouse,Besançon,25
156,VALID,je cherche un train laval pau,Laval,Pau,14
288,VALID,Trajet de Privas vers Nice,Privas,Nice,11
1138,VALID,Un aller simple Châlons-en-Champagne Toulouse,Châlons-en-Champagne,Toulouse,10
1498,VALID,Prochain train pour Pontoise depuis Manosque,Manosque,Pontoise,13
2940,INVALID,Bonjour,Cannes,Thonon-les-Bains,21
3736,INVALID,J'habite a Calais,Calais,Digne-les-Bains,17
2961,INVALID,Bonjour,Béziers,Hazebrouck,21
89,VALID,périgueux abbeville pour demain,Périgueux,Abbeville,6
3401,VALID,je dois me rendre de abbeville a granville,Abbeville,Granville,7
1386,VALID,Je souhaite voyager de Aurillac vers Thonon-les-Bains,Aurillac,Thonon-les-Bains,5
2624,INVALID,Le maire de Saumur,Saumur,Vichy,24
90,VALID,quels sont les horaires de train briançon albert ?,Briançon,Albert,8
2841,INVALID, Bonjour,Aubenas,Vitry-le-François,21
1745,VALID,Je souhaite voyager de Laon vers Nice,Laon,Nice,5
2957,INVALID,Mon ami vit à Boulogne-sur-Mer et moi à Châteaubriant,Boulogne-sur-Mer,Châteaubriant,19
16,VALID,je veux aller de toul à loches,Toul,Loches,1
2492,INVALID,Bonjour,Châteauroux,Aurillac,21
3586,VALID,je voudrais partir de clisson pour aller a saint-omer,Clisson,Saint-Omer,9
2237,INVALID,Quel temps fait-il à Bourgoin-Jallieu ?,Bourgoin-Jallieu,Lannion,16
2417,INVALID,Le maire de Laval,Laval,Chalon-sur-Saône,24
258,VALID,quels sont les horaires de train laval maubeuge ?,Laval,Maubeuge,8
1941,INVALID,quel emps  fait-il à vry ?,Évry,Privas,16
1853,VALID,Prochain train pour Langres depuis Laval,Laval,Langres,13
2187,INVALID,Quelle est la population de Montbéliard ?,Montbéliard,Pontoise,22
3564,INVALID,j'habite a modane,Modane,Lens,17
2370,INVALID,Quel temps fait-il à Arras ?,Arras,Lens,16
3861,VALID,Y a-t-il des trains vers Blisa u edpart de Saint-Denis ?,Saint-Denis,Blois,4
1245,VALID,Je dois me rendre de Grenoble à Marseille,Grenoble,Marseille,7
2785,INVALID,Toulon est une belle ville,Toulon,Chartres,18
1785,VALID,Je souhatie vvoyager dde Nancy vers Hazebruock,Nancy,Hazebrouck,5
2927,INVALID,Mon  ami vit à Metz et moi  Niort,Metz,Niort,19
2023,INVALID,j'habite à évreux,Évreux,Courbevoie,17
3454,INVALID,j'habite a aix-les-bains,Aix-les-Bains,Versailles,17
3320,INVALID,Mon ami vit à Calais et moi à Maubeuge,Calais,Maubeuge,19
2470,INVALID,Quel temps fait-il à Chalon-sur-Saône ?,Chalon-sur-Saône,Carcassonne,16
2585,INVALID,J'habite à Toulouse,Toulouse,Alençon,17
59,VALID,comment me rendre à marseille depuis troyes ?,Troyes,Marseille,3
36,VALID,quels sont les horaires de train poitiers fécamp ?,Poitiers,Fécamp,8
2043,INVALID,que ltemps fait-il à albertvville  ?,Albertville,Charleville-Mézières,16
2006,INVALID,mon ami vit à perpignan et moi à étampes,Perpignan,Étampes,19
3403,VALID,y a-t-il des trains vers saint-brieuc au depart de tourcoing ?,Tourcoing,Saint-Brieuc,4
2246,INVALID,Le maire de Vierzon,Vierzon,Vernon,24
2692,INVALID,Le maire de Port-Boulet,Port-Boulet,Mulhouse,24
460,VALID,Je dois me rendre de Rouen à Manosque,Rouen,Manosque,7
756,VALID,Je veux aller de Saint-Denis à Charleville-Mézières,Saint-Denis,Charleville-Mézières,1
3081,INVALID,Mon ami vit à Caen et moi à Bastia,Caen,Bastia,19
2660,INVALID,Bolbec ou Dijon pour les vacances ?,Bolbec,Dijon,23
581,VALID,Un aller simple Bourges Chambéry,Bourges,Chambéry,10
3018,INVALID,J'habite à Laval,Laval,Metz,17
3416,VALID,je voudrais partir de vichy pour aller a montreuil,Vichy,Montreuil,9
97,VALID,vesoul arras ppour ddemain ,Vesoul,Arras,6
2650,INVALID,Quel temps fait-il à Marseille ?,Marseille,Avranches,16
3804,INVALID,Bonjour,Étampes,Vichy,21
3204,INVALID,Restaurant à Saumur,Saumur,Granville,25
2791,INVALID,La distance entre Saint-Malo et Chambéry,Saint-Malo,Chambéry,20
24,VALID,je voudrais partir de béthune pour aller à la rochelle,Béthune,La Rochelle,9
1220,VALID,Trajet dee Port-Boulet vers Modane ,Port-Boulet,Modane,11
2305,INVALID,Montpellier est une belle ville,Montpellier,Boulogne-Billancourt,18
2642,INVALID,Le maire de Le Mans,Le Mans,Saint-Nazaire,24
2524,INVALID,La distance entre Courbevoie et Saint-Malo,Courbevoie,Saint-Malo,20
1099,VALID,Y a-t-il des trains vers Cherbourg au départ de Rodez ?,Rodez,Cherbourg,4
1092,VALID,Je cherche un train Bourgoin-Jallieu Chinon,Bourgoin-Jallieu,Chinon,14
3615,VALID,je pars de blois direction valenciennes,Blois,Valenciennes,12
3173,INVALID,Dunkerque est ne belle vilel,Dunkerque,Romans-sur-Isère,18
2770,INVALID,Quelle est la population de Berck ?,Berck,Chinon,22
2597,INVALID,Quelle est la population de Mende ?,Mende,Beauvais,22
232,VALID,je voudrais partir de vitré pour aller à caen,Vitré,Caen,9
1208,VALID,Un aller simple Périgueux Chartres,Périgueux,Chartres,10
2672,INVALID,La distance entre Lisieux et Douai,Lisieux,Douai,20
2816,INVALID,La distance entre Valence et Dieppe,Valence,Dieppe,20
927,VALID,Départ Auch arrivée Cergy,Auch,Cergy,15
1993,INVALID,la distance entre albert et clisson,Albert,Clisson,20
1641,VALID,Un billet Louviers Hazebrouck s'il vous plaît,Louviers,Hazebrouck,2
2293,INVALID,Restaurant à Dinan,Dinan,Hazebrouck,25
3433,INVALID,restaurant a bourges,Bourges,Antibes,25
2450,INVALID,Elbeuf est une belle ville,Elbeuf,Tours,18
1765,VALID,Y a-t-il des trains vers Oyonnax au départ de Saumur ?,Saumur,Oyonnax,4
2061,INVALID,bonjour,Saint-Nazaire,Carcassonne,21
3467,VALID,je dois me rendre de modane a boulogne-sur-mer,Modane,Boulogne-sur-Mer,7
1241,VALID,Prochain train pour Challans depuis Albi,Albi,Challans,13
3717,VALID,Prochain train pour Aix-en-Provence depuis Strasbourg,Strasbourg,Aix-en-Provence,13
809,VALID,Je veux aller de Moulins à Concarneau,Moulins,Concarneau,1
1232,VALID,Départ Verdu arrive Le Havre,Verdun,Le Havre,15
1010,VALID,Y a-t-il des trains vers Annecy au départ de Vienne ?,Vienne,Annecy,4
1611,VALID,Un billet Compiègne Bourgoin-Jallieu s'il vous plaît,Compiègne,Bourgoin-Jallieu,2
3680,INVALID,J'habite a Macon,Mâcon,Épernay,17
3277,INVALID,J'habite à Béthune,Béthune,Carcassonne,17
3349,INVALID,Quelle est la population de Châteauroux ?,Châteauroux,Argenteuil,22
2460,INVALID,Bonjour,Chambéry,Saint-Denis,21
1597,VALID,Je cherche un train Avignon Moulins,Avignon,Moulins,14
2171,INVALID,Bonour,Verdun,Vichy,21
144,VALID,je souhaite voyager de lons-le-saunier vers gap,Lons-le-Saunier,Gap,5
2608,INVALID,La distance entre Cambrai et Poitiers,Cambrai,Poitiers,20
655,VALID,Un billet Oyonnax Les Sables-d'Olonne s'il vous plaît,Oyonnax,Les Sables-d'Olonne,2
1182,VALID,Un billet Beauvais Cherbourg s'il vous plaît,Beauvais,Cherbourg,2
2629,INVALID,Restaurant à Colmar,Colmar,Segré,25
3276,INVALID,Restaurant à Blois,Blois,Toulon,25
2377,INVALID,Port-Boulet ouu Avingon pour les vacances ?,Port-Boulet,Avignon,23
770,VALID,Je pars de Angers direction Châlons-en-Champagne,Angers,Châlons-en-Champagne,12
3878,VALID,Un aller simple Cambrai Alencon,Cambrai,Alençon,10
1861,VALID,Un aller simple Bordeaux Dijon,Bordeaux,Dijon,10
3811,VALID,Prochain train pour Vichy depuis Perpignan,Perpignan,Vichy,13
1576,VALID,Je cherche un train Lons-le-Saunier Agen,Lons-le-Saunier,Agen,14
2270,INVALID,Mâcon ou Rodez pour les vacances ?,Mâcon,Rodez,23
3864,VALID,Trajet de Saint-Dizier vers Privas,Saint-Dizier,Privas,11
1527,VALID,Je veux aller de Lourdes à Cherbourg,Lourdes,Cherbourg,1
532,VALID,Comment me rendre à Saint-Malo depuis Aubenas ?,Aubenas,Saint-Malo,3
2630,INVALID,La distance entre Évry et Anceniss,Évry,Ancenis,20
3181,INVALID,Quelle est la population de Vichy ?,Vichy,Berck,22
3519,VALID,je dois me rendre de argenteuil a le havre,Argenteuil,Le Havre,7
546,VALID,Y a-t-il des trains vers Pontivy au départ de Lens ?,Lens,Pontivy,4
1407,VALID,Je souhaite voyager de Pontoise vers Saint-Malo,Pontoise,Saint-Malo,5
380,VALID,Je souhaite voyager de Aix-les-Bains vers Provins,Aix-les-Bains,Provins,5
1696,VALID,Déprt Quimper rarivée Yvetot,Quimper,Yvetot,15
921,VALID,La Rochelle Arras pour demain,La Rochelle,Arras,6
2622,INVALID,La distance entre Saint-Étienne et Albi,Saint-Étienne,Albi,20
1106,VALID,Y a-t-il des trains vers Fougères au départ de Bourges ?,Bourges,Fougères,4
296,VALID,Trajet de Bourg-en-Bresse vers Digne-les-Bains,Bourg-en-Bresse,Digne-les-Bains,11
2946,INVALID,Quel temps fait-il à Vesoul ?,Vesoul,Romans-sur-Isère,16
3858,VALID,Je dois me rendre de Antibes a Boulogne-sur-Mer,Antibes,Boulogne-sur-Mer,7
765,VALID,Je dois me rendre de Épinal à Verdun,Épinal,Verdun,7
2163,INVALID,Quelle est la population de Florence ?,Florence,Meaux,22
2571,INVALID,Le maire de Saint-Dizier,Saint-Dizier,Quimper,24
1075,VALID,Je veux aller de Épinal à Meaux,Épinal,Meaux,1
1028,VALID,Y a-t-il des trains vers Ancenis au départ de Belfort ?,Belfort,Ancenis,4
3127,INVALID,Le maire de Chalon-sur-Saône,Chalon-sur-Saône,Montélimar,24
3779,VALID,Je cherche un train Evreux Antibes,Évreux,Antibes,14
2962,INVALID,Bonjour,Arras,Port-Boulet,21
722,VALID,Je pars de Vendôme direction Montivilliers,Vendôme,Montivilliers,12
2108,INVALID,quel temps fait-il à fontainebleau ?,Fontainebleau,Vienne,16
3794,VALID,Je veux aller de Modane a Besancon,Modane,Besançon,1
1437,VALID,Un billet Orléans Fougères s'il vous plaît,Orléans,Fougères,2
3898,INVALID,Le maire de Fecamp,Fécamp,Vannes,24
3014,INVALID,Mon ami vit à Mâcon et moi à Fougères,Mâcon,Fougères,19
507,VALID,Départ Boulogne-sur-Mer arrivée Montpellier,Boulogne-sur-Mer,Montpellier,15
2431,INVALID,Mon ami vit à Bastia et moi à Besançon,Bastia,Besançon,19
3771,INVALID,Restaurant a Chinon,Chinon,Lons-le-Saunier,25
3863,VALID,Je cherche un train Lyon Montargis,Lyon,Montargis,14
1669,VALID,Prochain train pour Châteaubriant depuis Compiègne,Compiègne,Châteaubriant,13
686,VALID,Je dois me rendre de Saint-Brieuc à Colmar,Saint-Brieuc,Colmar,7
2929,INVALID,Bordeaux est une belle ville,Bordeaux,Auxerre,18
1256,VALID,Je souhaite voyager de Mâcon vers Albert,Mâcon,Albert,5
2126,INVALID,J'habite à Loches,Loches,Maubeuge,17
2133,INVALID,La distance entre Briançon et Lorient,Briançon,Lorient,20
2538,INVALID,Quelle est la poppulatoin e Montargis  ?,Montargis,Maubeuge,22
3414,INVALID,bonjour,Montauban,Périgueux,21
1899,INVALID,quelle est  l population de portboulet ?,Port-Boulet,Toul,22
1219,VALID,Départ Amboise arrivée Paris,Amboise,Paris,15
3783,INVALID,Restaurant a Sens,Sens,Béthune,25
1964,INVALID,quelle est la population de tours ?,Tours,Vierzon,22
2925,INVALID,Restaurant à Soissons,Soissons,Biarritz,25
3244,INVALID,Rennes ou Châlons-en-Champagne pour les vacances ?,Rennes,Châlons-en-Champagne,23
1264,VALID,Comment me rendre à Béziers depuis Châlons-en-Champagne ?,Châlons-en-Champagne,Béziers,3
2583,INVALID,Bonjour,Moulins,Boulogne-Billancourt,21
3501,VALID,quels sont les horaires de train concarneau mulhouse ?,Concarneau,Mulhouse,8
255,VALID,granville auxerre pour demain,Granville,Auxerre,6
1907,INVALID,j'habite à avignon,Avignon,Troyes,17
2807,INVALID,Quelle est la population de Lille ?,Lille,Avranches,22
3837,INVALID,J'habite a Metz,Metz,Saint-Omer,17
79,VALID,y a-t-il des trains vers amboise au départ de montargis ?,Montargis,Amboise,4
3409,VALID,quels sont les horaires de train macon sens ?,Mâcon,Sens,8
2573,INVALID,Quel temps fait-il à Châteauroux ?,Châteauroux,Lens,16
3341,INVALID,Bonjour,Périgueux,Bourgoin-Jallieu,21
3869,VALID,Je souhaite voyager de Granville vers Valenciennes,Granville,Valenciennes,5
1528,VALID,Un aller simple Chalon-sur-Saône Périgueux,Chalon-sur-Saône,Périgueux,10
1983,INVALID,quel temps fait-il à toull ?,Toul,Blois,16
470,VALID,Départ Valenciennes arrivée Albertville,Valenciennes,Albertville,15
2083,INVALID,bonjour,Saint-Nazaire,Montargis,21
2971,INVALID,Épinal est une belle ville,Épinal,Saint-Omer,18
3638,INVALID,j'habite a pontoise,Pontoise,Orléans,17
3530,VALID,je cherche un train beauvais amboise,Beauvais,Amboise,14
3563,VALID,je veux aller de vierzon a manosque,Vierzon,Manosque,1
755,VALID,Quels sont les horaires de train Pau Saint-Quentin ?,Pau,Saint-Quentin,8
3084,INVALID,Restaurant à Nantes,Nantes,Évreux,25
3436,VALID,je cherche un train digne-les-bains angers,Digne-les-Bains,Angers,14
2542,INVALID,J'habite à Lourdes,Lourdes,Saint-Nazaire,17
3029,INVALID,Compiègne o Troyes pour lesvacance s?,Compiègne,Troyes,23
505,VALID,Trajet ed Rouabix vers Thonon-les-Bains,Roubaix,Thonon-les-Bains,11
2517,INVALID,J'habite à Caen,Caen,Roubaix,17
3841,INVALID,Charleville-Mezieres est une belle ville,Charleville-Mézières,Nanterre,18
3072,INVALID,Quelle est la populaiton de Caen ?,Caen,Dole,22
3576,INVALID,quelle est la population de toul ?,Toul,Florence,22
61,VALID,je cherche un train fontenay-le-comte amiens,Fontenay-le-Comte,Amiens,14
2575,INVALID, La diance entre Mâcon eet AAnnec,Mâcon,Annecy,20
2959,INVALID,Bonjour,Dijon,Granville,21
2665,INVALID,Évreux est une belle ville,Évreux,Rennes,18
458,VALID,Un billet Saint-Dizier Avignon s'il vous plaît,Saint-Dizier,Avignon,2
2722,INVALID,Créteil est une belle ville,Créteil,Pontivy,18
967,VALID,Trajet de Mulhouse vers Mâcon,Mulhouse,Mâcon,11
2339,INVALID,J'habite à Strasbourg,Strasbourg,Bourgoin-Jallieu,17
861,VALID,Je dois me rendre de Troyes à Boulogne-sur-Mer,Troyes,Boulogne-sur-Mer,7
1693,VALID,Y a-t-il des trains vers Montélimar au départ de Argenteuil ?,Argenteuil,Montélimar,4
2604,INVALID,J'habbite à  Touloue,Toulouse,Concarneau,17
1293,VALID,Trajet de Paris vers Lens,Paris,Lens,11
2822,INVALID,La distance entre Saint-Nazaire et Meaux,Saint-Nazaire,Meaux,20
2091,INVALID,restaurant à bolbec,Bolbec,Courbevoie,25
2419,INVALID,Quelle est la population de Montélimar ?,Montélimar,Quimper,22
930,VALID,Je cherche un train Saint-Malo Vichy,Saint-Malo,Vichy,14
1373,VALID,Je pars de Brest direction Avignon,Brest,Avignon,12
3159,INVALID,Dunkerque est une belle ville,Dunkerque,Amiens,18
3074,INVALID,Quelle est la population de Pontarlier ?,Pontarlier,Montreuil,22
619,VALID,Je cherche un train Nie Dolee,Nice,Dole,14
1612,VALID,Je voudrais partir de Dunkerque pour aller à Privas,Dunkerque,Privas,9
1871,VALID,Un aller simple Vitré Provins,Vitré,Provins,10
2058,INVALID,quelle est la populaation de thhononl-es-bains ?,Thonon-les-Bains,Bordeaux,22
3317,INVALID,J'habite à Florence,Florence,Douai,17
3633,VALID,quels sont les horaires de train chateauroux tours ?,Châteauroux,Tours,8
2502,INVALID,Chalon-sur-Saône ou Manosque pour les vacances ?,Chalon-sur-Saône,Manosque,23
2689,INVALID,J'habite à Nice,Nice,Saint-Brieuc,17
1753,VALID,Lyon Saint-Malo pour demain,Lyon,Saint-Malo,6
465,VALID,Y a-t-il des trains vers Étampes au départ de Romans-sur-Isère ?,Romans-sur-Isère,Étampes,4
2367,INVALID,Restaurant à Saumur,Saumur,Étampes,25
2484,INVALID,Mon ami vit à Aurillac et moi à Cherbourg,Aurillac,Cherbourg,19
3429,VALID,je veux aller de amboise a port-boulet,Amboise,Port-Boulet,1
3419,VALID,comment me rendre a montauban depuis epinal ?,Épinal,Montauban,3
3789,VALID,Je veux aller de Carcassonne a Grenoble,Carcassonne,Grenoble,1
2102,INVALID,mon ami vit à lisieux et moi à épinal,Lisieux,Épinal,19
1878,VALID,Commennt merendre à Caen depuis Ponitvy ?,Pontivy,Caen,3
391,VALID,Y a-t-il des trains vers Ajaccio au départ de Bourges ?,Bourges,Ajaccio,4
834,VALID,Y a-t-il des trains vers Vernon au départ de Nice ?,Nice,Vernon,4
3542,VALID,un aller simple lisieux chalon-sur-saone,Lisieux,Chalon-sur-Saône,10
720,VALID,Quels sont les horaires de train Annecy Poitiers ?,Annecy,Poitiers,8
48,VALID,je voudrais partir de éppernay pour aller à saintmlao,Épernay,Saint-Malo,9
493,VALID,Prochain train pour Chartres depuis Villeurbanne,Villeurbanne,Chartres,13
56,VALID,je dois me rendre de saint-dizier à béthune,Saint-Dizier,Béthune,7
1638,VALID,Un billet Lunéville Limoges s'il vous plaît,Lunéville,Limoges,2
115,VALID,y a-t-il des trains vers le havre au départ de arles ?,Arles,Le Havre,4
3813,INVALID,La distance entre La Rochelle et Vitry-le-Francois,La Rochelle,Vitry-le-François,20
2826,INVALID,Bonjour,Loches,Saint-Denis,21
1193,VALID,Briançon Rodez pour demain,Briançon,Rodez,6
149,VALID,trajet de rennes vers amiens,Rennes,Amiens,11
2456,INVALID,Moulins ou Albert pour les vacances ?,Moulins,Albert,23
2220,INVALID,Calais est une belle ville,Calais,Annemasse,18
3892,VALID,Un billet Mulhouse Dunkerque s'il vous plait,Mulhouse,Dunkerque,2
610,VALID,Je cherche un train Aubenas Antibes,Aubenas,Antibes,14
3618,VALID,depart morlaix arrivee soissons,Morlaix,Soissons,15
78,VALID,dole châteauroux pour demain,Dole,Châteauroux,6
2073,INVALID,le maire de bar-le-duc,Bar-le-Duc,Évreux,24
3495,VALID,quels sont les horaires de train segre pontivy ?,Segré,Pontivy,8
3196,INVALID,J'habite à Poitiers,Poitiers,Saint-Denis,17
1370,VALID,Un billet Vienne Calais s'il vous plaît,Vienne,Calais,2
974,VALID,Y a-t-il des trains vers Lisieux au départ de Saint-Dizier ?,Saint-Dizier,Lisieux,4
2818,INVALID,Restaurant à Digne-les-Bains,Digne-les-Bains,Laval,25
3132,INVALID,Le maire de Le Mans,Le Mans,Vierzon,24
2529,INVALID,J'habite à BBoulogne-Billancourt,Boulogne-Billancourt,Versailles,17
63,VALID,je dois me rendre de annecy à segré,Annecy,Segré,7
454,VALID,Quels sont les horaires de train Dinan Avranches ?,Dinan,Avranches,8
1233,VALID,Je veux aller de Chambéry à Avranches,Chambéry,Avranches,1
3229,INVALID,Mon ami vit à Abbeville et moi à Yvetot,Abbeville,Yvetot,19
3280,INVALID,Caen ou Lorient pour les vacances ?,Caen,Lorient,23
2754,INVALID,Quel temps fait-il à Metz ?,Metz,Lunéville,16
3498,VALID,comment me rendre a antibes depuis loches ?,Loches,Antibes,3
1535,VALID,U alelr imple Bourg-en-Bresse Périgueux,Bourg-en-Bresse,Périgueux,10
3061,INVALID,Restaurant à Épernay,Épernay,Montargis,25
2143,INVALID,Beauvais est une belle ville,Beauvais,Calais,18
1806,VALID,Comment me rendre à Ancenis depuis Vendôme ?,Vendôme,Ancenis,3
530,VALID,Je voudrais partir de Lannion pour aller à Auray,Lannion,Auray,9
1596,VALID,Je dois me rendre de Poitiers à Modane,Poitiers,Modane,7
2123,INVALID,La distance entre Tourcoing et Saint-Étienne,Tourcoing,Saint-Étienne,20
1375,VALID,Je cherche un train Soissons Chalon-sur-Saône,Soissons,Chalon-sur-Saône,14
3810,VALID,Depart Angouleme arrivee Chateaubriant,Angoulême,Châteaubriant,15
537,VALID,Quels sont les horaires de train Lisieux Langres ?,Lisieux,Langres,8
2319,INVALID,Bordeaux ou Meaux pour les vacances ?,Bordeaux,Meaux,23
2314,INVALID,Mon ami vit à omans-sur-Isèee et  moi à Bolbec,Romans-sur-Isère,Bolbec,19
3637,VALID,je souhaite voyager de dunkerque vers toulon,Dunkerque,Toulon,5
3604,INVALID,quel temps fat-il a macon  ?,Mâcon,Mende,16
2853,INVALID,Quel temps fait-il à Blois ?,Blois,Belfort,16
670,VALID,Quels sont les horaires de train Manosque Lyon ?,Manosque,Lyon,8
2871,INVALID,Sens est une belle ville,Sens,Concarneau,18
251,VALID,un aller simple le havre saint-quentin,Le Havre,Saint-Quentin,10
1627,VALID,Un billet Étampes Cambrai s'il vous plaît,Étampes,Cambrai,2
2948,INVALID,Quelle est la population de Saint-Omer ?,Saint-Omer,Besançon,22
1680,VALID,Départ Calais arrivée Granville,Calais,Granville,15
2479,INVALID,Le maire de Albert,Albert,Épinal,24
2384,INVALID,Quel temps fait-il à Grenoble ?,Grenoble,Bolbec,16
2301,INVALID,La distance entre Reims et Alençon,Reims,Alençon,20
257,VALID,pontarlier oyonnax pour demain,Pontarlier,Oyonnax,6
1996,INVALID,quelle est la population de modane ?,Modane,Soissons,22
2832,INVALID,Vienne est une belle ville,Vienne,Calais,18
2652,INVALID,J'habite à Le Mans,Le Mans,Modane,17
1379,VALID,Départ Maubeuge arrivée Créteil,Maubeuge,Créteil,15
2356,INVALID,Le maire de Aix-les-Bains,Aix-les-Bains,Lunéville,24
3636,INVALID,antibes est une belle ville,Antibes,Arles,18
3504,INVALID,bojnour,Dole,Bourgoin-Jallieu,21
2004,INVALID,montauban ou granville pour les vacances ?,Montauban,Granville,23
3102,INVALID,Mon ami vit à Saint-Malo et moi à Dunkerque,Saint-Malo,Dunkerque,19
2958,INVALID,Montauban ou Antibes pour les vacances ?,Montauban,Antibes,23
256,VALID,un bille vannes hazebrouck s'il vous plaît,Vannes,Hazebrouck,2
1400,VALID,Y a-t-il des trains vers Épinal au départ de Laon ?,Laon,Épinal,4
169,VALID,comment me rendre à le puy-en-velay depuis arras ?,Arras,Le Puy-en-Velay,3
701,VALID,Y a-t-il des trains vers Bordeaux au départ de Vitré ?,Vitré,Bordeaux,4
1333,VALID,Départ Bourg-en-Bresse arrivée Chalon-sur-Saône,Bourg-en-Bresse,Chalon-sur-Saône,15
135,VALID,je souhaite voyager de compiègne vers orléans,Compiègne,Orléans,5
2691,INVALID,Restaurant à Saint-Nazaire,Saint-Nazaire,Saint-Dizier,25
1732,VALID,Je veux aller de Vitry-le-François à Auch,Vitry-le-François,Auch,1
1546,VALID,Un aller simple Évreux Vitry-le-François,Évreux,Vitry-le-François,10
1585,VALID,Caen Hazebrouck pour demain,Caen,Hazebrouck,6
2310,INVALID,Mon ami vit à Gap et moi à Tourcoing,Gap,Tourcoing,19
3402,INVALID,restaurant a cergy,Cergy,Amboise,25
3003,INVALID,La distance entre Aubenas et Saint-Brieuc,Aubenas,Saint-Brieuc,20
1444,VALID,Quels sont les horaires de train Lons-le-Saunier Vitry-le-François ?,Lons-le-Saunier,Vitry-le-François,8
3263,INVALID,Saint-Dizier ou Moulins pour les vacances ?,Saint-Dizier,Moulins,23
395,VALID,Comment me rendre à Chalon-sur-Saône depuis Quimper ?,Quimper,Chalon-sur-Saône,3
487,VALID,Je dois me rendre de Laon à Meaux,Laon,Meaux,7
372,VALID,Je souhaite voyager de Bayonne vers Reims,Bayonne,Reims,5
1842,VALID,Un billet Valence Belfort s'il vous plaît,Valence,Belfort,2
536,VALID,Brest Saint-Denis pour demain,Brest,Saint-Denis,6
1063,VALID,Je dois me rendre de Granville à Florence,Granville,Florence,7
3570,INVALID,modane ou nevers pour les vacances ?,Modane,Nevers,23
3562,VALID,un billet metz auxerre s'il vous plait,Metz,Auxerre,2
2189,INVALID,Restaurant à Pontoise,Pontoise,Bolbec,25
2511,INVALID,Le maire de Étampes,Étampes,Arras,24
794,VALID,Trajet de Évruex vers Béziers,Évreux,Béziers,11
1966,INVALID,mon ami vit à segré et moi à clisson,Segré,Clisson,19
2924,INVALID,Le maire de Albertville,Albertville,Langres,24
856,VALID,Prochain train pour Saint-Denis depuis Oyonnax,Oyonnax,Saint-Denis,13
683,VALID,Je cherche un train Strasbourg Chalon-sur-Saône,Strasbourg,Chalon-sur-Saône,14
994,VALID,Je voudrais partir de Maubeuge pour aller à Angoulême,Maubeuge,Angoulême,9
2680,INVALID,La distance entre Nantes et Cambrai,Nantes,Cambrai,20
2618,INVALID,Restaurant à Colmar,Colmar,Thonon-les-Bains,25
1118,VALID,Bastia Hazebrouck pour demain,Bastia,Hazebrouck,6
1591,VALID,Je voudrais partir de Angoulême pour aller à Dieppe,Angoulême,Dieppe,9
444,VALID,Je voudrais partir de Ancenis pour aller à Dole,Ancenis,Dole,9
1253,VALID,Je pars de Les Sables-d'Olonne direction Bastia,Les Sables-d'Olonne,Bastia,12
2248,INVALID,Vendôme est une belle ville,Vendôme,Nancy,18
1149,VALID,Je dois me rendre de Saint-Dizier à Toulon,Saint-Dizier,Toulon,7
1583,VALID,J epars de Abbeville directio Briançon,Abbeville,Briançon,12
260,VALID,y a-t-il des trains vers belfort au départ de antibes ?,Antibes,Belfort,4
1577,VALID,Quels sont les horaires de train Valence Lens ?,Valence,Lens,8
2679,INVALID,Quelle est la population de Vierzon ?,Vierzon,Le Puy-en-Velay,22
462,VALID,Strasbourg Évry pour demain,Strasbourg,Évry,6
1820,VALID,Départ Paris arrivée Avranches,Paris,Avranches,15
1003,VALID,Quels sont les horaires de train Chambéry Châteaubriant ?,Chambéry,Châteaubriant,8
1599,VALID,Trajet de Amboise vers Langres,Amboise,Langres,11
237,VALID,comment me rendre à oyonnax depuis besançon ?,Besançon,Oyonnax,3
2500,INVALID,Restaurant à Auray,Auray,Albi,25
1909,INVALID,le maire de nice,Nice,Lyon,24
400,VALID,Un billet Orange Blois s'il vous plaît,Orange,Blois,2
2295,INVALID,Quelle est la population de Lille ?,Lille,Vienne,22
684,VALID,Départ Bourg-en-Bresse arrivée Tourcoing,Bourg-en-Bresse,Tourcoing,15
3109,INVALID,Quelle est la population de Boulogne-Billancourt ?,Boulogne-Billancourt,Saint-Dizier,22
2809,INVALID,La distance entre Hazebrouck et Ancenis,Hazebrouck,Ancenis,20
3250,INVALID,Mon ami vit à Aix-en-Provence et moi à Montreuil,Aix-en-Provence,Montreuil,19
3825,INVALID,La distance entre Rouen et Valence,Rouen,Valence,20
3620,VALID, je vux aller de aixl-es-bains a compiegne,Aix-les-Bains,Compiègne,1
1217,VALID,Je veux aller de Amboise à Tourcoing,Amboise,Tourcoing,1
319,VALID,Je cherche un train Bayonne Aurillac,Bayonne,Aurillac,14
109,VALID,je dois me rendre de fontainebleau à versailles,Fontainebleau,Versailles,7
2693,INVALID,Quel temps fati-il à Brest ?,Brest,Albi,16
3056,INVALID,J'habite à Florencee,Florence,Langres,17
2100,INVALID,soissons est une belle ville,Soissons,Nantes,18
2547,INVALID,Le Mans ou Soissons pour les vacances ?,Le Mans,Soissons,23
1081,VALID,Je cherche un train Bourg-en-Bresse Rennes,Bourg-en-Bresse,Rennes,14
3331,INVALID,Mon ami vit à Ajaccio et moi à Reims,Ajaccio,Reims,19
3267,INVALID,Agen est une belle ville,Agen,Hazebrouck,18
3329,INVALID,Le maire de Le Puy-en-Velay,Le Puy-en-Velay,Montélimar,24
1496,VALID,Je veux aller de Vichy à Berck,Vichy,Berck,1
293,VALID,Trajet de Béthune vers Vienne,Béthune,Vienne,11
2503,INVALID,Mon ami vit à Colmar et moi à Vernon,Colmar,Vernon,19
471,VALID,Je cherche un train Elbeuf Amiens,Elbeuf,Amiens,14
3578,VALID,comment me rendre a dunkerque depuis bourges ?,Bourges,Dunkerque,3
893,VALID,Comment me rendre à Toulon depuis Vitré ?,Vitré,Toulon,3
3242,INVALID,Niort ou Manosque pour les vacances ?,Niort,Manosque,23
3176,INVALID,La distance entre Fontainebleau et Louviers,Fontainebleau,Louviers,20
1086,VALID,Un aller simple Pontoise Angoulême,Pontoise,Angoulême,10
1452,VALID,Je cherche un train Soissons Chalon-sur-Saône,Soissons,Chalon-sur-Saône,14
2678,INVALID,La distance entre Maubeuge et Gap,Maubeuge,Gap,20
489,VALID,Vendôme Orange pour demain,Vendôme,Orange,6
401,VALID,Comment me rendre à Le Mans depuis Bourg-en-Bresse ?,Bourg-en-Bresse,Le Mans,3
1210,VALID,Départ Béziers arrivée Dunkerque,Béziers,Dunkerque,15
1865,VALID,Je voudrais partir de Toulon pour aller à Béziers,Toulon,Béziers,9
2271,INVALID,J'habite à Bres,Brest,Nevers,17
3169,INVALID,Qellle est la population de Arras ?,Arras,Melun,22
1883,VALID,Strasbourg Reims pour demain,Strasbourg,Reims,6
1896,INVALID,saint-denis ou cambrai pour les vacances ?,Saint-Denis,Cambrai,23
3669,VALID,Je veux aller de Courbevoie a Saint-Nazaire,Courbevoie,Saint-Nazaire,1
629,VALID,Un billet Chinon Boulogne-Billancourt s'il vous plaît,Chinon,Boulogne-Billancourt,2
2487,INVALID,Quel temps fait-il à Abbeville ?,Abbeville,Montauban,16
2365,INVALID,J'habite à Pontarlier,Pontarlier,Lyon,17
504,VALID,Trajet de Cannes vers Pau,Cannes,Pau,11
913,VALID,Je cherche un train Manosque Niort,Manosque,Niort,14
3068,INVALID,Agen est une belle ville,Agen,Tarbes,18
285,VALID,Comment me rendre à Châlons-en-Champagne depuis Chambéry ?,Chambéry,Châlons-en-Champagne,3
2234,INVALID,Alençon est une belle ville,Alençon,Strasbourg,18
2828,INVALID,J'habite à Belfort,Belfort,Thonon-les-Bains,17
3092,INVALID,Colmar est une belle ville,Colmar,Florence,18
1412,VALID,Quels sont les horaires de train Blois Saint-Nazaire ?,Blois,Saint-Nazaire,8
3613,INVALID,le maire de manosque,Manosque,Avranches,24
1623,VALID,Prochain train pour Vannes depuis Aix-en-Provence,Aix-en-Provence,Vannes,13
3191,INVALID,Boulogne-Billancourt est une belle ville,Boulogne-Billancourt,Vienne,18
951,VALID,Je cherche un train Cergy Courbevoie,Cergy,Courbevoie,14
1011,VALID,Je souhaite voyager de Brest vers Elbeuf,Brest,Elbeuf,5
824,VALID,Je dois me rendre de Évreux à Le Havre,Évreux,Le Havre,7
2559,INVALID,Bonjour,Granville,Lannion,21
2461,INVALID,Restaurant à Carcaassonne,Carcassonne,Nanterre,25
1855,VALID,Abbeville Poitiers pour demain,Abbeville,Poitiers,6
2993,INVALID,Quel temps fait-il à Blois ?,Blois,Valenciennes,16
1688,VALID,Un billet Fougères Dieppe s'il vous plaît,Fougères,Dieppe,2
2468,INVALID,Le maire de Pontarlier,Pontarlier,Charleville-Mézières,24
1421,VALID,Y a-t-il des trains vers Pontivy au départ de Amboise ?,Amboise,Pontivy,4
3220,INVALID,Thonon-les-Bains ou Bolbec pour les vacances ?,Thonon-les-Bains,Bolbec,23
2918,INVALID,Bonjour,Berck,Chaumont,21
491,VALID,PProchain trai npourStrasbourgd epuiis  Bourges,Bourges,Strasbourg,13
2029,INVALID,chaumont ou antibes poru lesv acances ?,Chaumont,Antibes,23
3078,INVALID,Restaurant à Roddez,Rodez,Lannion,25
2983,INVALID,Quelle est la population de Fougères ?,Fougères,Dunkerque,22
3335,INVALID,Le maire de Nantes,Nantes,Avignon,24
1319,VALID,Y a-t-il des trains vers Dunkerque au départ de Compiègne ?,Compiègne,Dunkerque,4
2775,INVALID,Jh'abite à Belfort,Belfort,Vienne,17
3629,VALID,trajet de cherbourg vers etampes,Cherbourg,Étampes,11
1706,VALID,Je voudrais partir de Oyonnax pour aller à Saint-Quentin,Oyonnax,Saint-Quentin,9
464,VALID,Évreux Nice pour demain,Évreux,Nice,6
1647,VALID,Je voudrais partir de Saint-Quentin pour aller à Granville,Saint-Quentin,Granville,9
3054,INVALID,Mon ami vit à Vichy et moi à Évry,Vichy,Évry,19
597,VALID,Je voudrais  partir de Abertvile pou raller à Toul,Albertville,Toul,9
3828,VALID,Y a-t-il des trains vers Orleans au depart de Tours ?,Tours,Orléans,4
2835,INVALID,Restaurant à Cherburg ,Cherbourg,Le Puy-en-Velay,25
640,VALID,Un aller simple Le Mans Dunkerque,Le Mans,Dunkerque,10
600,VALID,Y a-t-il des trains vers Abbeville au départ de Lunéville ?,Lunéville,Abbeville,4
202,VALID,comment me rendre à roubaix depuis brest ?,Brest,Roubaix,3
2116,INVALID,La distance entre Saint-Denis et Fougères,Saint-Denis,Fougères,20
3038,INVALID,Le maire de Privas,Privas,Tourcoing,24
3547,VALID,je dois me rendre de argenteuil a evreux,Argenteuil,Évreux,7
960,VALID,Je voudrais partir de Verdun pour aller à Arles,Verdun,Arles,9
2865,INVALID,J'habite à Périgueux,Périgueux,Bolbec,17
2323,INVALID,Mno ami vit à Troyse et moi à Auch,Troyes,Auch,19
2917,INVALID,Antibes est une belle ville,Antibes,Poitiers,18
1789,VALID,Antibes Périgueux pour demain,Antibes,Périgueux,6
2654,INVALID,Le maire de Béthune,Béthune,Vierzon,24
677,VALID,Un billet Rouen Morlaix s'il vous plaît,Rouen,Morlaix,2
1879,VALID,Départ Paris arrivée Arles,Paris,Arles,15
1542,VALID,Comment me rendre à Le Puy-en-Velay depuis Avranches ?,Avranches,Le Puy-en-Velay,3
2275,INVALID,Pontarlier est une belle ville,Pontarlier,Morlaix,18
1246,VALID,Je dois me rendre de Montpellier à Argenteuil,Montpellier,Argenteuil,7
521,VALID,Je souhaite voyager de Bastia vers Ajaccio,Bastia,Ajaccio,5
1190,VALID,Départ Évreux arrivée Dole,Évreux,Dole,15
1194,VALID,Un billet Meaux Annemasse s'il vous plaît,Meaux,Annemasse,2
3021,INVALID,J'habite à Langres,Langres,Colmar,17
1188,VALID,Y a-t-il des trrains vers Tourciong aau départ de Lyon ?,Lyon,Tourcoing,4
1763,VALID,Je cherche un train Bourgoin-Jallieu Colmar,Bourgoin-Jallieu,Colmar,14
1032,VALID,Je pars de Bordeaux direction Oyonnax,Bordeaux,Oyonnax,12
3027,INVALID,Bonjour,Dunkerque,Aurillac,21
1322,VALID,Je dois me rendre de Verdun à Paris,Verdun,Paris,7
2291,INVALID,J'habite à Besançon,Besançon,Auray,17
158,VALID,un aller simple strasbourg lannion,Strasbourg,Lannion,10
3514,INVALID,quel temps fait-il a saint-malo ?,Saint-Malo,Albi,16
3731,VALID,Je dois me rendre de Colmar a Dunkerque,Colmar,Dunkerque,7
254,VALID,je souhaite voyager de concarneau vers poitiers,Concarneau,Poitiers,5
3115,INVALID,Quel temps fait-il à Loches ?,Loches,Saint-Brieuc,16
2363,INVALID,Morlaix est une belle ville,Morlaix,Boulogne-sur-Mer,18
2519,INVALID,Vernon ou Dinan pour les vacances ?,Vernon,Dinan,23
850,VALID,Je voudrais partir de Lille pour aller à Avranches,Lille,Avranches,9
1180,VALID,Je dois me rendre de Digne-les-Bains à Maubeuge,Digne-les-Bains,Maubeuge,7
2274,INVALID,Berck est une belle ville,Berck,Poitiers,18
320,VALID,Je dois me rendre de Paris à Antibes,Paris,Antibes,7
508,VALID,Je veux aller de Aix-en-Provence à Florence,Aix-en-Provence,Florence,1
1258,VALID,Trajet de Soissons vers Moulins,Soissons,Moulins,11
104,VALID,perpignan romans-sur-isère pour demain,Perpignan,Romans-sur-Isère,6
1756,VALID,Un billet Montpellier Auray s'il vous plaît,Montpellier,Auray,2
3551,VALID,quels sont les horaires de train evreux sens ?,Évreux,Sens,8
533,VALID,Comment me rendre à Rodez depuis Caen ?,Caen,Rodez,3
1620,VALID,Je voudrais partir de Toulouse pour aller à Reims,Toulouse,Reims,9
269,VALID,départ étampes arrivée chartres,Étampes,Chartres,15
425,VALID,Je dois me rendre de Hazebrouck à Nanterre,Hazebrouck,Nanterre,7
883,VALID,Montauban Saumur pour demain,Montauban,Saumur,6
3119,INVALID,La distance entre Aurillac et Chambéry,Aurillac,Chambéry,20
1844,VALID,Jep ars de Clisson direction Loudes ,Clisson,Lourdes,12
1212,VALID,Je veux aller de Saint-Dizier à Fécamp,Saint-Dizier,Fécamp,1
3417,INVALID,restaurant a amboise,Amboise,Chambéry,25
1031,VALID,Je pars de Ajaccio direction Cholet,Ajaccio,Cholet,12
2591,INVALID,Quelle est la population de Louviers ?,Louviers,Les Sables-d'Olonne,22
865,VALID,Prochain train pour Besançon depuis Saumur,Saumur,Besançon,13
2990,INVALID,Chartres est une belle ville,Chartres,Douai,18
3862,VALID,Je voudrais partir de Moulins pour aller a Arras,Moulins,Arras,9
2326,INVALID,Quel temps fait-il à Vitry-le-François ?,Vitry-le-François,Dieppe,16
1238,VALID,Je cherche un train Chinon Charleville-Mézières,Chinon,Charleville-Mézières,14
976,VALID,Quels sont les horaires de train Toul Dieppe ?,Toul,Dieppe,8
752,VALID,Y a-t-il des trains vesr Saint-Denis au déaprt de Beauvais ?,Beauvais,Saint-Denis,4
3843,VALID,Je voudrais partir de Strasbourg pour aller a Aix-en-Provence,Strasbourg,Aix-en-Provence,9
2977,INVALID,Quelle est la population de Maubeuge ?,Maubeuge,Nevers,22
1308,VALID,Un aller simple Albertville Épernay,Albertville,Épernay,10
3465,INVALID,restaurant a bastia,Bastia,Paris,25
2425,INVALID,Le maire de Béziers,Béziers,Châteaubriant,24
1917,INVALID,restaurant à tarbes,Tarbes,Aubenas,25
780,VALID,Rodez Châteauroux pour demain ,Rodez,Châteauroux,6
2800,INVALID,Le maire de Tours,Tours,Bolbec,24
2734,INVALID,Chinon set une belle ille,Chinon,Vendôme,18
482,VALID,Prochain train pour Aix-en-Provence depuis Berck,Berck,Aix-en-Provence,13
453,VALID,Un billet Carcassonne Béthune s'il vous plaît,Carcassonne,Béthune,2
185,VALID,je voudrais partir de port-boulet pour aller à le puy-en-velay,Port-Boulet,Le Puy-en-Velay,9
1932,INVALID,bonjour,Florence,Montivilliers,21
1423,VALID,Je veux aller de Montaubna à Strasbourg,Montauban,Strasbourg,1
147,VALID,y a-t-il des trains vers béthune au départ de saint-étienne ?,Saint-Étienne,Béthune,4
1068,VALID,Je souhaite voyager de Dieppe vers Granville,Dieppe,Granville,5
375,VALID,Un billet Berck Niort s'il vous plaît,Berck,Niort,2
1846,VALID,Quels sont les horaires de train Chaumont Auch ?,Chaumont,Auch,8
1848,VALID,Quels sont les horaires de train Argenteuil Poitiers ?,Argenteuil,Poitiers,8
2064,INVALID,quelle est la population de meaux ?,Meaux,Évreux,22
2065,INVALID,bolbec est une belle ville,Bolbec,Romans-sur-Isère,18
3799,VALID,Je souhaite voyager de Laon vers Melun,Laon,Melun,5
3685,INVALID,Mon ami vit a Fougeres et moi a Meaux,Fougères,Meaux,19
1685,VALID,Je cherche un train Angers Albertville,Angers,Albertville,14
1098,VALID,Je veux aller de Valecne à Saumur,Valence,Saumur,1
2899,INVALID,Le maire de Colmar,Colmar,Mende,24
1722,VALID,Béthune Tourcoing pour demain,Béthune,Tourcoing,6
1752,VALID,Comment me rendre à Privas depuis Niort ?,Niort,Privas,3
1586,VALID,Départ Orange arrivée Manosque,Orange,Manosque,15
1389,VALID,Un billet Bar-le-Duc Poitiers s'il vous plaît,Bar-le-Duc,Poitiers,2
1214,VALID,Fontenay-le-Comte Toul pour demain,Fontenay-le-Comte,Toul,6
2340,INVALID,Le maire de Montivilliers,Montivilliers,Modane,24
3374,INVALID,J'habite à Amiens,Amiens,Lisieux,17
602,VALID,Je voudrais partir de Saint-Omer pour aller à Montargis,Saint-Omer,Montargis,9
2821,INVALID,Granville ou Le Mans pour les vacances ?,Granville,Le Mans,23
2016,INVALID,bonjour,Bordeaux,Louviers,21
3108,INVALID,Quelle est la populatin de Cholet ?,Cholet,Valence,22
2889,INVALID,J'habite à Brest,Brest,Port-Boulet,17
3788,VALID,Je souhaite voyager de Beziers vers Melun,Béziers,Melun,5
3111,INVALID,Le maire de Lille,Lille,Fontainebleau,24
3308,INVALID,Quelle est la population de Poitiers ?,Poitiers,Beauvais,22
2698,INVALID,La distance entre Rennes et Villeurbanne,Rennes,Villeurbanne,20
3641,VALID,y a-t-il des trains vers saint-dizier au depart de cholet ?,Cholet,Saint-Dizier,4
44,VALID,je veux aller de étampes à manosque,Étampes,Manosque,1
1742,VALID,Y a-t-il des trains vers Avignon au départ de Lyon ?,Lyon,Avignon,4
2868,INVALID,La distance entre Aix-les-Bains et Rennes,Aix-les-Bains,Rennes,20
2976,INVALID,Quelle est la population de Paris ?,Paris,Quimper,22
2060,INVALID,quellle est la population de albi ?,Albi,Orange,22
3177,INVALID,Pontarlier ou Roubaix pour les vacances ?,Pontarlier,Roubaix,23
1202,VALID,Je cherche un train Clisson Boulogne-Billancourt,Clisson,Boulogne-Billancourt,14
2177,INVALID,La distance entre Albert et Bar-le-Duc,Albert,Bar-le-Duc,20
3164,INVALID,Le maire de Lourdes,Lourdes,Rodez,24
3165,INVALID,J'habite à Louviers,Louviers,Modane,17
742,VALID,Je pars de Albi direction Challans,Albi,Challans,12
2663,INVALID,Bonjour,Toulouse,Avranches,21
3754,VALID,Je dois me rendre de Lourdes a Chinon,Lourdes,Chinon,7
2495,INVALID,Épernay est une belle ville,Épernay,Orléans,18
741,VALID,Je cherche un train Châlons-en-Champagne Quimper,Châlons-en-Champagne,Quimper,14
2094,INVALID,mon ami vit à créteil et moi à lunéville,Créteil,Lunéville,19
977,VALID,Je pars de Bastia direction Oyonnax,Bastia,Oyonnax,12
3889,VALID,Quels sont les horaires de train Chambery Clisson ?,Chambéry,Clisson,8
209,VALID,comment me rendre à mulhouse depuis fécamp ?,Fécamp,Mulhouse,3
3880,VALID,Trajet de Dinan vers Nancy,Dinan,Nancy,11
206,VALID,un aller simple montauban mâcon,Montauban,Mâcon,10
2955,INVALID,La distance entre Orange et Annecy,Orange,Annecy,20
892,VALID,Un billet Béthune Toulon s'il vous plaît,Béthune,Toulon,2
2153,INVALID,J'habite à Colmar,Colmar,Angers,17
2257,INVALID,Le maire de Le Puy-en-Velay,Le Puy-en-Velay,Cholet,24
2814,INVALID,Quelle est la population de Évry ?,Évry,Hazebrouck,22
1155,VALID, Je cherche un train Mraseillle Colmar,Marseille,Colmar,14
3293,INVALID,J'habite à Montauban,Montauban,Hazebrouck,17
580,VALID,Y a-t-il des trains vers Concarneau au départ de Segré ?,Segré,Concarneau,4
3476,VALID,je dois me rendre de agen a dinan,Agen,Dinan,7
1310,VALID,Commetn me rendre à Épernay depuis Mulhousse ?,Mulhouse,Épernay,3
1606,VALID,Je veux aller de Lyon à Paris,Lyon,Paris,1
2540,INVALID,J'habite à Le Mans,Le Mans,Châteauroux,17
1525,VALID,Un billet Dinan Nancy s'il vous plaît,Dinan,Nancy,2
1870,VALID,Un aller simple Grenoble Albi,Grenoble,Albi,10
3343,INVALID,Quel temps fait-il à Montargis ?,Montargis,Bastia,16
3378,INVALID,Bonjour,Fécamp,Nevers,21
2162,INVALID,J'habite à Compiègne,Compiègne,Segré,17
3016,INVALID,Aurillac ou Fécamp pour les vacances ?,Aurillac,Fécamp,23
737,VALID,Départ Melun arrivée Tarbes,Melun,Tarbes,15
2047,INVALID,le maire de aiens,Amiens,Blois,24
1920,INVALID,la distance entre rennes et dijon,Rennes,Dijon,20
3160,INVALID,Quel temps fait-il à Douai ?,Douai,Orléans,16
936,VALID,Je cherche un train Provins Vannes,Provins,Vannes,14
3817,INVALID,Le maire de Lorient,Lorient,Saint-Malo,24
1320,VALID,Je veux aller de Lyon à Brest,Lyon,Brest,1
2527,INVALID,La distance entre Vierzon et Reims,Vierzon,Reims,20
1454,VALID,Je pars de Vierzon direction Évreux,Vierzon,Évreux,12
889,VALID,Quels sont les horaires de train Chambéry Saint-Denis ?,Chambéry,Saint-Denis,8
404,VALID,Quels sont les horaires de train Montpellier Saumur ?,Montpellier,Saumur,8
1876,VALID,Un billet Compiègne Boulogne-Billancourt s'il vous plaît,Compiègne,Boulogne-Billancourt,2
1720,VALID,Je dois me rendre de Digne-les-Bains à Chinon,Digne-les-Bains,Chinon,7
1864,VALID,Je dosi me rendre de Saumur à Troyyes,Saumur,Troyes,7
2443,INVALID,Quelle est la population de Valenciennes ?,Valenciennes,Aubenas,22
2426,INVALID,Quel temps fait-il à Cergy ?,Cergy,La Rochelle,16
3499,INVALID,clermont-ferrand est une belle ville,Clermont-Ferrand,Albertville,18
2347,INVALID,J'habite à Nîmes,Nîmes,Montauban,17
527,VALID,Je pars de Vienne direction Loches,Vienne,Loches,12
155,VALID,compiègne vitry-le-françois pour demain,Compiègne,Vitry-le-François,6
131,VALID,je veux aller de nanterre à ancenis,Nanterre,Ancenis,1
1921,INVALID,j'habite à orange,Orange,Clisson,17
2795,INVALID,Quel temps fait-il à Rodez ?,Rodez,Privas,16
3766,VALID,Depart Poitiers arrivee Mulhouse,Poitiers,Mulhouse,15
1518,VALID,Un billet Saint-Naazaire Lyon s'il vous plaît,Saint-Nazaire,Lyon,2
3726,INVALID,La distance entre Bethune et Albi,Béthune,Albi,20
1880,VALID,Je voudrais partir de Vendôme pour allr à Thononn-les-Bains,Vendôme,Thonon-les-Bains,9
2824,INVALID,Quelle est la population de Cannes ?,Cannes,Montbéliard,22
2493,INVALID,Chinon est une belle ville,Chinon,Clermont-Ferrand,18
2856,INVALID,La distance entre Le Havre et Brest,Le Havre,Brest,20
1728,VALID,Compiègne Bordeaux pour demain,Compiègne,Bordeaux,6
3348,INVALID,Le maire de Étampes,Étampes,Sens,24
782,VALID,Y a-t-il des trains vers Bayonne au départ de Avignon ?,Avignon,Bayonne,4
369,VALID,Je cherche un train Avranches Vesoul,Avranches,Vesoul,14
1127,VALID,Un aller simple Chinon Cherbourg,Chinon,Cherbourg,10
604,VALID,Trajet de Carcassonne vers Avranches,Carcassonne,Avranches,11
1273,VALID,Je pars de Perpignan direction Vesoul,Perpignan,Vesoul,12
2278,INVALID,Avranches ou Saint-Omer pour les vacances ?,Avranches,Saint-Omer,23
3881,VALID,Commnt me rendre a Beziers deppuiss Rennes ?,Rennes,Béziers,3
2635,INVALID,Le maire de Segré,Segré,Amboise,24
725,VALID,Je dois me rendre de Albert à Cergy,Albert,Cergy,7
2430,INVALID,J'habite à Toul,Toul,Modane,17
252,VALID,comment me rendre à granville depuis saint-dizier ?,Saint-Dizier,Granville,3
1998,INVALID,bonjour,Créteil,Arras,21
2249,INVALID,Quelle est la population de Valence ?,Valence,Avranches,22
1337,VALID,Y a-t-il des trains vers Ancenis au départ de Vesoul ?,Vesoul,Ancenis,4
215,VALID,un aller simple troyes berck,Troyes,Berck,10
3612,VALID,prochain train pour cannes depuis dunkerque,Dunkerque,Cannes,13
3480,INVALID,mon ami vit a montreuil et moi a saint-brieuc,Montreuil,Saint-Brieuc,19
433,VALID,Départ Versailles arrivée Blois,Versailles,Blois,15
1366,VALID,Unb illet Bourgoinn-Jallieu Hazebrouck s'il voous plaît,Bourgoin-Jallieu,Hazebrouck,2
203,VALID,prochain train pour meaux depuis nancy,Nancy,Meaux,13
2515,INVALID,Quelle est la population de Créteil ?,Créteil,Lorient,22
1229,VALID,Je pars de Épernay direction Saint-Malo,Épernay,Saint-Malo,12
2321,INVALID,Bonjour,Saint-Denis,Mende,21
2313,INVALID,La distance entre Niort et Biarritz,Niort,Biarritz,20
2005,INVALID,quelle est la population de saint-étienne ?,Saint-Étienne,Poitiers,22
1021,VALID,Je cherche un train Épernay Dieppe,Épernay,Dieppe,14
704,VALID,Un billet Bastia Carcassonne s'il vous plaît,Bastia,Carcassonne,2
1000,VALID,Un aller simple Ancenis Paris,Ancenis,Paris,10
3872,VALID,Comment me rendre a Bar-le-Duc depuis Romans-sur-Isere ?,Romans-sur-Isère,Bar-le-Duc,3
2157,INVALID,Quelle est la population de Toulouse ?,Toulouse,Bolbec,22
96,VALID,un aller simple cholet étampes,Cholet,Étampes,10
2667,INVALID,La distance entre Meaux et Lisieux,Meaux,Lisieux,20
1250,VALID,Je veux aller de Valenciennes à Paris,Valenciennes,Paris,1
1326,VALID,Je dois me rendre de Fécamp à Lyon,Fécamp,Lyon,7
2134,INVALID,L maier de Saint-Denis,Saint-Denis,Bourg-en-Bresse,24
1435,VALID,Nantes Évreux pour demain,Nantes,Évreux,6
3823,VALID,Depart Aix-en-Provence arrivee Fontainebleau,Aix-en-Provence,Fontainebleau,15
1775,VALID,Départ Vichy arrivée Avranches,Vichy,Avranches,15
448,VALID,Je voudrais partir de Lille pour aller à Les Sables-d'Olonne,Lille,Les Sables-d'Olonne,9
3494,VALID,trajet de moulins vers epernay,Moulins,Épernay,11
1511,VALID,Je veux aller de Blois à Épernay,Blois,Épernay,1
54,VALID,le havre vienne pour demain,Le Havre,Vienne,6
3855,VALID,Je veux aller de Toulon a Vernon,Toulon,Vernon,1
3590,VALID,comment me rendre a lons-le-saunier depuis cambrai ?,Cambrai,Lons-le-Saunier,3
2383,INVALID,Mon ami vit à La Rochelle et moi à Paris,La Rochelle,Paris,19
280,VALID,prochain train pour chaumont depuis vesoul,Vesoul,Chaumont,13
820,VALID,Comment me rendre à Lannion depuis Roubaix ?,Roubaix,Lannion,3
2782,INVALID,Restaurant à Alençon,Alençon,Caen,25
270,VALID,départ moulins arrivée toulouse,Moulins,Toulouse,15
3221,INVALID,Restaurant à Moulins,Moulins,Ajaccio,25
1029,VALID,Je voudrais partir de Saint-Omer pour aller à Roubaix,Saint-Omer,Roubaix,9
3360,INVALID,Béthune est une belle ville,Béthune,Oyonnax,18
2441,INVALID,Le maire de Biarritz,Biarritz,Laval,24
3214,INVALID,Saint-Quentin est une belle ville,Saint-Quentin,Strasbourg,18
618,VALID,Limoges Quimper pour demain,Limoges,Quimper,6
1793,VALID,Je dois me rendre de Paris à Châteaubriant,Paris,Châteaubriant,7
1537,VALID,Albertville Louviers pour demain,Albertville,Louviers,6
3901,VALID,Perpignan Verdun pour demain,Perpignan,Verdun,6
560,VALID,Je veux aller de Albert à Louviers,Albert,Louviers,1
692,VALID,Boulogne-sur-Mer Douai pour demain,Boulogne-sur-Mer,Douai,6
2632,INVALID,Le maire de Périgueux,Périgueux,Cambrai,24
3385,INVALID,Bonjour,Cherbourg,Lisieux,21
1958,INVALID,le maire de reims,Reims,Vienne,24
3117,INVALID,J'habite à Metz,Metz,Étampes,17
1624,VALID,Je dois me rendre de Nanterre àà Chhâteaurou,Nanterre,Châteauroux,7
1426,VALID,Un aller simple Gap Toulon,Gap,Toulon,10
3485,INVALID,quelle est la population de arras ?,Arras,Angoulême,22
2819,INVALID,Dieppe est une belle ville,Dieppe,Nanterre,18
1112,VALID,Je souhaite voyager de Albert vers Perpignan,Albert,Perpignan,5
3367,INVALID,La distance entre Bayonne et Montivilliers,Bayonne,Montivilliers,20
301,VALID,Je voudrais partir de Cambrai pour aller à Moulins,Cambrai,Moulins,9
3832,VALID,Oyonnax Dijon pour demain,Oyonnax,Dijon,6
2494,INVALID,Bonjour,Bordeaux,Briançon,21
2594,INVALID,Sens ou Boulogne-sur-Mer pour les vacances ?,Sens,Boulogne-sur-Mer,23
1088,VALID,Un aller simple Laon Saint-Malo,Laon,Saint-Malo,10
2228,INVALID,La distance entre Ancenis et Rodez,Ancenis,Rodez,20
80,VALID,un aller simple dinan privas,Dinan,Privas,10
846,VALID,Trajet de Épernay vers Saint-Omer,Épernay,Saint-Omer,11
3086,INVALID,Bonjour,Vernon,Troyes,21
2464,INVALID,Bonjour,Vienne,Agen,21
58,VALID,comment me rendre à antibes depuis concarneau ?,Concarneau,Antibes,3
2883,INVALID,Compièggne est une belle ville,Compiègne,Chinon,18
221,VALID,je voudrais partir de arras pour aller à aix-les-bains,Arras,Aix-les-Bains,9
1928,INVALID,lannion est une belle ville,Lannion,Dieppe,18
3758,VALID,Prochain train pour Saint-Etienne depuis Saint-Malo,Saint-Malo,Saint-Étienne,13
1689,VALID,Je pars de Yvetot direction Maubeuge,Yvetot,Maubeuge,12
2000,INVALID,le maiire de châteariant,Châteaubriant,Mâcon,24
1803,VALID,Je souhaite voyager de Arras vers Évry,Arras,Évry,5
3481,INVALID,le maire de aubenas,Aubenas,Digne-les-Bains,24
1670,VALID,Je cherche un train Ajaccio Courbevoie,Ajaccio,Courbevoie,14
2469,INVALID,J'habite à Concarneau,Concarneau,Périgueux,17
1548,VALID,Départ Vernon arrivée Nanterre,Vernon,Nanterre,15
484,VALID,Trajet de Charleville-Mézières vers Albert,Charleville-Mézières,Albert,11
410,VALID,Je cherche un train Amiens Montreuil,Amiens,Montreuil,14
2866,INVALID,Quel ttempsf ait-il à Villleurbanne ?,Villeurbanne,Modane,16
3283,INVALID,Quelle est la population de Paris ?,Paris,Évreux,22
2253,INVALID,Alençon ou Béziers pour les vacances ?,Alençon,Béziers,23
86,VALID,je pars de albi direction melun,Albi,Melun,12
1733,VALID,Charleville-Mézières Berck pour demain,Charleville-Mézières,Berck,6
358,VALID,Je dois me rendre de Alençon à Montpellier,Alençon,Montpellier,7
3287,INVALID,La distance entre Privas et Lisieux,Privas,Lisieux,20
1159,VALID,Évreux Digne-les-Baains pour demani,Évreux,Digne-les-Bains,6
3168,INVALID,Restaurant à Berck,Berck,Toulouse,25
826,VALID,Albertville Villeurbanne pour demain,Albertville,Villeurbanne,6
1587,VALID,Je veux aller de Montélimar à Bar-le-Duc,Montélimar,Bar-le-Duc,1
3655,INVALID,J'habite a Limoges,Limoges,Lons-le-Saunier,17
2067,INVALID,bonjour,Châlons-en-Champagne,Reims,21
1608,VALID,Je voudrais partir de Aix-les-Bains pour aller à Provins,Aix-les-Bains,Provins,9
1360,VALID,Je voudrais partir de Montbéliard pour aller à Concarneau,Montbéliard,Concarneau,9
1285,VALID,Je veux aller de Angoulême à Dole,Angoulême,Dole,1
247,VALID,un billet saint-quentin aix-les-bains s'il vous plaît,Saint-Quentin,Aix-les-Bains,2
105,VALID,rpcohai ntrain pour ancenis ddepuis soissons,Soissons,Ancenis,13
2759,INVALID,Mon ami vit à Dieppe et moi à Bourges,Dieppe,Bourges,19
4,VALID,départ cherbourg arrivée abbeville,Cherbourg,Abbeville,15
2242,INVALID,Mon ami vit à Blois et moi à Chambéry,Blois,Chambéry,19
1592,VALID,Je pars de Albertville direction Laon,Albertville,Laon,12
3382,INVALID,Bonjour,Bolbec,Fontainebleau,21
426,VALID,Un billet Carcassonne Villeurbanne s'il vous plaît,Carcassonne,Villeurbanne,2
2740,INVALID,Le maire de Dunkerque,Dunkerque,Chalon-sur-Saône,24
3445,VALID,trajet de fontainebleau vers vendome,Fontainebleau,Vendôme,11
3515,INVALID,la distance entre metz et nice,Metz,Nice,20
3344,INVALID,Quel temps fait-il à Épernay ?,Épernay,Vierzon,16
17,VALID,un billet fontenay-le-comte digne-les-bains s'il vous plaît,Fontenay-le-Comte,Digne-les-Bains,2
2499,INVALID,Bonjour,Châteauroux,Vienne,21
1153,VALID,Un billet Yvetot Aix-en-Provence s'il vous plaît,Yvetot,Aix-en-Provence,2
516,VALID,Je dois me rendre de Auch à Romans-sur-Isère,Auch,Romans-sur-Isère,7
866,VALID,Je dois me rendre de Étampes à Béziers,Étampes,Béziers,7
663,VALID,Y a-t-il des trains vers Nantes au départ de Langres ?,Langres,Nantes,4
3785,VALID,Je voudrais partir de Auch pour aller a Vitre,Auch,Vitré,9
419,VALID,Un aller simple Verddun Caen ,Verdun,Caen,10
1890,INVALID,châteauroux ou compiège pourr les vacancs ?,Châteauroux,Compiègne,23
1935,INVALID,quel temps fait-il à modane ?,Modane,Tarbes,16
661,VALID,Un billet Annemasse Vienne s'il vous plaît,Annemasse,Vienne,2
83,VALID,je voudrais partir de châteaubriant pour aller à douai,Châteaubriant,Douai,9
1343,VALID,Je veux aller de Albi à Cholet,Albi,Cholet,1
648,VALID,Je cherche un train Béziers Lyon,Béziers,Lyon,14
1201,VALID,Y a-t-il des trains vers Orange au départ de Courbevoie ?,Courbevoie,Orange,4
23,VALID,trajet de nanterre vers rennes,Nanterre,Rennes,11
2166,INVALID,Vierzon ou Paris pour les vacances ?,Vierzon,Paris,23
3644,INVALID,le maire de bourges,Bourges,Chalon-sur-Saône,24
3146,INVALID,Quelle est la population de Épernay ?,Épernay,Briançon,22
2766,INVALID,J'habite à Verdun,Verdun,Bar-le-Duc,17
3535,INVALID,quelle est la population de aix-en-provence ?,Aix-en-Provence,Orléans,22
2518,INVALID,Bonjour,Arras,Clisson,21
1514,VALID,Je cherche un train Metz Paris,Metz,Paris,14
587,VALID,Un ibllet Concraneau Bastia s'il vous plaît,Concarneau,Bastia,2
2396,INVALID,Strasbourg ou Dunkerque pour les vacances ?,Strasbourg,Dunkerque,23
275,VALID,je cherche un train manosque cergy,Manosque,Cergy,14
3198,INVALID,La distance entre Reims et Romans-sur-Isère,Reims,Romans-sur-Isère,20
123,VALID,je cherche un train charleville-mézières ancenis,Charleville-Mézières,Ancenis,14
1417,VALID,Auch Cherbourg opur demain,Auch,Cherbourg,6
2463,INVALID,Quel temps fait-il à Arras ?,Arras,Metz,16
1622,VALID,Un aller simple Bastia Moulins,Bastia,Moulins,10
3838,INVALID,J'habite a Modane,Modane,Oyonnax,17
132,VALID,y a-t-il des trains vers reims au départ de ancenis ?,Ancenis,Reims,4
241,VALID,y a-t-il des trains vers chambéry au départ de angoulême ?,Angoulême,Chambéry,4
1158,VALID,Je dois me rendre de Dinan à Nevers,Dinan,Nevers,7
1562,VALID,Comment me rendre à Créteil depuis Annecy ?,Annecy,Créteil,3
3511,VALID,je souhaite voyager de toulouse vers pontoise,Toulouse,Pontoise,5
189,VALID,un aller simple courbevoie le havre,Courbevoie,Le Havre,10
2820,INVALID,Louviers est une belle ville,Louviers,Concarneau,18
1334,VALID,Comment me rendre à Soissons depuis Lorient ?,Lorient,Soissons,3
1390,VALID,Je dois me rendre de Florence à Cergy,Florence,Cergy,7
2039,INVALID,j'habite à nevers,Nevers,Strasbourg,17
31,VALID,trajet de vierzon vers pontivy,Vierzon,Pontivy,11
3755,VALID,Trajet de Epinal vers Mende,Épinal,Mende,11
3079,INVALID,La distance entre Vitré et Florence,Vitré,Florence,20
623,VALID,Verdun Hazebrouck pour demain,Verdun,Hazebrouck,6
2677,INVALID,La distance entre Chinon et Provins,Chinon,Provins,20
492,VALID,Je pars de Modane direction Saint-Denis,Modane,Saint-Denis,12
3455,INVALID,quel temps fait-il a montelimar ?,Montélimar,Saumur,16
1972,INVALID,j'habite à carcassonne,Carcassonne,Metz,17
901,VALID,Départ Montivilliers arrivée Besançon,Montivilliers,Besançon,15
1912,INVALID,la rochelle est une belle ville,La Rochelle,Colmar,18
2921,INVALID,Dijon est une belle ville,Dijon,Elbeuf,18
183,VALID,je voudrais partir de saint-étienne pour aller à avranches,Saint-Étienne,Avranches,9
3272,INVALID,La distance entre Annecy et Caen,Annecy,Caen,20
1295,VALID,Départ Tourcoing arrivée Antibes,Tourcoing,Antibes,15
3246,INVALID,Le maire de Lille,Lille,Angoulême,24
284,VALID,Reims Ancenis pour demain,Reims,Ancenis,6
2280,INVALID,J'habite à Poitiers,Poitiers,Aubenas,17
3820,INVALID,Bonjour,Bolbec,Vannes,21
2601,INVALID,Bonjour,Meaux,Albertville,21
986,VALID,Comment me rendre à Auray depuis Saint-Brieuc ?,Saint-Brieuc,Auray,3
854,VALID,Je dois me rendre de Tourcoing à Épernay,Tourcoing,Épernay,7
1315,VALID,Comment me rendre à Orange depuis Nanterre ?,Nanterre,Orange,3
2774,INVALID,Aix-en-Provence ou Troyes pour les vacances ?,Aix-en-Provence,Troyes,23
3208,INVALID,Quelle est la population de Bastia ?,Bastia,Carcassonne,22
2639,INVALID,J'habite à Angoulême,Angoulême,Vitry-le-François,17
653,VALID,Je veux aller de Nevers à Segré,Nevers,Segré,1
1886,VALID,Départ Toulon arrivée Abbeville,Toulon,Abbeville,15
349,VALID,Un aller simple Angoulême Lorient,Angoulême,Lorient,10
3045,INVALID,Le maire de Berck,Berck,Nancy,24
93,VALID,je cherche un train fécamp dole,Fécamp,Dole,14
1463,VALID,Je pars de Provins direction Beauvais,Provins,Beauvais,12
769,VALID,Je souhaite voyager de Arles vers Pontoise,Arles,Pontoise,5
2101,INVALID,restaurant à vesoul,Vesoul,Chambéry,25
1466,VALID,Quels sont les horaires de train Vesoul Chaumont ?,Vesoul,Chaumont,8
3849,VALID,Dole Lannion pour demain,Dole,Lannion,6
245,VALID,prochain train pour saumur depuis lens,Lens,Saumur,13
731,VALID,Trajet de Lannion vers Chartres,Lannion,Chartres,11
1396,VALID,Trajet de Montélimar vers Diepp,Montélimar,Dieppe,11
337,VALID,Je souhaite voyager de Bourges vers Nancy,Bourges,Nancy,5
2567,INVALID,Quel temps fait-il à Elbeuf ?,Elbeuf,Bastia,16
250,VALID,y a-t-il des trains vers ancenis au départ de berck ?,Berck,Ancenis,4
1771,VALID,Je pars de Amiens direction Beauvais,Amiens,Beauvais,12
642,VALID,Un billet Avignon Avranches s'il vous plaît,Avignon,Avranches,2
639,VALID,Y a-t-il des trains vers Toulon au départ de Laval ?,Laval,Toulon,4
841,VALID,Je dois me rendre de Nancy à Mulhouse,Nancy,Mulhouse,7
3232,INVALID,Mon ami vit à Besançon et moi à Modane,Besançon,Modane,19
267,VALID,je voudrais partir de rennes pour aller à les sables-d'olonne,Rennes,Les Sables-d'Olonne,9
3228,INVALID,Annemasse ou Moulins pour les vacances ?,Annemasse,Moulins,23
957,VALID,Je voudrais partir de Saint-Brieuc pour aller à Orléans,Saint-Brieuc,Orléans,9
2521,INVALID,J'habite à Compiègne,Compiègne,Orléans,17
949,VALID,Je veux aller de Nice à Abbeville,Nice,Abbeville,1
2105,INVALID,le maire de concarneau,Concarneau,Roubaix,24
1545,VALID,Départ Évry arrivée Orange,Évry,Orange,15
340,VALID,Je parss de Grenoble direction Agen,Grenoble,Agen,12
240,VALID,un aller simple yvetot béthune,Yvetot,Béthune,10
3749,VALID,Je dois me rendre de Saint-Quentin a Aix-en-Provence,Saint-Quentin,Aix-en-Provence,7
1924,INVALID,bonjour,Moulins,Le Puy-en-Velay,21
2353,INVALID,Quel temps fait-il à Caen ?,Caen,Lannion,16
3121,INVALID,Bonjour,Nanterre,Aubenas,21
1043,VALID,Melun Albi pour demain,Melun,Albi,6
1933,INVALID,le maire de grenoble,Grenoble,Mende,24
1317,VALID,Un aller simple Bourg-en-Bresse Vesoul,Bourg-en-Bresse,Vesoul,10
3134,INVALID,Le maire de Nîmes,Nîmes,Segré,24
3523,INVALID,le maire de montpellier,Montpellier,Antibes,24
354,VALID,Un billet Mende Évreux s'il vous plaît,Mende,Évreux,2
3095,INVALID,J'habite à Meaux,Meaux,Courbevoie,17
1144,VALID,Je souhaite voyager de Béziers vers Montreuil,Béziers,Montreuil,5
2943,INVALID,Vitré est une belle ville,Vitré,Argenteuil,18
1383,VALID,Je voudrais partir de Fontenay-le-Comte pour aller à Nevers,Fontenay-le-Comte,Nevers,9
502,VALID,Je pars de Nanterre direction Lyon,Nanterre,Lyon,12
2434,INVALID,Le maire de Lourdes,Lourdes,Charleville-Mézières,24
1080,VALID,Je pars de Tours direction Bourg-en-Bresse,Tours,Bourg-en-Bresse,12
665,VALID,Pontarlier Lannion pour demain,Pontarlier,Lannion,6
1316,VALID,Je veux aller de Moulins à Châteaubriant,Moulins,Châteaubriant,1
2704,INVALID,Troyes ou Cholet pour les vacances ?,Troyes,Cholet,23
1262,VALID,Quels sont les horaires de train Mende Aix-en-Provence ?,Mende,Aix-en-Provence,8
517,VALID,Un billet Concarneau Valence s'il vous plaît,Concarneau,Valence,2
403,VALID,Trajet de Saint-Denis vers Diann,Saint-Denis,Dinan,11
1735,VALID,Je voudrais partir de Créteil pour aller à Soissons,Créteil,Soissons,9
875,VALID,Un billet Saint-Dizier Le Mans s'il vous plaît,Saint-Dizier,Le Mans,2
1703,VALID,Quels sont les horaires de train Calais Privas ?,Calais,Privas,8
3342,INVALID,Albert est une belle ville,Albert,Arras,18
3028,INVALID,Louviers est une belle ville,Louviers,Orléans,18
947,VALID,Prochain train pour Le Havre depuis Auray,Auray,Le Havre,13
3699,INVALID,Quel temps fait-il a Saumur ?,Saumur,Dunkerque,16
2288,INVALID,Bonjour,Saint-Omer,Chartres,21
2188,INVALID,Bonjour,Le Havre,Mende,21
496,VALID,Y a-t-il des trains vers Toulon au départ de Saint-Malo ?,Saint-Malo,Toulon,4
939,VALID,Je cherche un train Morlaix Louviierrs,Morlaix,Louviers,14
987,VALID,Je cherche un train Aubenas Elbeuf,Aubenas,Elbeuf,14
3622,VALID,je pars  dea rras direction lns,Arras,Lens,12
3805,INVALID,Le maire de Lons-le-Saunier,Lons-le-Saunier,Auray,24
1677,VALID,Prochain train pour Roubaix depuis Valence,Valence,Roubaix,13
1231,VALID,Un aller simple Alençon Clisson,Alençon,Clisson,10
1168,VALID,Un billet Brest Ancenis s'il vous plaît,Brest,Ancenis,2
2086,INVALID,mon ami vit à versailles et moi à aubenas,Versailles,Aubenas,19
2577,INVALID,Beauvais est une belle ville,Beauvais,Tarbes,18
509,VALID,Je cherche un train Rodez Béthune,Rodez,Béthune,14
2422,INVALID,Toulouse ou Évry pour les vacances ?,Toulouse,Évry,23
638,VALID,Je pars de Fougères direction Pontarlier,Fougères,Pontarlier,12
552,VALID,Je pars de Béthune direction Manosque,Béthune,Manosque,12
3359,INVALID,Quel temps fait-il à Boulogne-Billancourt ?,Boulogne-Billancourt,Belfort,16
1851,VALID,Je dois me rendre de Auxerre à Bourg-en-Bresse,Auxerre,Bourg-en-Bresse,7
1027,VALID,Y a-t-il des trains vers Montpellier au départ de Grenoble ?,Grenoble,Montpellier,4
192,VALID,je pars de quimper direction rennes,Quimper,Rennes,12
1178,VALID,Trajet de Toulon vers Périgueux,Toulon,Périgueux,11
1436,VALID,Je pars de Strasbourg direction Niort,Strasbourg,Niort,12
555,VALID,Trajet de Dole vers Angers,Dole,Angers,11
3036,INVALID,Bonjour,Oyonnax,Boulogne-Billancourt,21
3568,INVALID,la distance entre albertville et nancy,Albertville,Nancy,20
1563,VALID,Comment me rendre à Lille depuis Charleville-Mézières ?,Charleville-Mézières,Lille,3
2850,INVALID,Quelle est la population de Charleville-Mézières ?,Charleville-Mézières,Châteaubriant,22
3064,INVALID,Le maire de Toul,Toul,Caen,24
456,VALID,Porchain train pour Carcassonne edpuis Cherbourg,Cherbourg,Carcassonne,13
3334,INVALID,Bonjour,Bastia,Toul,21
1632,VALID,Limoges Dieppe pour demain,Limoges,Dieppe,6
871,VALID,Trajet de Verdun vers Arles,Verdun,Arles,11
2109,INVALID,avignon est une belle ville,Avignon,Loches,18
1534,VALID,Loches Aix-les-Bains pour demain,Loches,Aix-les-Bains,6
3301,INVALID,Restaurant à Morlaix,Morlaix,Saint-Omer,25
1600,VALID,Je cherche un tain Beauvais Albetrville,Beauvais,Albertville,14
3398,INVALID,la distance entre fontenay-le-comte et chambery,Fontenay-le-Comte,Chambéry,20
1721,VALID,Je voudrais partir de Argenteuil pour aller à Loches,Argenteuil,Loches,9
2258,INVALID,La distance entre Lons-le-Saunier et Évreux,Lons-le-Saunier,Évreux,20
2777,INVALID,Mon ami vit à Lens et moi à Louviers,Lens,Louviers,19
1254,VALID,Comment me rendre à Vendôme depuis Grenoble ?,Grenoble,Vendôme,3
178,VALID,comment me rendre à dunkerque depuis saint-omer ?,Saint-Omer,Dunkerque,3
3796,INVALID,Le maire de Rouen,Rouen,Saint-Dizier,24
473,VALID,Auxerre Carcassonne pour demain,Auxerre,Carcassonne,6
498,VALID,Un aller simple Dole Saumur,Dole,Saumur,10
817,VALID,Y a-t-il des trains vers Saint-Omer au départ de Metz ?,Metz,Saint-Omer,4
1891,INVALID,bonjour,Vendôme,Aubenas,21
434,VALID,Je cherche un train Niort Poitiers,Niort,Poitiers,14
3853,INVALID,Quel temps fait-il a Evry ?,Évry,Lens,16
1243,VALID,Quels sont les horaires de train Chaumont Digne-les-Bains ?,Chaumont,Digne-les-Bains,8
3439,VALID,je souhaite voyager de orleans vers epinal,Orléans,Épinal,5
3539,INVALID,la distance entre evreux et perigueux,Évreux,Périgueux,20
3500,VALID,prochain train pour dole depuis chaumont,Chaumont,Dole,13
801,VALID,Je veux aller de Lunéville à Pontivy,Lunéville,Pontivy,1
3380,INVALID,La distance entre Tours et Épinal,Tours,Épinal,20
3088,INVALID,Le maire de Évreux,Évreux,Lourdes,24
1581,VALID,Je dois me rendre de Pau à Amboise,Pau,Amboise,7
1294,VALID,Quels sont les horaires de train Dole Briançon ?,Dole,Briançon,8
1946,INVALID,challans est une belle ville,Challans,Pontivy,18
3234,INVALID,Restaurant à Concarneau,Concarneau,Nancy,25
415,VALID,Comment me rendre à Auxerre depuis Briançon ?,Briançon,Auxerre,3
3104,INVALID,Mon ami vit à Dole et moi à Niort,Dole,Niort,19
1867,VALID,Comment me rendre à Manosque depuis Besançon ?,Besançon,Manosque,3
1873,VALID,Je pars de Saint-Dizier direction Vierzon,Saint-Dizier,Vierzon,12
691,VALID,Je voudrais partir de Modane pour aller à Bordeaux,Modane,Bordeaux,9
2338,INVALID,Saint-Étienne ou Chaumont pour les vacances ?,Saint-Étienne,Chaumont,23
3679,VALID,Depart Port-Boulet arrivee Saint-Denis,Port-Boulet,Saint-Denis,15
2747,INVALID,Bonjour,Pontarlier,Poitiers,21
1634,VALID,Trajet de Étampes vers Yvetot,Étampes,Yvetot,11
3493,VALID,je veux aller de yvetot a bolbec,Yvetot,Bolbec,1
1725,VALID,Prochain train pour Dieppe depuis Clisson,Clisson,Dieppe,13
1500,VALID,Je pars de Amiens direction Lens,Amiens,Lens,12
3518,INVALID,bonjour,Romans-sur-Isère,Maubeuge,21
3107,INVALID,Mon ami vit à Tourcoing et moi à Compiègne,Tourcoing,Compiègne,19
71,VALID,un billet dole beauvais s'il vous plaît,Dole,Beauvais,2
3609,INVALID,quel temps fait-il a auray ?,Auray,Abbeville,16
3260,INVALID,J'habite à Lyon,Lyon,Segré,17
386,VALID,Prochain train pour Boulogne-sur-Mer depuis Melun,Melun,Boulogne-sur-Mer,13
3187,INVALID,Le maire de Pontivy,Pontivy,Abbeville,24
441,VALID,Prochain train pour Orange depuis Reims,Reims,Orange,13
890,VALID,Départ Montauban arrivée Concarneau,Montauban,Concarneau,15
860,VALID,Départ Bourg-en-Bresse arrivée Maubeuge,Bourg-en-Bresse,Maubeuge,15
2341,INVALID,Le maire de Nevers,Nevers,Montreuil,24
1165,VALID,Je dois me rendre de Courbevoie à Nîmes,Courbevoie,Nîmes,7
108,VALID,je souhaite voyager de tours vers verdun,Tours,Verdun,5
3406,INVALID,quel temps fait-il a bordeaux ?,Bordeaux,Mende,16
2739,INVALID,Auray est une belle ville,Auray,Clisson,18
2201,INVALID,Bonjour,Tarbes,Vichy,21
759,VALID,Je voudrais partir de Auch pour aller à Cannes,Auch,Cannes,9
3154,INVALID,J'habite à Auxerre,Auxerre,Vendôme,17
2142,INVALID,J'habite à Perpignan,Perpignan,Metz,17
3058,INVALID,Restaurant à Chaumont,Chaumont,Clisson,25
2178,INVALID,Quel temps fait-il à Périgueux ?,Périgueux,Aix-en-Provence,16
1957,INVALID,belfort ou mende pour les vacances ?,Belfort,Mende,23
1869,VALID,Un aller simple Le Mans Melun,Le Mans,Melun,10
265,VALID,je voudrais partir de nevers pour aller à annemasse,Nevers,Annemasse,9
3803,INVALID,Quel temps fait-il a Hazebrouck ?,Hazebrouck,Étampes,16
857,VALID,Caen Privas pour demain,Caen,Privas,6
2244,INVALID,Quel temps fait-il à Langres ?,Langres,Maubeuge,16
3369,INVALID,La distance entre Clermont-Ferrand et Bourges,Clermont-Ferrand,Bourges,20
2210,INVALID,Restaurant à Dunkerque,Dunkerque,Vernon,25
2685,INVALID,Bonjour,Gap,Alençon,21
3866,VALID,Trajet de Lille vers Boulogne-sur-Mer,Lille,Boulogne-sur-Mer,11
2453,INVALID,Cherbourg est une belle ville,Cherbourg,Villeurbanne,18
1460,VALID,Départ Épinal arrivée Blois,Épinal,Blois,15
3178,INVALID,Quel temps fait-il à Boulogne-Billancourt ?,Boulogne-Billancourt,Le Mans,16
323,VALID,Quels sont les horaires de train Albert Lille ?,Albert,Lille,8
3665,VALID,Un aller simple NimesSaint-Quentin,Nîmes,Saint-Quentin,10
3358,INVALID,Quelle est la population de Boulogne-sur-Mer ?,Boulogne-sur-Mer,Fougères,22
3240,INVALID,Fontainebleau ou Modane pour les vacances ?,Fontainebleau,Modane,23
2394,INVALID,Quelle est la population de Amiens ?,Amiens,Nice,22
1797,VALID,Je dois me rendre de Valence à Port-Boulet,Valence,Port-Boulet,7
2368,INVALID,Mon ami vit à Évreux et moi à Elbeuf,Évreux,Elbeuf,19
14,VALID,je voudrais partir de metz pour aller à évreux,Metz,Évreux,9
3039,INVALID,Mon ami vit à Dieppe et moi à Belfort,Dieppe,Belfort,19
2844,INVALID,Amboise ou Bourges pour les vacances ?,Amboise,Bourges,23
3091,INVALID,Quel temps fait-il à Dunkerque ?,Dunkerque,Béthune,16
2095,INVALID,j'habite à évreux,Évreux,Alençon,17
1898,INVALID,lyon ou épinal pour les vacances ?,Lyon,Épinal,23
3623,VALID,un aller simple arles nice,Arles,Nice,10
1225,VALID,Prochain train pour Ajaccio depuis Colmar,Colmar,Ajaccio,13
12,VALID,un billet épernay fontainebleau s'il vous plaît,Épernay,Fontainebleau,2
1085,VALID,Je veux aller de Roubaix à Elbeuf,Roubaix,Elbeuf,1
3484,INVALID,bonjour,Vienne,Elbeuf,21
2350,INVALID,Nancy ou Rouen pour les vacances ?,Nancy,Rouen,23
1024,VALID,Y a-t-il des trains vers Arles au départ de Ajaccio ?,Ajaccio,Arles,4
1012,VALID,Trajet de Bolbec vers Montargis,Bolbec,Montargis,11
2595,INVALID,Le maire de Quimper,Quimper,Challans,24
3827,VALID,Je souhaite voyager de Besancon vers Briancon,Besançon,Briançon,5
2874,INVALID,Mon ami vit à Florence et moi à Nevers,Florence,Nevers,19
2062,INVALID,bonjour,Vichy,Aubenas,21
3353,INVALID,Blois ou Nantes pour el vaacaances ?,Blois,Nantes,23
2372,INVALID,Carcassonne ou Saint-Brieuc pour les vacances ?,Carcassonne,Saint-Brieuc,23
427,VALID,Quels sont les horaires de train Chaumont Vannes ?,Chaumont,Vannes,8
2761,INVALID,J'habite à Chambéry,Chambéry,Moulins,17
2015,INVALID,quel temps fait-il à laval ?,Laval,Antibes,16
612,VALID,Un aller simple Lannino Provins,Lannion,Provins,10
3427,VALID,comment me rendre a nanccy euis vierzon ?,Vierzon,Nancy,3
2674,INVALID,Louviers est une belle ville,Louviers,Toulon,18
1637,VALID,Y a-t-il des trains vers Hazebrouck au départ de Les Sables-d'Olonne ?,Les Sables-d'Olonne,Hazebrouck,4
3077,INVALID,Colmar ou Concarneau pour les vacances ?,Colmar,Concarneau,23
2197,INVALID,Quelle est  la population de Poities ?,Poitiers,Brest,22
1895,INVALID,lyon st une belle ville,Lyon,Boulogne-Billancourt,18
2215,INVALID,Restaurant à Rennes,Rennes,Antibes,25
1981,INVALID,montauban ou saint-dizier pour les vacances ?,Montauban,Saint-Dizier,23
1443,VALID,Je veux aller de Vendôme à Romans-sur-Isère,Vendôme,Romans-sur-Isère,1
579,VALID,Départ Pontarlier arrivée Manosque,Pontarlier,Manosque,15
3668,VALID,Comment me rendre a Vendome depuis Vitry-le-Francois ?,Vitry-le-François,Vendôme,3
2458,INVALID,Bonjour,Vannes,Thonon-les-Bains,21
213,VALID,départ vesoul arrivée saint-quentin,Vesoul,Saint-Quentin,15
2206,INVALID,La ditsance entre Étampes et Montpellier,Étampes,Montpellier,20
3824,INVALID,Oyonnax est une belle ville,Oyonnax,Moulins,18
2697,INVALID,Le maire de Dunkerque,Dunkerque,Abbeville,24
1931,INVALID,quel temps fait-il à modane ?,Modane,Romans-sur-Isère,16
3575,VALID,je veux aller de caen a montivilliers,Caen,Montivilliers,1
1445,VALID,Prochain train pour Boulogne-sur-Mer depuis Niort,Niort,Boulogne-sur-Mer,13
20,VALID,douai vienne pour demain,Douai,Vienne,6
2170,INVALID,J'habite à Laon,Laon,Aubenas,17
1823,VALID,Quels sont les horaires de train Cergy Annemasse ?,Cergy,Annemasse,8
2967,INVALID,Bonjour,Évreux,Digne-les-Bains,21
2509,INVALID,La distance entre Pontivy et Romans-sur-Isère,Pontivy,Romans-sur-Isère,20
1422,VALID,Je voudrais partir de Brest pour aller à Tarbes,Brest,Tarbes,9
3844,VALID,Je souhaite voyager de Saint-Brieuc vers Vienne,Saint-Brieuc,Vienne,5
884,VALID,Départ Limoges arrivée Arles,Limoges,Arles,15
3270,INVALID,La distance entre Perpignan et Saint-Nazaire,Perpignan,Saint-Nazaire,20
1079,VALID,Prochain train pour Vitry-le-François depuis Mâcon,Mâcon,Vitry-le-François,13
1087,VALID,YY a-t-il des trainsvers Pontarlier au départ de Metz ?,Metz,Pontarlier,4
966,VALID,Je pars de Nevers direction Carcassonne,Nevers,Carcassonne,12
682,VALID,Y a-t-il des trains vers Abbeville au départ de Auxerre ?,Auxerre,Abbeville,4
2580,INVALID,J'habite à Marseille,Marseille,Lannion,17
716,VALID,Quels sont les horaires de train Évreux Évreux ?,Évreux,Évreux,8
1408,VALID,Y a-t-il des trains vers Saint-Brieuc au départ de Cherbourg ?,Cherbourg,Saint-Brieuc,4
2038,INVALID,la distance entre chambéry et bourges,Chambéry,Bourges,20
1984,INVALID,j'habite à modane,Modane,Challans,17
3022,INVALID,Mon ami vit à Montargis et moi à Lons-le-Saunier,Montargis,Lons-le-Saunier,19
989,VALID,Comment me rendre à Montauban depuis Nevers ?,Nevers,Montauban,3
2568,INVALID,Quelle est la population de Verdun ?,Verdun,Évreux,22
835,VALID,Un billet Port-Boulet Dunkerque s'il vous plaît,Port-Boulet,Dunkerque,2
636,VALID,Commeent me  rendre à Lisieux depuis Aix-les-Bains ?,Aix-les-Bains,Lisieux,3
3238,INVALID,La distance entre Aubenas et Briançon,Aubenas,Briançon,20
1328,VALID,Comment me rendre à Vannes depuis Pontoise ?,Pontoise,Vannes,3
3818,INVALID,Laon ou Lyon pour les vacances ?,Laon,Lyon,23
558,VALID,Y a-t-il des trains vers Verdun au départ de Aix-en-Provence ?,Aix-en-Provence,Verdun,4
2066,INVALID,restaurant à pau,Pau,Poitiers,25
225,VALID,je souhaite voyager de cherbourg vers bordeaux,Cherbourg,Bordeaux,5
1810,VALID,Prochain train pour Clisson depuis Montauban,Montauban,Clisson,13
1598,VALID,Prochain train pour Caen depuis Saint-Étienne,Saint-Étienne,Caen,13
747,VALID,Comment me rendre à Nice depuis Colmar ?,Colmar,Nice,3
920,VALID,Florence Caen pour demain,Florence,Caen,6
1889,INVALID,le maire de auxerre,Auxerre,Saint-Brieuc,24
3675,VALID,Quels sont les horaires de train Bastia Lille ?,Bastia,Lille,8
543,VALID,Prochain train pour Auch depuis Pau,Pau,Auch,13
1748,VALID,Je veux aller de Lunéville à Reims,Lunéville,Reims,1
3472,VALID,je souhaite voyager de louviers vers elbeuf,Louviers,Elbeuf,5
1566,VALID,Quels sont les horaires de train Villeurbanne Abbeville ?,Villeurbanne,Abbeville,8
3284,INVALID,Le maire de Aubenas,Aubenas,Soissons,24
2240,INVALID,La distance entre Dunkerque et Pontoise,Dunkerque,Pontoise,20
273,VALID,je veux aller de vitré à auch,Vitré,Auch,1
3110,INVALID,Aix-en-Provence est une belle ville,Aix-en-Provence,Cergy,18
1916,INVALID,bonjour,Reims,Brest,21
3531,INVALID,agen est une belle ville,Agen,Compiègne,18
307,VALID,Un billet La Rochelle Bourg-en-Bresse s'il vous plaît,La Rochelle,Bourg-en-Bresse,2
531,VALID,Je veux aller de Lourdes à Créteil,Lourdes,Créteil,1
271,VALID,je pars de abbeville direction compiègne,Abbeville,Compiègne,12
2536,INVALID,Bonjour,Aix-en-Provence,Montargis,21
815,VALID,Je dois me rendre de Vendôme à Digne-les-Bains,Vendôme,Digne-les-Bains,7
2599,INVALID,La distance entre Lisieux et Évreux,Lisieux,Évreux,20
2611,INVALID,Quel temps fait-il à Douai ?,Douai,Vendôme,16
2022,INVALID,mon ami vit à bourges et moi à cergy,Bourges,Cergy,19
1831,VALID,Quels sont les horaires de train Ajaccio Dole ?,Ajaccio,Dole,8
3661,VALID,Quels sont les horaires de train Chinon Loches ?,Chinon,Loches,8
3888,INVALID,Mon miv it a Vannes et mooi a Blois ,Vannes,Blois,19
709,VALID,Je dois me rendre de Courbevoie à Nantes,Courbevoie,Nantes,7
1645,VALID,Je souhaite voyager de Laval vers Versailles,Laval,Versailles,5
2198,INVALID,Saumur est une belle vlle,Saumur,Moulins,18
1665,VALID,Je dois me rendre de Le Mans à Clisson,Le Mans,Clisson,7
3057,INVALID,J'habite à Lons-le-Saunier,Lons-le-Saunier,Chaumont,17
2018,INVALID,le maire de carcassonne,Carcassonne,Tourcoing,24
1442,VALID,Je souhaite voyager de Antibes vers Angoulême,Antibes,Angoulême,5
3891,INVALID,Restaurant a Morlaix,Morlaix,Laon,25
978,VALID,Je dois me rendre de Arlesà Chambéry,Arles,Chambéry,7
394,VALID,Quels sont les horaires de train Amiens Cherbourg ?,Amiens,Cherbourg,8
1702,VALID,Y a-t-il des trains vers Besançon au départ de Lourdes ?,Lourdes,Besançon,4
1129,VALID,Je souhaite voyager de Caen vers Fougères,Caen,Fougères,5
1374,VALID,Évreux Montbéliard pour demain,Évreux,Montbéliard,6
1991,INVALID,bonjour,Abbeville,Lannion,21
3631,INVALID,lens ou sens pour les vacances ?,Lens,Sens,23
45,VALID,y a-t-il des trains vers clermont-ferrand au départ de rouen ?,Rouen,Clermont-Ferrand,4
3166,INVALID,Restaurant à Saint-Omer,Saint-Omer,Le Puy-en-Velay,25
2011,INVALID,mon ami vit à toul et moi à saint-malo,Toul,Saint-Malo,19
378,VALID,Quels sont les horaires de train Yvetot Créteil ?,Yvetot,Créteil,8
1490,VALID,Comment mee rendre à Tarbes edpuuis Calais ?,Calais,Tarbes,3
1493,VALID,Je pars de Saint-Étienne direction Toulon,Saint-Étienne,Toulon,12
1506,VALID,Un aller simple Grenoble Antibes,Grenoble,Antibes,10
3030,INVALID,Quel temps fait-il à Tarbes ?,Tarbes,Chinon,16
2616,INVALID,J'habite à Créteil,Créteil,Beauvais,17
993,VALID,Je dois me rendre de Vitré à Toul,Vitré,Toul,7
1486,VALID,Je pars de Angers direction Reims,Angers,Reims,12
1594,VALID,Je souhaiite voyager de Monntauabn vers iDjon,Montauban,Dijon,5
166,VALID,je pars de la rochelle direction manosque,La Rochelle,Manosque,12
907,VALID,Départ Nantes arrivée Saint-Dizier,Nantes,Saint-Dizier,15
2857,INVALID,Bonjour,Privas,Évry,21
3548,VALID,un aller simple saint-omer laon,Saint-Omer,Laon,10
3627,VALID,depart poitiers arrivee saint-denis,Poitiers,Saint-Denis,15
3067,INVALID,Arras ou Vierzon pour les vacances ?,Arras,Vierzon,23
3175,INVALID,Bonjour,Albert,Nanterre,21
814,VALID,Je dois me rendre de Bourgoin-Jallieu à Évreux,Bourgoin-Jallieu,Évreux,7
1719,VALID,Je voudrais partir de Saint-Étienne pour aller à Alençon,Saint-Étienne,Alençon,9
1994,INVALID,j'habite à montargis,Montargis,Gap,17
1565,VALID,Je souhaiite voyager de  Borg-en-Bressev ers Ancenis,Bourg-en-Bresse,Ancenis,5
506,VALID,Je voudrais partir de Blois pour aller à Grenoble,Blois,Grenoble,9
2212,INVALID,Quel temps fait-il à Montargis ?,Montargis,Ajaccio,16
1515,VALID,Qels sont les horaires e train Annec yVaelncce ?,Annecy,Valence,8
1649,VALID,Je pars de Thonon-les-Bains direction Melun,Thonon-les-Bains,Melun,12
81,VALID,je cherche un train châteauroux carcassonne,Châteauroux,Carcassonne,14
74,VALID,porchain train pour  clisson depuis manosque,Manosque,Clisson,13
261,VALID,créteil perpignan pour demain,Créteil,Perpignan,6
2891,INVALID,Châlons-en-Champagne ou Thonon-les-Bains pour les vacances ?,Châlons-en-Champagne,Thonon-les-Bains,23
572,VALID,Je dois me erndre  dee Maubeuge à Mdoane,Maubeuge,Modane,7
2661,INVALID,Mon ami vit à Roubaix et moi à Aubenas,Roubaix,Aubenas,19
315,VALID,Je souhaite voyager de Quimper vers Pontoise,Quimper,Pontoise,5
2328,INVALID,Quel temps fait-il à Saint-Malo ?,Saint-Malo,Béthune,16
2231,INVALID,Quelle est la population de Digne-les-Bainns?,Digne-les-Bains,Lannion,22
2466,INVALID,Le maire de La Rochelle,La Rochelle,Pontoise,24
292,VALID,Un aller simple Clermont-Ferrand Dijon,Clermont-Ferrand,Dijon,10
127,VALID,trajet de melun vers grenoble,Melun,Grenoble,11
2688,INVALID,J'habite à Bourgoin-Jallieu,Bourgoin-Jallieu,Digne-les-Bains,17
3033,INVALID,Le maire de Lisieux,Lisieux,Elbeuf,24
1215,VALID,Y a-t-il des trains vers Angoulême au départ de Lisieux ?,Lisieux,Angoulême,4
3182,INVALID,J'habite à Privas,Privas,Saint-Brieuc,17
66,VALID,un billet dunkerque nice s'il vous plaît,Dunkerque,Nice,2
1743,VALID,Y a-t-il des trains vers Nantes au départ de Évreux ?,Évreux,Nantes,4
1327,VALID,Quels sont les horaires de train Lens Lisieux ?,Lens,Lisieux,8
906,VALID,Un billet Quimper Dole s'il vous plaît,Quimper,Dole,2
1640,VALID,Prochain train pour Sens depuis Mende,Mende,Sens,13
1778,VALID,Je souhaite voyager de Fécamp vers Béziers,Fécamp,Béziers,5
2523,INVALID,Mon ami vit à Nancy et moi à Bastia,Nancy,Bastia,19
2864,INVALID,J'habite à Albertville,Albertville,Pontarlier,17
940,VALID,Je souhaite voyager de Dinan vers Loches,Dinan,Loches,5
566,VALID,Je pars de Épinal direction Cambrai,Épinal,Cambrai,12
1533,VALID,Je veux aller de Évreux à Auray,Évreux,Auray,1
1661,VALID,Prochain train pour Marseille depuis Lorient,Lorient,Marseille,13
3297,INVALID,Mon ami vit à Verdun et moi à Nancy,Verdun,Nancy,19
2840,INVALID,J'habite à Créteil,Créteil,Saint-Denis,17
413,VALID,Départ Modane arrivée Fontainebleau,Modane,Fontainebleau,15
1304,VALID,Cambrai Chalon-sur-Saône pour demain,Cambrai,Chalon-sur-Saône,6
1901,INVALID,la distance entre saint-brieuc et elun,Saint-Brieuc,Melun,20
1919,INVALID,quel temps fait-il à manosque ?,Manosque,Montargis,16
3600,VALID,trajet de marseille vers montpellier,Marseille,Montpellier,11
481,VALID,Prochain train pour Périgueux depuis Lunéville,Lunéville,Périgueux,13
1261,VALID,Je cherche un train Dijon Poitiers,Dijon,Poitiers,14
2135,INVALID,Bonjour,Le Mans,Brest,21
3330,INVALID,Restaurant à Vannes,Vannes,Fécamp,25
1020,VALID,Quels sont les horaires de train Toulon Amboise ?,Toulon,Amboise,8
3245,INVALID,Restaurant à Alençon,Alençon,Toul,25
420,VALID,Albert Challans pur demain,Albert,Challans,6
707,VALID,Un billet Boulogne-sur-Mer Briançon s'il vous plaît,Boulogne-sur-Mer,Briançon,2
1014,VALID,Un billet Romans-sur-Isère Bourges s'il vous plaît,Romans-sur-Isère,Bourges,2
848,VALID,Y a-t-il des trains vers Florence au départ de Maubeuge ?,Maubeuge,Florence,4
3626,VALID,prochain train pour saint-etienne depuis clermont-ferrand,Clermont-Ferrand,Saint-Étienne,13
3106,INVALID,Bonjour,Abbeville,Annecy,21
336,VALID,Un aller simple Arras Angoulême,Arras,Angoulême,10
3793,VALID,Un aller simple Quimper Gap,Quimper,Gap,10
2267,INVALID,Quel temps fait-il à Boulogne-sur-Mer ?,Boulogne-sur-Mer,Poitiers,16
2656,INVALID,Alençon est une belle ville,Alençon,Compiègne,18
1115,VALID,Je voudrais partir de Moulins pour aller à Avranches,Moulins,Avranches,9
253,VALID,je souhaite voyager de la rochelle vers biarritz,La Rochelle,Biarritz,5
3835,INVALID,Le maire de Cholet,Cholet,Bastia,24
2792,INVALID,Hazebrouck ou Paris pour les vacances ?,Hazebrouck,Paris,23
1111,VALID,Je pars de Versailles direction Ajaccio,Versailles,Ajaccio,12
1191,VALID,Je veux aller de Charleville-Mézières à Vitry-le-François,Charleville-Mézières,Vitry-le-François,1
1819,VALID,Je pars de Niort direction Nanterre,Niort,Nanterre,12
586,VALID,Aurillac Cannes pour demain,Aurillac,Cannes,6
1239,VALID,Je veux aller de Port-BBouullet à Diggne-les-Bains,Port-Boulet,Digne-les-Bains,1
1776,VALID,Trajet de Louviers vers Valence,Louviers,Valence,11
723,VALID,Y a-t-il des trains vers Épernay au départ de Vichy ?,Vichy,Épernay,4
3780,VALID,Je cherche un train Saint-Nazaire Saint-Quentin,Saint-Nazaire,Saint-Quentin,14
2254,INVALID,J'habite à Nancy,Nancy,Montélimar,17
3233,INVALID,Strasbourg ou Metz pour les vacances ?,Strasbourg,Metz,23
3660,INVALID,La distance entre Poitiers et Tarbes,Poitiers,Tarbes,20
730,VALID,Je dois me rendre de Dinan à Angers,Dinan,Angers,7
150,VALID,comment me rendre à lons-le-saunier depuis tours ?,Tours,Lons-le-Saunier,3
1749,VALID,Je voudrais partir de Boulogne-sur-Mer pour aller à Strasbourg,Boulogne-sur-Mer,Strasbourg,9
3000,INVALID,Restaurant à Albert,Albert,Saint-Denis,25
3871,INVALID,Quelle est la population de Saumur ?,Saumur,Granville,22
553,VALID,Un billet Pau Montreuil s'il vous plaît,Pau,Montreuil,2
2719,INVALID,Le maire de Tourcoing,Tourcoing,Digne-les-Bains,24
3230,INVALID,Bonjour,Nancy,Bordeaux,21
2904,INVALID,J'habite à Dieppe,Dieppe,Metz,17
2776,INVALID,Bonjour,Mende,Fécamp,21
3466,INVALID,bonjour,Versailles,Saint-Étienne,21
1897,INVALID,quelle est la population de pontoise ?,Pontoise,Le Mans,22
3868,INVALID,Le maire de Saint-Brieuc,Saint-Brieuc,Maubeuge,24
705,VALID,Saumur Yvetot pour demain,Saumur,Yvetot,6
1976,INVALID,le maire elaon,Laon,Albi,24
2179,INVALID,Pontarlier ou Bayonne pour les vacances ?,Pontarlier,Bayonne,23
3657,INVALID,J'habite a Lens,Lens,Cergy,17
1579,VALID,Y a-t-il des trains vers Châlons-en-Champagne au départ de Aurillac ?,Aurillac,Châlons-en-Champagne,4
3690,VALID,Un billet Courbevoie Perigueux s'il vous plait,Courbevoie,Périgueux,2
165,VALID,je souhaite voyager de fontenay-le-comte vers auch,Fontenay-le-Comte,Auch,5
3404,VALID,prochain train pour auray depuis toulouse,Toulouse,Auray,13
3580,VALID,je cherche un train cergy angers,Cergy,Angers,14
2292,INVALID,Mon ami vit à Challans et moi à Annecy,Challans,Annecy,19
772,VALID,Je pars de La Rochelle direction Bourg-en-Bresse,La Rochelle,Bourg-en-Bresse,12
776,VALID,Un aller simple La Rochelle Fontainebleau,La Rochelle,Fontainebleau,10
855,VALID,Je voudrais partir de Meaux pour aller à Lourdes,Meaux,Lourdes,9
941,VALID,Trajet de Privas vers Épernay,Privas,Épernay,11
1718,VALID,Je souhaite voyager de Chartres vers Abbeville,Chartres,Abbeville,5
1100,VALID,Je cherche un train Pontoise Limoges,Pontoise,Limoges,14
2294,INVALID,Bonjour,Grenoble,Évry,21
768,VALID,Départ Vendôme arrivée Saint-Dizier,Vendôme,Saint-Dizier,15
2042,INVALID,restaurant à niort,Niort,Dijon,25
164,VALID,un aller simple lisieux montbéliard,Lisieux,Montbéliard,10
839,VALID,Trajet de Chinon vers Lannion,Chinon,Lannion,11
2407,INVALID,Restaurant à Laon,Laon,Amboise,25
657,VALID,Un billet Chalon-sur-Saône Nevers s'il vous plaît,Chalon-sur-Saône,Nevers,2
885,VALID,Je cherche un train Dunkerque Le Havre,Dunkerque,Le Havre,14
1434,VALID,Prochain train pour Moulins depuis Gap,Gap,Moulins,13
3457,VALID,prochain train pour carcassonne depuis bar-le-duc,Bar-le-Duc,Carcassonne,13
3807,INVALID,Le maire de Grenoble,Grenoble,Verdun,24
1839,VALID,Quels sont les horaires de train Lille Montbéliard ?,Lille,Montbéliard,8
1539,VALID,Fougères Limoges pour demain,Fougères,Limoges,6
52,VALID,je souhaite voyager de créteil vers clisson,Créteil,Clisson,5
170,VALID,prochain train pour nanterre depuis lunéville,Lunéville,Nanterre,13
3522,VALID,je pars de maubeuge direction nantes,Maubeuge,Nantes,12
3593,VALID,depart chalon-sur-saone arrivee provins,Chalon-sur-Saône,Provins,15
1290,VALID,Je dois me rendre de Pau à Auxerre,Pau,Auxerre,7
1103,VALID,Un aller simple Orange Carcassonne,Orange,Carcassonne,10
297,VALID,Je veux aller de Le Puy-en-Velay à Argenteuil,Le Puy-en-Velay,Argenteuil,1
214,VALID,y a-t-il des trains vers chinon au départ de brest ?,Brest,Chinon,4
2152,INVALID,Le maire de Amiens,Amiens,Le Havre,24
962,VALID,Un aller simple Rennes Lens,Rennes,Lens,10
609,VALID,Quels sont les horaires de train Tours Melun ?,Tours,Melun,8
2181,INVALID,Bonjour,Beauvais,Montivilliers,21
3452,INVALID,bonjour,Alençon,Annemasse,21
1299,VALID,Comment me rendre à Bourgoin-Jallieu depuis Chalon-sur-Saône ?,Chalon-sur-Saône,Bourgoin-Jallieu,3
208,VALID,gap douai pour demain,Gap,Douai,6
2176,INVALID,Mon ami vit à Yvetot et moi à Mende,Yvetot,Mende,19
2156,INVALID,J'habite à Quimper,Quimper,Lannion,17
62,VALID,je voudrais partir de pontarlier pour aller à nancy,Pontarlier,Nancy,9
945,VALID,Je cherche un train Metz Toulouse,Metz,Toulouse,14
501,VALID,Départ Colmar arrivée Beauvais,Colmar,Beauvais,15
2728,INVALID,J'habite à Avranches,Avranches,Amboise,17
133,VALID,un billet annecy bourgoin-jallieu s'ilvous plaît,Annecy,Bourgoin-Jallieu,2
2145,INVALID,Restaurant à Étampes,Étampes,Lorient,25
3248,INVALID,Bonjour,Fontenay-le-Comte,Belfort,21
1485,VALID,Je cherche  unt rain VienneÉpernay,Vienne,Épernay,14
3193,INVALID,Quel temps fait-il à Meaux ?,Meaux,Bolbec,16
2447,INVALID,Mon ami  vitt à Meende et moi à Saint-Brieuc,Mende,Saint-Brieuc,19
1101,VALID,Je voudrais partir de Chalon-sur-Saône pour aller à Orange,Chalon-sur-Saône,Orange,9
2501,INVALID,Restaurant à Briançon,Briançon,Épernay,25
3333,INVALID,Tours ou Bordeaux pour les vacances ?,Tours,Bordeaux,23
3567,INVALID,mon ami vit a nancy et moi a antibes,Nancy,Antibes,19
3399,VALID,pontarlier avignon pour demain,Pontarlier,Avignon,6
1451,VALID,Prochain train pour Charleville-Mézières depuis Florence,Florence,Charleville-Mézières,13
3768,VALID,Trajet de Saint-Nazaire vers Amiens,Saint-Nazaire,Amiens,11
1365,VALID,Trajet de Limoges vers Bourges,Limoges,Bourges,11
72,VALID,je dois me rendre de hazebrouck à langres,Hazebrouck,Langres,7
880,VALID,Trajet de Saumur vers Dunkerque,Saumur,Dunkerque,11
173,VALID,périgueux versailles pour demain,Périgueux,Versailles,6
355,VALID,Un bbillet Villeurbanne Alençon si'l vuss plaît,Villeurbanne,Alençon,2
1614,VALID,Comment me rendre à Montauban depuis Meaux ?,Meaux,Montauban,3
2937,INVALID,J'habite à Chambéry,Chambéry,Compiègne,17
2717,INVALID,La distance entre Louviers et Bourgoin-Jallieu,Louviers,Bourgoin-Jallieu,20
1055,VALID,Je veux aller de Challans à Rouen,Challans,Rouen,1
373,VALID,Un aller simple Mulhouse Niort,Mulhouse,Niort,10
1717,VALID,Je pars de Beauvais direction Bourg-en-Bresse,Beauvais,Bourg-en-Bresse,12
2829,INVALID,Le maire de Châteauroux,Châteauroux,Caen,24
1329,VALID,Je voudrais partir de Bordeaux pour aller à Roubaix,Bordeaux,Roubaix,9
2106,INVALID,la distance entre béthune et oyonnax,Béthune,Oyonnax,20
347,VALID,Je dois me rendre de Meaux à Ancenis,Meaux,Ancenis,7
3865,INVALID,Concarneau est une belle ville,Concarneau,Périgueux,18
3432,VALID,je voudrais partir de fougeres pour aller a evreux,Fougères,Évreux,9
1540,VALID,Départ Pontivy arrivée Digne-les-Bains,Pontivy,Digne-les-Bains,15
216,VALID,y a-t-il des trains vers segré au départ de marseille ?,Marseille,Segré,4
3790,VALID,Je cherche un train Rodez Perigueux,Rodez,Périgueux,14
181,VALID,comment me rendre à angers depuis lyon ?,Lyon,Angers,3
2877,INVALID,Mon ami vit à Louviers et moi à Toul,Louviers,Toul,19
3097,INVALID,Évreux est une belle ville,Évreux,La Rochelle,18
2963,INVALID,Évreux est une belle ville,Évreux,Yvetot,18
3438,INVALID,quel temps fait-il a saint-brieuc ?,Saint-Brieuc,Cholet,16
3748,INVALID,Bonjour,Chinon,Tarbes,21
628,VALID,Prochain train pour Besançon depuis Fontenay-le-Comte,Fontenay-le-Comte,Besançon,13
3605,VALID,je souhaite voyager de biarritz vers manosque,Biarritz,Manosque,5
2975,INVALID,Fontenay-le-Comte ou Dijon pour les vacances ?,Fontenay-le-Comte,Dijon,23
2279,INVALID,J'habite à Orléans,Orléans,Berck,17
832,VALID,Un aller simple Granville Boulogne-sur-Mer,Granville,Boulogne-sur-Mer,10
891,VALID,Je veux aller de Vendôme à Langres,Vendôme,Langres,1
2670,INVALID,Montpellier ou Colmar pour les vacances ?,Montpellier,Colmar,23
272,VALID,un aller simple berck pontoise,Berck,Pontoise,10
139,VALID,comment me rendre à orang depuis yvetot ?,Yvetot,Orange,3
3897,VALID,Quels sont les horaires de train Oyonnax Le Puy-en-Velay ?,Oyonnax,Le Puy-en-Velay,8
2920,INVALID,J'habite à Soissons,Soissons,Les Sables-d'Olonne,17
917,VALID,Quels sont les horaires de train La Rochelle Cherbourg ?,La Rochelle,Cherbourg,8
398,VALID,Prochain train pour Ajaccio depuis Toul,Toul,Ajaccio,13
510,VALID,Y a-t-il des trains vers Agen au départ de Dieppe ?,Dieppe,Agen,4
1654,VALID,Je cherche un train Clermont-Ferrand Briançon,Clermont-Ferrand,Briançon,14
2485,INVALID,La distance entre Brest et Bourg-en-Bresse,Brest,Bourg-en-Bresse,20
3435,INVALID,le mairee de rodez,Rodez,Versailles,24
3213,INVALID,Quel temps fait-il à Nancy ?,Nancy,Lorient,16
3010,INVALID,Quel temps fait-il à Poitiers ?,Poitiers,Aurillac,16
30,VALID,départ alençon arrivée arles,Alençon,Arles,15
2700,INVALID,J'habite à Rouen,Rouen,Tours,17
2758,INVALID,J'habite à Challans,Challans,Dunkerque,17
1499,VALID,Y a-t-il des trains vers Saumur au départ de Avignon ?,Avignon,Saumur,4
294,VALID,Je cherche un train Grenoble Lunéville,Grenoble,Lunéville,14
2307,INVALID,Qul temps faait-il à Besaçnon ?,Besançon,Digne-les-Bains,16
1046,VALID,Trajet de Carcaassonne vers Le Puy-en-Velay,Carcassonne,Le Puy-en-Velay,11
3856,VALID,Je cherche un train Perigueux Orange,Périgueux,Orange,14
333,VALID,Un aller simple Albertville Aubenas,Albertville,Aubenas,10
3461,INVALID,le maire de bourges,Bourges,Limoges,24
479,VALID,Jee parsd e igne-lesB-ains direction Évreux,Digne-les-Bains,Évreux,12
3456,VALID,prochain train pour ancenis depuis fontainebleau,Fontainebleau,Ancenis,13
2320,INVALID,Le maire deDole,Dole,Metz,24
3135,INVALID,Le maire de Amboise,Amboise,Concarneau,24
3520,VALID,comment me rendre a nancy depuis lyon ?,Lyon,Nancy,3
2404,INVALID,Annecy est une belle ville,Annecy,Bordeaux,18
2351,INVALID,Bonjour,Reims,Calais,21
1795,VALID,Un aller simple Avranches Périgueux,Avranches,Périgueux,10
1796,VALID,Un aller simple Créteil Hazebrouck,Créteil,Hazebrouck,10
3859,VALID,Je veux aller de Cambrai a Luneville,Cambrai,Lunéville,1
3772,VALID,Trajett d Paris vers Segree,Paris,Segré,11
1197,VALID,Je souhaite voyager de Annemasse vers Boulogne-sur-Mer,Annemasse,Boulogne-sur-Mer,5
2050,INVALID,la distance entre vendôme et laon,Vendôme,Laon,20
3222,INVALID,J'habite à Briançon,Briançon,Charleville-Mézières,17
1936,INVALID,mon ami vit à dinan et moi à bourges,Dinan,Bourges,19
3336,INVALID,La distance entre Hazebrouck et Tarbes,Hazebrouck,Tarbes,20
3712,INVALID,Boulogne-Billancourt est une belle ville,Boulogne-Billancourt,Compiègne,18
873,VALID,Comment me rendre à Les Sables-d'Olonne depuis Albert ?,Albert,Les Sables-d'Olonne,3
3730,VALID,Depart Antibes arrivee Perigueux,Antibes,Périgueux,15
2705,INVALID,La distance entre Tourcoing et Port-Boulet,Tourcoing,Port-Boulet,20
915,VALID,Je voudrais partir de Vienne pour aller à Nevers,Vienne,Nevers,9
87,VALID,je dois me rendre de albert à mende,Albert,Mende,7
3662,INVALID,Bastia est une belle ville,Bastia,Tarbes,18
1904,INVALID,angoulême est une belle ville,Angoulême,Saumur,18
3158,INVALID,Quelle est la population de Orléans ?,Orléans,Albi,22
3397,INVALID,abbeville est une belle ville,Abbeville,Avranches,18
511,VALID,Hazebrouck Nantes pour demain,Hazebrouck,Nantes,6
2380,INVALID,Quelle est la population de Vichy ?,Vichy,Yvetot,22
2988,INVALID,Quel temps fait-il à Chaumont ?,Chaumont,Mulhouse,16
3579,INVALID,bonjour,Clermont-Ferrand,Nanterre,21
1491,VALID,Comment me rendre à Melun depuis Saumur ?,Saumur,Melun,3
1668,VALID,Trajet d Aubenas vers Annecy,Aubenas,Annecy,11
2572,INVALID,Restaurant à Port-Boulet,Port-Boulet,Chaumont,25
3024,INVALID,Mon ami vit à Clisson et moi à Albertville,Clisson,Albertville,19
3703,VALID,Je voudrais partir de Bethune pour aller a Fontenay-le-Comte,Béthune,Fontenay-le-Comte,9
1136,VALID,Je pars de Nanterre direction Metz,Nanterre,Metz,12
821,VALID,Je prs de Albert direction Saint-tÉienne,Albert,Saint-Étienne,12
2282,INVALID,J'habite à Courbevoie,Courbevoie,Auxerre,17
371,VALID,Quels sont les horaires de train Lons-le-Saunier Ancenis ?,Lons-le-Saunier,Ancenis,8
457,VALID,Prochain train pour Évry depuis Toul,Toul,Évry,13
2690,INVALID,Le maire de Saint-Denis,Saint-Denis,Roubaix,24
3687,VALID,Depart Chateaubriant arrivee Douai,Châteaubriant,Douai,15
1479,VALID,Je voudrai spratir de Laon pour aller à Antibe,Laon,Antibes,9
2235,INVALID,Bonjour,Saint-Nazaire,Béthune,21
1267,VALID,Je cherche un train Amboise Lille,Amboise,Lille,14
431,VALID,U naller smiple Cergy Carccassonne,Cergy,Carcassonne,10
1574,VALID,Je veux aller de Besançon à Ancenis,Besançon,Ancenis,1
1059,VALID,Je voudrais partir de Pontivy pour aller à Granville,Pontivy,Granville,9
435,VALID, Qulees sont les horaires de train Auray Albertville ?,Auray,Albertville,8
2935,INVALID,Quelle est la oppulatio e Montpellier ?,Montpellier,Bourges,22
3449,VALID,commen me renre a thonon-lees-bains depuis florence ?,Florence,Thonon-les-Bains,3
3023,INVALID,Restaurant à Rodez,Rodez,Amboise,25
411,VALID,Quels sont les horaires de train Loches Port-Boulet ?,Loches,Port-Boulet,8
2059,INVALID,mon ami vit à melun et moi à bayonne,Melun,Bayonne,19
3553,VALID,y a-t-il des trains vers auxerre au depart de port-boulet ?,Port-Boulet,Auxerre,4
1501,VALID,Trajet de Angoulême vers Cambrai,Angoulême,Cambrai,11
1575,VALID,Je souhaite voyager de Le Puy-en-Velay vers Valence,Le Puy-en-Velay,Valence,5
2593,INVALID,Le maire de Antibes,Antibes,Aurillac,24
781,VALID,Comment me rendre à Quimper depuis Tou l?,Toul,Quimper,3
1236,VALID,Prochain tarin pour Montivilliers depuis Metz,Metz,Montivilliers,13
3875,VALID,Bayonne Mulhouse pour demain,Bayonne,Mulhouse,6
3368,INVALID,Le maire de Moulins,Moulins,Roubaix,24
2714,INVALID,Mon ami vit à Meaux et oi à LLens,Meaux,Lens,19
3294,INVALID,Quel temps fait-il à Boulogne-sur-Mer ?,Boulogne-sur-Mer,Blois,16
2172,INVALID,Bonjour,Berck,Rennes,21
106,VALID,prochain train pour fontenay-le-comte depuis perpignan,Perpignan,Fontenay-le-Comte,13
3195,INVALID,Bonjour,Hazebrouck,Metz,21
3674,VALID,Comment me rendre a Chinon depuis Limoges ?,Limoges,Chinon,3
2687,INVALID,Mon ami vit à Strasbourg et moi à Compiègne,Strasbourg,Compiègne,19
658,VALID,Un billet Bolbec Aix-les-Bains s'il vous plaît,Bolbec,Aix-les-Bains,2
1268,VALID,Je cherche un train Aurillac Perpignan,Aurillac,Perpignan,14
3148,INVALID,J'habite à Albertville,Albertville,Carcassonne,17
2763,INVALID,Châteaubriant ou Versailles pour les vacances ?,Châteaubriant,Versailles,23
326,VALID,Y a-t-il des trains vers Agen au départ de Béthune ?,Béthune,Agen,4
969,VALID,Je voudrais partir de Vendôme pour aller à Abbeville,Vendôme,Abbeville,9
146,VALID,prochain train pour fontenay-le-comte depuis boulogne-billancourt,Boulogne-Billancourt,Fontenay-le-Comte,13
2779,INVALID,Quel temps fait-il à Toul ?,Toul,Saint-Denis,16
908,VALID,Je pars de Lunéville direction Mâcon,Lunéville,Mâcon,12
3155,INVALID,Bonjour,Lunéville,Nice,21
1283,VALID,Trajet de Les Sables-d'Olonne vers Valenciennes,Les Sables-d'Olonne,Valenciennes,11
3582,INVALID,quelle est la population de loches ?,Loches,Mâcon,22
627,VALID,Granville Fontainebleau pour demain,Granville,Fontainebleau,6
2657,INVALID,Le maire de Laval,Laval,Tourcoing,24
1164,VALID,Un aller simple Le Puy-en-Velay Pontoise,Le Puy-en-Velay,Pontoise,10
1171,VALID,Prochain train pour Bolbec depuis Albertville,Albertville,Bolbec,13
3395,VALID,quels sont les horaires de train vesoul montbeliard ?,Vesoul,Montbéliard,8
1152,VALID,Je dois me rendre de Arras à Bayonne,Arras,Bayonne,7
33,VALID,melun auch pour demain,Melun,Auch,6
565,VALID,Un billet Toulouse Fécamp s'il vous plaît,Toulouse,Fécamp,2
1885,VALID,Je cherche un train Lunéville Bayonne,Lunéville,Bayonne,14
1835,VALID,Je dois me rendre de Soissons àA lençon,Soissons,Alençon,7
177,VALID,qquels sont les horaires de train  cannes nevers ?,Cannes,Nevers,8
3552,VALID,je souhaite voyager de saint-malo vers ajaccio,Saint-Malo,Ajaccio,5
1203,VALID,Je cherche un train Étampes Le Mans,Étampes,Le Mans,14
1255,VALID,Je voudrais partir de Saint-Brieuc pour aller à Tarbes,Saint-Brieuc,Tarbes,9
3011,INVALID,Béziers ou Strasbourg pour les vacances ?,Béziers,Strasbourg,23
563,VALID,Je cherche un train Tours Vannes,Tours,Vannes,14
3521,VALID,je dois me rendre de strasbourg a privas,Strasbourg,Privas,7
3318,INVALID,Le maire de Metz,Metz,Tourcoing,24
2462,INVALID,Quel temps fait-il à Évreux ?,Évreux,Vendôme,16
3684,INVALID,Quelle est la population de Lille ?,Lille,Saint-Étienne,22
2908,INVALID,Le maire de Toulon,Toulon,Limoges,24
2582,INVALID,Paris ou Pontivy pour les vacances ?,Paris,Pontivy,23
1418,VALID,Je cherchee un train Clisson Carcassonne,Clisson,Carcassonne,14
3209,INVALID,Mon ami vit à Annecy et moi à Lenns,Annecy,Lens,19
718,VALID,Quels sont les horaires de train Rennes Troyes ?,Rennes,Troyes,8
157,VALID,je ddois mer endre de itry--le-franços à arras,Vitry-le-François,Arras,7
1922,INVALID,quel temps fait-il à verdun ?,Verdun,Nîmes,16
1913,INVALID,épinal est une belle ville,Épinal,Pau,18
3143,INVALID,Mon ami vit à Pontarlier et moi à Aubenas,Pontarlier,Aubenas,19
3184,INVALID,Restaurant à Langres,Langres,Dijon,25
1473,VALID,e voudrasi partir de Lille pour aller à Rouen,Lille,Rouen,9
382,VALID,Je  souhaite voyaegr deA ntibes versAix-en-Proence,Antibes,Aix-en-Provence,5
1121,VALID,Quels sont les horaires de train Évreux Maubeuge ?,Évreux,Maubeuge,8
2783,INVALID,Le maire de Niort,Niort,Nevers,24
3025,INVALID,Bonjour,Créteil,Béziers,21
715,VALID,Départ Bourg-en-Bresse arrivée Provins,Bourg-en-Bresse,Provins,15
904,VALID,Je veux aller de Clermont-Ferrand à Lorient,Clermont-Ferrand,Lorient,1
2842,INVALID,Bonjour,Vendôme,Saumur,21
2496,INVALID,Mon ami vit à Romans-sur-Isère et moi à Saint-Denis,Romans-sur-Isère,Saint-Denis,19
2243,INVALID,La distance entre Avranches et Aix-en-Provence,Avranches,Aix-en-Provence,20
171,VALID,je pars de la rochelle direction bourgoin-jallieu,La Rochelle,Bourgoin-Jallieu,12
34,VALID,un billet avignon louviers s'il vous plaît,Avignon,Louviers,2
564,VALID,Je pars de Évreux direction Saint-Brieuc,Évreux,Saint-Brieuc,12
1588,VALID,Un billet Beauvais Montauban s'il vous plaît,Beauvais,Montauban,2
1110,VALID,Je pars de Douai direction Bar-le-Duc,Douai,Bar-le-Duc,12
1519,VALID,Prochain train pour Vesoul depuis Montauban,Montauban,Vesoul,13
3640,VALID,y a-t-il des trains vers saint-denis au depart de nancy ?,Nancy,Saint-Denis,4
938,VALID,Y a-t-il des trains vers Toul au déépart de Vesoul ?,Vesoul,Toul,4
827,VALID,Nantes Saumur pour demain,Nantes,Saumur,6
2217,INVALID,La distance entre Grenoble et Le Puy-en-Velay,Grenoble,Le Puy-en-Velay,20
3253,INVALID,Quel temps fait-il à Boulogne-sur-Mer ?,Boulogne-sur-Mer,Vernon,16
47,VALID,je veux aller de toul à cherbourg,Toul,Cherbourg,1
1296,VALID,Granville Saint-Étienne pour demain,Granville,Saint-Étienne,6
2364,INVALID,Restaurant à Bar-le-Duc,Bar-le-Duc,Vannes,25
11,VALID,y a-t-il des trains vers évreux au départ de rouen ?,Rouen,Évreux,4
2120,INVALID,La distance entre Épinal et Moulins,Épinal,Moulins,20
804,VALID,Départ Albi arrivée Saint-Étienne,Albi,Saint-Étienne,15
37,VALID,je veux aller de toulouse à le puy-en-velay,Toulouse,Le Puy-en-Velay,1
745,VALID,Je veux aller de Briançon à Marseille,Briançon,Marseille,1
712,VALID,Y a-t-il des trains vers Les Sables-d'Olonne au départ de Chalon-sur-Saône ?,Chalon-sur-Saône,Les Sables-d'Olonne,4
3571,VALID,je voudrais partir de quimper pour aller a brest,Quimper,Brest,9
2906,INVALID,Le maire de Elbeuf,Elbeuf,Amiens,24
1218,VALID,Un billet Toulon Mende s'il vous plaît,Toulon,Mende,2
1747,VALID,Un aller simple Fontenay-le-Comte Saint-Quentin,Fontenay-le-Comte,Saint-Quentin,10
1420,VALID,Quels sont les horaires de train Chalon-sur-Saône Amiens ?,Chalon-sur-Saône,Amiens,8
1986,INVALID,quelle est la population de boulogne-billancourt ?,Boulogne-Billancourt,Brest,22
3503,INVALID,challans est une belle ville,Challans,Amboise,18
3407,VALID,un aller simple pau avignon,Pau,Avignon,10
3764,VALID,Je veux aller de Bastia a Bolbec,Bastia,Bolbec,1
3816,INVALID,Le maire de Annecy,Annecy,Auxerre,24
2603,INVALID,Quel temps fait-il à Auch ?,Auch,Tours,16
3645,INVALID,roubaix est une belle ville,Roubaix,Valence,18
1211,VALID,Je dois me rendre de Reims à Saint-Nazaire,Reims,Saint-Nazaire,7
1822,VALID,Je pars de Compiègne direction Perpignan,Compiègne,Perpignan,12
1757,VALID,Quels sont les horaires de train Nîmes Elbeuf ?,Nîmes,Elbeuf,8
3371,INVALID,Metz est une belle ville,Metz,Yvetot,18
1838,VALID,Y a-t-i des trains vers Potivy audépart de Louviers ?,Louviers,Pontivy,4
3883,VALID,Trajet de Port-Boulet vers Montreuil,Port-Boulet,Montreuil,11
812,VALID,Je pars de Mulhouse direction Rennes,Mulhouse,Rennes,12
3421,VALID,y a-t-il des trains vers dunkerque au depart de rouen ?,Rouen,Dunkerque,4
2909,INVALID,Le maire de Évreux,Évreux,Bourgoin-Jallieu,24
689,VALID,Je voudrais partir de Loches pour aller à Laon,Loches,Laon,9
3833,INVALID,Quel temps fait-il a Annemasse ?,Annemasse,Vierzon,16
514,VALID,Je voudrais partir de Cannes pour aller à Reims,Cannes,Reims,9
996,VALID,Je voudrais partir de Saint-Nazaire pour aller à Valenciennes,Saint-Nazaire,Valenciennes,9
2236,INVALID,Belfort est une belle ville,Belfort,Bolbec,18
902,VALID,Je cherche un train Romans-sur-Isère Aix-les-Bains,Romans-sur-Isère,Aix-les-Bains,14
422,VALID,Départ Vernon arrivée Le Havre,Vernon,Le Havre,15
3405,INVALID,restaurant a epinal,Épinal,Antibes,25
281,VALID,un billet laon auray s'il vous plaît,Laon,Auray,2
3338,INVALID,Mon ami vit à Étampes et moi à Aurillac,Étampes,Aurillac,19
1915,INVALID,j'habite à montargis,Montargis,Thonon-les-Bains,17
2087,INVALID,restaurant à fougères,Fougères,Sens,25
2164,INVALID,Briançon est une belle ville,Briançon,Montargis,18
2788,INVALID,Vienne est une belle ville,Vienne,Saint-Nazaire,18
1260,VALID,Y a-t-il des trains vers Niort au départ de Vierzon ?,Vierzon,Niort,4
3852,VALID,Je cherche un train Villeurbanne Bourges,Villeurbanne,Bourges,14
1968,INVALID,quelle est la population de clermont-ferrand ?,Clermont-Ferrand,Brest,22
1354,VALID,Comment me rendre à Valence depuis Évreux ?,Évreux,Valence,3
1275,VALID,Comment me rendre à Cherbourg depuis Blois ?,Blois,Cherbourg,3
3247,INVALID,Quel temps fait-il à Elbeuf ?,Elbeuf,Strasbourg,16
3020,INVALID,Bonjour,Albert,Bourges,21
1387,VALID,Comment me rendre à Auray depuis Clisson ?,Clisson,Auray,3
1372,VALID,Je souhaite voyager de Dijon vers Toul,Dijon,Toul,5
1521,VALID,Je veux aller de Dieppe à Dinan,Dieppe,Dinan,1
1538,VALID,Départ Lille arrivée Saint-Étienne,Lille,Saint-Étienne,15
2551,INVALID,Restaurant à Lille,Lille,Carcassonne,25
3212,INVALID,Mon ami vit à Créteil et moi à Saint-Omer,Créteil,Saint-Omer,19
2127,INVALID,Restaurant à Cannes,Cannes,Rouen,25
2078,INVALID,mon ami vit à troyes et moi à tourcoing,Troyes,Tourcoing,19
2671,INVALID,Vesoul ou Chalon-sur-Saône pour les vacances ?,Vesoul,Chalon-sur-Saône,23
874,VALID,Vernon Lannion pour demain,Vernon,Lannion,6
2798,INVALID,Bonjou,Orange,Bordeaux,21
1309,VALID,Je pars de Modane direction Vitry-le-François,Modane,Vitry-le-François,12
548,VALID,Je veux aller de Orléans à Chaumont,Orléans,Chaumont,1
576,VALID,Comment me rendre à Angers depuis Verdun ?,Verdun,Angers,3
212,VALID,je pars de modane direction port-boulet,Modane,Port-Boulet,12
3243,INVALID,Restaurant à Tourcoing,Tourcoing,Marseille,25
3171,INVALID,Bonjour,Rodez,Périgueux,21
182,VALID,quels sont les horaires de train montpellier le mans ?,Montpellier,Le Mans,8
2459,INVALID,Auch ou Beauvais pour les vacances ?,Auch,Beauvais,23
2627,INVALID,La distance entre Aubenas et Le Puy-en-Velay,Aubenas,Le Puy-en-Velay,20
2843,INVALID,Mon ami vit à Aix-les-Bains et moi à Valenciennes,Aix-les-Bains,Valenciennes,19
671,VALID,Départ Carcassonne arrivée Bastia,Carcassonne,Bastia,15
1643,VALID,Je voudrais partir de Calais pour aller à Meaux,Calais,Meaux,9
1035,VALID,Comment me rendre à Lisieux depuis Blois ?,Blois,Lisieux,3
2139,INVALID,Mende ou Vernon pour les vacances ?,Mende,Vernon,23
550,VALID,Prochain train pour Besançon depuis Calais,Calais,Besançon,13
2941,INVALID,Chaumont est une belle ville,Chaumont,Villeurbanne,18
2607,INVALID,Restaurant à Lyon,Lyon,Niort,25
1872,VALID,Quels sont les horaires de train Béziers Poitiers ?,Béziers,Poitiers,8
2543,INVALID,Quelle est la population de Lisieux ?,Lisieux,Montargis,22
1289,VALID,Perpignan Fontenay-le-Comte pour demain,Perpignan,Fontenay-le-Comte,6
2617,INVALID,Le maire de Albi,Albi,Laon,24
1564,VALID,Prochain train pour Dunkerque depuis Nice,Nice,Dunkerque,13
2808,INVALID,Quel temps fait-il à Saint-Étienne ?,Saint-Étienne,Chaumont,16
2772,INVALID,Quelle est la population de Morlaix ?,Morlaix,Clisson,22
3899,INVALID,La distance entre Dole et Beauvais,Dole,Beauvais,20
2541,INVALID,Le maire de Créteil,Créteil,Briançon,24
2563,INVALID,L emairee de Antibes,Antibes,Auch,24
2196,INVALID,Ladistance ntreA urayet Privas,Auray,Privas,20
3686,INVALID,J'habite a Fougere,Fougères,Bolbec,17
589,VALID,Je voudrais partir de Amiens pour aller à Toulouse,Amiens,Toulouse,9
1631,VALID,Y a-t-il des trains vers Chinon au départ de Pontarlier ?,Pontarlier,Chinon,4
2520,INVALID,Quel temps fait-il à Lens ?,Lens,Bar-le-Duc,16
2587,INVALID,La distance entre Marseille et Strasbourg,Marseille,Strasbourg,20
1135,VALID,Je voudrais partir de Melun pour aller à Troyes,Melun,Troyes,9
2730,INVALID,Quel temps fait-il à Saumur ?,Saumur,Amiens,16
1259,VALID,Trajet de Annecy vers Fécamp,Annecy,Fécamp,11
2276,INVALID,Tourcoing est une belle ville,Tourcoing,Aurillac,18
2081,INVALID,restaurant à le havre,Le Havre,Albertville,25
680,VALID,Prochain train pour Briançon depuis Charleville-Mézières,Charleville-Mézières,Briançon,13
1524,VALID,n aller simle Pontivy Port-Bulet,Pontivy,Port-Boulet,10
2658,INVALID,Mon ami vit à Les Sables-d'Olonne et moi à Lourdes,Les Sables-d'Olonne,Lourdes,19
798,VALID,Je dois me rendre de Angers à Versailles,Angers,Versailles,7
393,VALID,Je souhaite voyager de Bolbec vers Chinon,Bolbec,Chinon,5
3410,INVALID,j'habite a argenteuil,Argenteuil,Saint-Quentin,17
1030,VALID,Un billet Valence Segré s'il vous plaît,Valence,Segré,2
2653,INVALID,Quel temps fait-il à Loches ?,Loches,Le Havre,16
159,VALID,trajet de fontenay-le-comte vers fécamp,Fontenay-le-Comte,Fécamp,11
2312,INVALID,Quel temps fait-il à Vichy ?,Vichy,Lunéville,16
313,VALID,Quels sont les horaires de train Briançon Privas ?,Briançon,Privas,8
3737,VALID,Y a-t-il des trains vers Versailles au depart de Fecamp ?,Fécamp,Versailles,4
1237,VALID,Je pars de Châteauroux direction Lyon,Châteauroux,Lyon,12
971,VALID,Angoulême Évreux pour demain,Angoulême,Évreux,6
2096,INVALID,le maire de chalon-sur-saône,Chalon-sur-Saône,Ancenis,24
1018,VALID,Orange Potnarrlier pour demain,Orange,Pontarlier,6
2790,INVALID,Mon ami vit à Manosque et moi à Reims,Manosque,Reims,19
2476,INVALID,Rsetaurant à Le Puy-en-Velay,Le Puy-en-Velay,Port-Boulet,25
3588,INVALID,lyon ou bourgoin-jallieu pour les vacances ?,Lyon,Bourgoin-Jallieu,23
793,VALID,Départ Perpignan arrivée Troyes,Perpignan,Troyes,15
3375,INVALID,Bonjour,Laval,Saint-Denis,21
1648,VALID,Départ Quimper arrivée Aix-les-Bains,Quimper,Aix-les-Bains,15
406,VALID,Un billet Cholet Amiens s'il vous plaît,Cholet,Amiens,2
3172,INVALID,LeMans ou Nancyp oru les vacances ?,Le Mans,Nancy,23
70,VALID,départ lisieux arrivée maubeuge,Lisieux,Maubeuge,15
1472,VALID,Je cherche un train Aix-en-Provence Saint-Denis,Aix-en-Provence,Saint-Denis,14
1335,VALID,Un billet Étampes Morlaix s'il vous plaît,Étampes,Morlaix,2
3163,INVALID,La distance entre Nanterre et Tourcoing,Nanterre,Tourcoing,20
2160,INVALID,Yvetot est une belle ville,Yvetot,Nanterre,18
3261,INVALID,Mon ami vit à Bastia et moi à Albert,Bastia,Albert,19
3255,INVALID,J'habite à Digne-les-Bains,Digne-les-Bains,Aurillac,17
1279,VALID,Y a-t-il des trains vers Auray au départ de Manosque ?,Manosque,Auray,4
3572,VALID,je dois me rendre de epernay a melun,Épernay,Melun,7
1137,VALID,Quels sont les horaires de train Oyonnax Boulogne-Billancourt ?,Oyonnax,Boulogne-Billancourt,8
2589,INVALID,Quelle est la population de Port-Boulet ?,Port-Boulet,Le Puy-en-Velay,22
2823,INVALID,Elbeuf est une belle ville,Elbeuf,Avignon,18
3096,INVALID,Mon ami vit à Auch et moi à Évreux,Auch,Évreux,19
2972,INVALID,Le maire de Bordeaux,Bordeaux,Vienne,24
302,VALID,Comment me rendre à Saint-Brieuc depuis Lille ?,Lille,Saint-Brieuc,3
101,VALID,je veux aller de montpellier à saint-omer,Montpellier,Saint-Omer,1
1093,VALID,Je pars de Meaux direction Fontainebleau,Meaux,Fontainebleau,12
2786,INVALID,Bonjour,Agen,Cergy,21
2225,INVALID,Le maire de Fontainebleau,Fontainebleau,Clisson,24
2956,INVALID,Mon ami vit à Vitré et moi à Tarbes,Vitré,Tarbes,19
3688,VALID,Je dois me rendre de Segre a Vierzon,Segré,Vierzon,7
2272,INVALID,Lons-le-Saunier est une belle ville,Lons-le-Saunier,Rennes,18
1930,INVALID,j'habite à concarneau,Concarneau,Saint-Malo,17
1781,VALID,Un aller simple pÉernay Berck,Épernay,Berck,10
1369,VALID,Un aller simple Bolbec Arras,Bolbec,Arras,10
2408,INVALID,Mon ami vit à Lens et moi à Berck,Lens,Berck,19
1712,VALID,Y a-t-il des trains vers Lorient au départ de Saumur ?,Saumur,Lorient,4
2744,INVALID,Le maire de Dunkerque,Dunkerque,Strasbourg,24
1184,VALID,Je dois me rendre de Amiens à Beauvais,Amiens,Beauvais,7
696,VALID,Comment me rendre à Paris depuis Pontarlier ?,Pontarlier,Paris,3
503,VALID,Melun Perpignan pour demain,Melun,Perpignan,6
1849,VALID,Je veux aller de Auxerre à Soissons,Auxerre,Soissons,1
955,VALID,Prochain train pour Pau depuis Villeurbanne,Villeurbanne,Pau,13
1804,VALID,Prochain train pour Aix-les-Bains depuis Montreuil,Montreuil,Aix-les-Bains,13
1617,VALID,Un aller simple Lunéville Le Havre,Lunéville,Le Havre,10
3388,INVALID,Carcassonne ou Antibes pour les vacances ?,Carcassonne,Antibes,23
3584,INVALID,quelle est la population de albi ?,Albi,Bayonne,22
1083,VALID,Prochain train pour Mulhouse depuis Auch,Auch,Mulhouse,13
1174,VALID,Départ Vesoul arrivée Épinal,Vesoul,Épinal,15
1502,VALID,Y a-t-il des trains vers Auxerre au départ de Maubeuge ?,Maubeuge,Auxerre,4
1448,VALID,Un billet Calais Avranches s'il vous plaît,Calais,Avranches,2
1078,VALID,Je veux aller de Étampes à Douai,Étampes,Douai,1
894,VALID,Un aller simple Toul Albert,Toul,Albert,10
3412,VALID,meaux aurillac pour demain,Meaux,Aurillac,6
1377,VALID,Trajet de Fougères vers Tarbes,Fougères,Tarbes,11
1695,VALID,Nice Troyes pour demain,Nice,Troyes,6
205,VALID,je veux aller de ancenis à clisson,Ancenis,Clisson,1
2222,INVALID,Quel temps fait-il à Boulogne-Billancourt ?,Boulogne-Billancourt,Nancy,16
1017,VALID,Comment me rendre à Mende depuis Vesoul ?,Vesoul,Mende,3
321,VALID,Je cherche un train Ajaccio Bourg-en-Bresse,Ajaccio,Bourg-en-Bresse,14
3126,INVALID,Mon ami vit à Toul et moi à Louvirs,Toul,Louviers,19
2296,INVALID,Restaurant à Nancy,Nancy,Provins,25
19,VALID,comment me rendre à maubeuge depuis alençon ?,Alençon,Maubeuge,3
2662,INVALID,J'habite à Orange,Orange,Orléans,17
3386,INVALID,Fontenay-le-Comte est une belle ville,Fontenay-le-Comte,Briançon,18
1172,VALID,Quels sont les horaires de train Toulon Troyes ?,Toulon,Troyes,8
3351,INVALID,Quelle est la population de Ajaccio ?,Ajaccio,Annemasse,22
2424,INVALID,Quelle est la population de Lons-le-aSunier ?,Lons-le-Saunier,Troyes,22
1397,VALID,Je souhaite voyager de Vienne vers Morlaix,Vienne,Morlaix,5
1854,VALID,Je souhaite voyager de Quimper vers Nevers,Quimper,Nevers,5
25,VALID,trajet de saint-brieuc vers beauvais,Saint-Brieuc,Beauvais,11
2020,INVALID,j'habite à chambéry,Chambéry,Manosque,17
2980,INVALID,Quelle est la population de Le Puy-en-Velay ?,Le Puy-en-Velay,Chinon,22
2879,INVALID,Bonjour,Villeurbanne,Nice,21
1209,VALID,Comment me rendre à Clermont-Ferrand depuis Rennes ?,Rennes,Clermont-Ferrand,3
3345,INVALID,J'habite à Fontenay-le-Comte,Fontenay-le-Comte,Limoges,17
3664,INVALID,Bonjour,Montivilliers,Montargis,21
1950,INVALID,restaurant à aix-en-provence,Aix-en-Provence,Toul,25
2007,INVALID,port-boulet estu ne bbelle vill,Port-Boulet,Strasbourg,18
2344,INVALID,Restaurant à Aubenas,Aubenas,Châteaubriant,25
584,VALID,Je ars de Avignon direction Caen,Avignon,Caen,12
2576,INVALID,Bonjour,Bayonne,Étampes,21
2764,INVALID,Restaurant à Aubenas,Aubenas,Saint-Étienne,25
1666,VALID,Un aller simple Port-Boulet Challans,Port-Boulet,Challans,10
1815,VALID,Je dois me rendre de Grenoble à Bourges,Grenoble,Bourges,7
1450,VALID,Départ Nîmes arrivée Vienne,Nîmes,Vienne,15
1887,VALID,Je dois me rendre de Annecy à Orange,Annecy,Orange,7
1325,VALID,Quels sont les horaires de train Les Sables-d'Olonne Cambrai ?,Les Sables-d'Olonne,Cambrai,8
942,VALID,Je dois me rendre de Vernon à Tours,Vernon,Tours,7
2010,INVALID,j'habite à orange,Orange,Reims,17
3573,VALID,je souhaite voyager de les sables-d'olonne vers la rochelle,Les Sables-d'Olonne,La Rochelle,5
3153,INVALID,Quel temps fait-il à Orléans ?,Orléans,Auray,16
668,VALID,Un billet Romans-sur-Isère Blois s'il vous plaît,Romans-sur-Isère,Blois,2
1630,VALID,Je dois me rendre de  Oyonna à oMntreuil,Oyonnax,Montreuil,7
2805,INVALID,Quel temps fait-il à Rodez ?,Rodez,Montargis,16
3775,VALID,Je souhaite voyager de Nice vers Dinan,Nice,Dinan,5
1355,VALID,Trajet de Arras vers Marseille,Arras,Marseille,11
1266,VALID,Départ Le Havre arrivée eSns,Le Havre,Sens,15
2330,INVALID,Quel temps fait-il à Bolbec ?,Bolbec,Perpignan,16
1729,VALID,Je veux aller de Auray à Digne-les-Bains,Auray,Digne-les-Bains,1
1336,VALID,Comment me rendre à Belfort depuis Mende ?,Mende,Belfort,3
3885,INVALID,Quelle est la population de Nancy ?,Nancy,Béziers,22
2713,INVALID,Quel temps fait-il à Dijon ?,Dijon,Rodez,16
567,VALID,Je cherche un train Saint-Denis Lorient,Saint-Denis,Lorient,14
519,VALID,Je souhaite voyager de Argenteuil vers Tarbes,Argenteuil,Tarbes,5
3635,VALID,quels sont les horaires de train rennes sens ?,Rennes,Sens,8
2336,INVALID,Saint-Dizier est une belle ville,Saint-Dizier,Alençon,18
3052,INVALID,Le maire de Auxerre,Auxerre,Lorient,24
1859,VALID,Y a-t-il des trains vers Albertville au départ de Vichy ?,Vichy,Albertville,4
2269,INVALID,J'habite à Pontoise,Pontoise,Épinal,17
2342,INVALID,Restaurant à Annecy,Annecy,Annemasse,25
1196,VALID,Départ Tourcoing arrivée Vesoul,Tourcoing,Vesoul,15
1980,INVALID,la distance entre amiens et saint-brieuc,Amiens,Saint-Brieuc,20
937,VALID,Comment me rendre à Montpellier depuis Étampes ?,Étampes,Montpellier,3
3080,INVALID,Restaurant à Besançon,Besançon,Paris,25
632,VALID,Comment me rendre à Lens depuis Digne-les-Bains ?,Digne-les-Bains,Lens,3
1234,VALID,Je voudrais partir de Clisson pour aller à Étampes,Clisson,Étampes,9
94,VALID,comment me rendre à montreuil depuis vernon ?,Vernon,Montreuil,3
2794,INVALID,Dijon ou Étampes pour les vacances ?,Dijon,Étampes,23
2516,INVALID,Alençon ou Lourdes pour lesv acances ?,Alençon,Lourdes,23
1476,VALID,Je dois me rendre de Vichy à Lourdes,Vichy,Lourdes,7
483,VALID,Départ Hazebrouck arrivée Évreux,Hazebrouck,Évreux,15
1494,VALID,Évry Étampes pour demain,Évry,Étampes,6
2388,INVALID,La distance entre Chaumont et Avranches,Chaumont,Avranches,20
2897,INVALID,Quelle est la population de Elbeuf ?,Elbeuf,Auxerre,22
3123,INVALID,J'habite à Bolbec,Bolbec,Lisieux,17
736,VALID,Trajet de Nice vers Toulon,Nice,Toulon,11
327,VALID,Je souhaite voyager de Arles vers Avranches,Arles,Avranches,5
3649,INVALID,J'habite a Concarneau,Concarneau,Modane,17
3634,VALID,je pars de montargis direction challans,Montargis,Challans,12
2032,INVALID,mon ami vit à versailles et moi à épernay,Versailles,Épernay,19
549,VALID,Je cherche un train Saint-Quentin Périgueux,Saint-Quentin,Périgueux,14
3194,INVALID,Quelle est la population de Soissons ?,Soissons,Argenteuil,22
3587,VALID,depart villeurbanne arrivee lorient,Villeurbanne,Lorient,15
2888,INVALID,Bonjour,Oyonnax,Courbevoie,21
3093,INVALID,Épinal ou Lille pour les vacances ?,Épinal,Lille,23
1140,VALID,Y a-t-il des trains vers Bolbec au départ de Soissons ?,Soissons,Bolbec,4
792,VALID,Lorient Grenoble pour demain,Lorient,Grenoble,6
3607,VALID,un billet grenoble abbeville s'il vous plait,Grenoble,Abbeville,2
3624,INVALID,quel temps fait-il a bolbec ?,Bolbec,Verdun,16
2024,INVALID,périgueux est une belle ville,Périgueux,Versailles,18
2749,INVALID,Segré ou Saint-Nazaire pour les vacances ?,Segré,Saint-Nazaire,23
1464,VALID,Y a-t-il ds trans vers Lourdes au départ de Melun ?,Melun,Lourdes,4
774,VALID,Quels sont les horaires de train Hazebrouck Bordeaux ?,Hazebrouck,Bordeaux,8
3321,INVALID,Bonjour,Agen,Nancy,21
2513,INVALID,Quel temps fait-il à Carcassonne ?,Carcassonne,Le Puy-en-Velay,16
2359,INVALID,Restaurant à Angers,Angers,Pau,25
786,VALID,Trajet de Marseille vers Segré,Marseille,Segré,11
3678,INVALID,Quelle est la population de Ajaccio ?,Ajaccio,Rennes,22
2390,INVALID,Bourg-en-Bresse est une belle ville,Bourg-en-Bresse,Meaux,18
2478,INVALID,J'habite à Laon,Laon,Lyon,17
1774,VALID,Je pars  de Agen direction Avrnaches,Agen,Avranches,12
3190,INVALID,Restaurant à Romans-sur-Isère,Romans-sur-Isère,Lille,25
2570,INVALID,Mon ami vit à Albi et moi à Chaumont,Albi,Chaumont,19
2606,INVALID,Bonjour,Compiègne,Aurillac,21
1827,VALID,Montauban Lons-le-Saunier pour demain,Montauban,Lons-le-Saunier,6
2564,INVALID,Le maire de Digne-les-Bains,Digne-les-Bains,Montivilliers,24
1405,VALID,Je voudrais partir de Fontainebleau pour aller à Nevers,Fontainebleau,Nevers,9
2938,INVALID,Caen ou Bastia pour les vacances ?,Caen,Bastia,23
3462,VALID,un aller simple thonon-les-bains tarbes,Thonon-les-Bains,Tarbes,10
1639,VALID,Départ Étampes arrivée Annecy,Étampes,Annecy,15
713,VALID,Un aller simple Vichy Loches,Vichy,Loches,10
1868,VALID,Trajet de Étampes vers Saint-Dizier,Étampes,Saint-Dizier,11
2869,INVALID,Mon ami vit à Biarritz et moi à Montbéliard,Biarritz,Montbéliard,19
1297,VALID,Départ Montargis arrivée Versailles,Montargis,Versailles,15
2707,INVALID,Restaurant à Avignon,Avignon,Dole,25
50,VALID,départ boulogne-sur-mer arrivée tarbes,Boulogne-sur-Mer,Tarbes,15
2371,INVALID,Restaurant à Orange,Orange,Alençon,25
3705,INVALID,Bastia ou Bordeaux pour les vacances ?,Bastia,Bordeaux,23
2400,INVALID,J'habite à Florence,Florence,Belfort,17
1621,VALID,Comment me rendre à Aubenas depuis Avignon ?,Avignon,Aubenas,3
1792,VALID,Un aller simple Montreuil Chartres,Montreuil,Chartres,10
1610,VALID,Départ Dieppe arrivée Abbeville,Dieppe,Abbeville,15
175,VALID,je dois me rendre de alençon à louviers,Alençon,Louviers,7
125,VALID,trajet de aix-les-bains vers bar-le-duc,Aix-les-Bains,Bar-le-Duc,11
3821,VALID,Je veux aller de Privas a Avignon,Privas,Avignon,1
3566,VALID,prochain train pour villeurbanne depuis bayonne,Bayonne,Villeurbanne,13
3206,INVALID,Nice ou Clermont-Ferrand pour les vacances ?,Nice,Clermont-Ferrand,23
1077,VALID,Quels sont les horaires de train Valenciennes Agen ?,Valenciennes,Agen,8
2960,INVALID,Orange est une belle ville,Orange,Rennes,18
3370,INVALID,Quelle est la population de Vierzon ?,Vierzon,Aix-en-Provence,22
1073,VALID,Je cherche un train Niort Vitré,Niort,Vitré,14
2831,INVALID,Quel temps fait-il à Abbeville ?,Abbeville,Perpignan,16
3698,VALID,Je cherche un train Biarritz Strasbourg,Biarritz,Strasbourg,14
582,VALID,Je cherche un train Rennes Dunkerque,Rennes,Dunkerque,14
1459,VALID,Départ Paris arrivée Chambéry,Paris,Chambéry,15
3332,INVALID,Bonjour,Beauvais,Moulins,21
1768,VALID,Je cherche un tain Bourgoiin-Jalleu Verdun,Bourgoin-Jallieu,Verdun,14
2169,INVALID,La distance entre Chartres et Melun,Chartres,Melun,20
3834,INVALID,Rodez est une blele ville,Rodez,Dole,18
39,VALID,trajet de modane vers nice,Modane,Nice,11
1791,VALID,Je souhaite voyager de Cannes vers Oyonnax,Cannes,Oyonnax,5
2933,INVALID,Mon ami vit à Lisieux et moi à Abbeville,Lisieux,Abbeville,19
2886,INVALID,Le maire de Chinon,Chinon,Laval,24
2017,INVALID,quel temps fait-il à manosque ?,Manosque,Boulogne-Billancourt,16
1392,VALID,Y a-t-il des trains vers Périgueux au départ de Grenoble ?,Grenoble,Périgueux,4
2180,INVALID,Le maire de Saint-Étienne,Saint-Étienne,Chambéry,24
2827,INVALID,Le maire de Montpellier,Montpellier,Dinan,24
3083,INVALID,J'habite à Aubenas,Aubenas,Belfort,17
3876,VALID,Je pars de Montauban direction Epinal,Montauban,Épinal,12
534,VALID,Un billet Saint-Étienne Albertville s'il vous plaît,Saint-Étienne,Albertville,2
3762,INVALID,La distance entre Tours et Clermont-Ferrand,Tours,Clermont-Ferrand,20
2420,INVALID,Quelle est la population de Vierzon ?,Vierzon,Auray,22
538,VALID,Je souhaite voyager de Dunkerque vers Nice,Dunkerque,Nice,5
1305,VALID,Clermont-Ferrand Brest pour demain,Clermont-Ferrand,Brest,6
350,VALID,Un billet Cherbourg Arras s'il vous plaît,Cherbourg,Arras,2
1148,VALID,Lisieux Bourgoin-Jallieu pour demain,Lisieux,Bourgoin-Jallieu,6
607,VALID,Je voudrais partir de Auch pour aller à Saint-Omer,Auch,Saint-Omer,9
480,VALID,Prochain train pour Saint-Omer depuis Courbevoie,Courbevoie,Saint-Omer,13
2550,INVALID,Quelle est la population de Saint-Malo ?,Saint-Malo,Soissons,22
2752,INVALID,J'habite à Saint-Étienne,Saint-Étienne,Châteaubriant,17
2442,INVALID,Le maire de Évreux,Évreux,Saumur,24
599,VALID,Je dois me rendre de Montivilliers à Bourgoin-Jallieu,Montivilliers,Bourgoin-Jallieu,7
3379,INVALID,Le maire de Briançon,Briançon,Nice,24
442,VALID,Je cherch eun train Avignon Cery,Avignon,Cergy,14
3602,VALID,trajet de toulouse vers biarritz,Toulouse,Biarritz,11
145,VALID,départ laal arrivée chinon,Laval,Chinon,15
1353,VALID,Trajet de Mulhouse vers Aurillac,Mulhouse,Aurillac,11
956,VALID,Je pars de Digne-les-Bains direction Carcassonne,Digne-les-Bains,Carcassonne,12
2432,INVALID,Mon ami vit à Béthune et moi à Angoulême,Béthune,Angoulême,19
878,VALID,Prochain train pour Arles depuis Lunéville,Lunéville,Arles,13
652,VALID,Un billet Courbevoie Cherbourg s'il vous plaît,Courbevoie,Cherbourg,2
1826,VALID,Prochain train pour Langres depuis Alençon,Alençon,Langres,13
2806,INVALID,Le maire de Aurillac,Aurillac,Dinan,24
608,VALID,Quels sont les horaires de train Arles Reims ?,Arles,Reims,8
1051,VALID,Trajet de Montauban vers Morlaix,Montauban,Morlaix,11
3285,INVALID,La distance entre Sens et Belfort,Sens,Belfort,20
512,VALID,Je cherche un train Bar-le-Duc Bourges,Bar-le-Duc,Bourges,14
2185,INVALID,Lons-le-Saunier ou Quimper pour les vacances ?,Lons-le-Saunier,Quimper,23
2999,INVALID,Le maire de Langres,Langres,Rennes,24
3062,INVALID,La distance entre Bastia et Boulogne-Billancourt,Bastia,Boulogne-Billancourt,20
539,VALID,Un aller simple Albertville Montargis,Albertville,Montargis,10
1363,VALID,Un aller simple Roubaix Thonon-les-Bains,Roubaix,Thonon-les-Bains,10
1362,VALID,Je dois me rendre de Aurillac à Mende,Aurillac,Mende,7
1433,VALID,Y at-il des trains vers Montargis au départ de Dunkerque ?,Dunkerque,Montargis,4
1179,VALID,Un billet Meaux Port-Boulet s'il vous plaît,Meaux,Port-Boulet,2
2682,INVALID,La distance entre Poitiers et Antibes,Poitiers,Antibes,20
771,VALID,Comment me rendre à Niort depuis Saint-Brieuc ?,Saint-Brieuc,Niort,3
3179,INVALID,Mon ami vit à Boulogne-sur-Mer et moi à Saint-Étienne,Boulogne-sur-Mer,Saint-Étienne,19
898,VALID,Lyon Nîmes pour demain,Lyon,Nîmes,6
1751,VALID,Un aller simple Clisson Quimper,Clisson,Quimper,10
2402,INVALID,Bonjour,Bolbec,Étampes,21
522,VALID,Quels sont les horaires de train Laval Douai ?,Laval,Douai,8
924,VALID,Je souhaite voyager de Épernay vers Vannes,Épernay,Vannes,5
3867,VALID,Je pars de Toulon direction Reims,Toulon,Reims,12
3254,INVALID,Mon ami vit à Vesoul et moi à Auxerre,Vesoul,Auxerre,19
1247,VALID,Je voudrais partir de Aubenas pour aller à Bourg-en-Bresse,Aubenas,Bourg-en-Bresse,9
3595,INVALID,albiou annemasse pour les acances ?,Albi,Annemasse,23
3479,VALID,trajet de chateaubriant vers cholet,Châteaubriant,Cholet,11
27,VALID,comment me rendre à concarneau depuis montargis ?,Montargis,Concarneau,3
3529,VALID,un aller simple strasbourg montreuil,Strasbourg,Montreuil,10
1934,INVALID,quelle est la population de argenteuil ?,Argenteuil,Douai,22
2942,INVALID,Mon ami vit à Montbéliard et moi à Belfort,Montbéliard,Belfort,19
2207,INVALID,La distance entre Hazebrouck et Amboise,Hazebrouck,Amboise,20
224,VALID,je cherche un train amboise rodez,Amboise,Rodez,14
2392,INVALID,Bonjour,Dijon,Oyonnax,21
625,VALID,Un aller simple Port-Boulet Berck,Port-Boulet,Berck,10
3697,VALID,Comment me rendre a Bourg-en-Bresse depuis Digne-les-Bains ?,Digne-les-Bains,Bourg-en-Bresse,3
439,VALID,Trajet de Créteil vers Versailles,Créteil,Versailles,11
2880,INVALID,Quel temps fait-il à Créteil ?,Créteil,Courbevoie,16
601,VALID,Un billet Tours Mulhouse s'il vvous plaît,Tours,Mulhouse,2
26,VALID,un billet auch dole s'il vous plaît,Auch,Dole,2
2647,INVALID,Quel temps fait-il à Fécamp ?,Fécamp,Tarbes,16
2034,INVALID,j'habite à brest,Brest,Aix-en-Provence,17
573,VALID,Un alleer simple Laonn Vesoul,Laon,Vesoul,10
2117,INVALID,Soissons ou Toulon pour les vacances ?,Soissons,Toulon,23
1151,VALID,Y a-t-il des trains vers Hazebrouck au départ de Pau ?,Pau,Hazebrouck,4
3249,INVALID,Quel temps fait-il à Aubenas ?,Aubenas,Tarbes,16
2727,INVALID,Challans ou Chartres pour les vacances ?,Challans,Chartres,23
222,VALID,trajet de auray vers segré,Auray,Segré,11
721,VALID,Un billet Tarbes Concarneau s'il vous plaît,Tarbes,Concarneau,2
1084,VALID,Prochain train pour Bourgoin-Jallieu depuis Toulon,Toulon,Bourgoin-Jallieu,13
626,VALID,Comment me rendre à Laval depuis Valence ?,Valence,Laval,3
3589,VALID,je cherche un train saint-omer le puy-en-velay,Saint-Omer,Le Puy-en-Velay,14
3273,INVALID,La distance entre Mende te Cambrai,Mende,Cambrai,20
274,VALID,je voudrais partir de perpignan pour aller à courbevoie,Perpignan,Courbevoie,9
1429,VALID,Je cherche un train Amboise Lorient,Amboise,Lorient,14
1117,VALID,Je voudrais partir de Angoulême pour aller à Argenteuil,Angoulême,Argenteuil,9
1482,VALID,Je pars de Chaumont direction Clisson,Chaumont,Clisson,12
2263,INVALID,Le maire de Lourdes,Lourdes,Saint-Denis,24
3278,INVALID,Quelle est la population de Calais ?,Calais,Maubeuge,22
2903,INVALID,Chalon-sur-Saône est une belle ville,Chalon-sur-Saône,Arras,18
3800,VALID,Un aller simple Beziers Luneville,Béziers,Lunéville,10
1569,VALID,Port-Boulet Melun pour demain,Port-Boulet,Melun,6
944,VALID,Prochain train pour Les Sables-d'Olonne depuis Bastia,Bastia,Les Sables-d'Olonne,13
3049,INVALID,Bonjour,Saint-Quentin,Blois,21
1300,VALID,Un billet Nice Poitiers s'il vous plaît,Nice,Poitiers,2
2076,INVALID,restaurant à avignon,Avignon,Lannion,25
3366,INVALID,Pontoise est une belle ville,Pontoise,Saint-Brieuc,18
463,VALID,Un aller simple Loches Reims,Loches,Reims,10
777,VALID,Départ Châteaubriant arrivée Toul,Châteaubriant,Toul,15
515,VALID,Je pars de Gap direction Laon,Gap,Laon,12
304,VALID,Quels sont les horaires de train Ancenis Les Sables-d'Olonne ?,Ancenis,Les Sables-d'Olonne,8
1843,VALID,Je veux aller de Avignon à Moulins,Avignon,Moulins,1
53,VALID,comment me rendre à fécamp depuis louviers ?,Louviers,Fécamp,3
437,VALID,Trajet de Troyes vers Saint-Denis,Troyes,Saint-Denis,11
526,VALID,Je cherche un train Bordeaux Saint-Quentin,Bordeaux,Saint-Quentin,14
3505,INVALID,j'habite a luneville,Lunéville,Chinon,17
1940,INVALID,j'habite à châteaubriant,Châteaubriant,Marseille,17
2834,INVALID,Restaurant à Beauvais,Beauvais,Évreux,25
1570,VALID,Je dois me rendre de Angers à Bordeaux,Angers,Bordeaux,7
2735,INVALID,Restaurant à Perpignan,Perpignan,Mâcon,25
2118,INVALID,Bonjour,Épinal,Vitré,21
3266,INVALID,La distance entre Elbeuf et Langres,Elbeuf,Langres,20
3840,VALID,Je cherche un train Vienne Beziers,Vienne,Béziers,14
1962,INVALID,mon ami vit à vendôme et moi à segré,Vendôme,Segré,19
2884,INVALID,Montpellier est une belle ville,Montpellier,Provins,18
1058,VALID,Quels sont les horaires de train Amboise Sens ?,Amboise,Sens,8
