sentence_id,label,sentence,departure,arrival,template_id
3932,VALID,Quel train prendre pour aller de Laval a Lannion ?,Laval,Lannion,84
1213,VALID,Je veux me rendre à Maubeuge depuis Pau par le train,Pau,Maubeuge,73
3894,VALID,je souhaite reserver un train de oyonnax vers belfort,Oyonnax,Belfort,58
1383,VALID,Je dois être à Antibes avant midi en partant de Clisson,Clisson,Antibes,88
1532,VALID,Je prends le train de Fontainebleau à Lunéville,Fontainebleau,Lunéville,61
908,VALID,Je veux artir en trrain de Évreux à  Douaii smedi,Évreux,Douai,126
1388,VALID,Y a-t-il un départ tôt demain de Calais vers Cherbourg ?,Calais,Cherbourg,125
2163,INVALID,Le maire de Poitiers,,,24
1276,VALID,Je dois aller à Langres en partant de Moulins en train,Moulins,Langres,128
1785,INVALID,carte touristique de saint-brieuc,,,164
1255,VALID,Train express de Oyonnax vers Cherbourg,Oyonnax,Cherbourg,139
995,VALID,Je souhaite partir en milieu de matinée de Mâcon vers Vitry-le-François,Mâcon,Vitry-le-François,92
914,VALID,Je dois me rendre de Douai à Melun,Douai,Melun,7
710,VALID,Je cherche à voyager de Évreux à Challans en TER,Évreux,Challans,148
2833,INVALID,Bonjour,,,21
857,VALID,Je dois aller à Versailles en partant de Vierzon en train,Vierzon,Versailles,128
870,VALID,Je dois aller à Nîmes en partant de Saint-Denis en train,Saint-Denis,Nîmes,128
3701,INVALID,carte administrative cambrai,,,218
1187,VALID,n billet d train pouraller de Meaux à Boolbec,Meaux,Bolbec,33
399,VALID,Train du matin Chinon Lens,Chinon,Lens,29
3293,INVALID,Journaux locaux Laval,,,192
2337,INVALID,Actualités à Bourgoin-Jallieu,,,178
543,VALID,Je cherche un train pour la semaine prochaine de Bordeaux à Lannion,Bordeaux,Lannion,106
1710,VALID,Je dois me déplacer de Châteaubriant à Granville en train,Châteaubriant,Granville,65
862,VALID,Premier train Cannes Évreux,Cannes,Évreux,41
4070,INVALID,Evenements culturels Meaux,,,268
2339,INVALID,Activités culturelles Cherbourg,,,247
2186,INVALID,Calendrier événements Argenteuil,,,248
2520,INVALID,Population urbaine Poitiers,,,266
2284,INVALID,Évnéements culturels Fougères,,,268
3044,INVALID,Journaux locaux Arras,,,192
671,VALID,Y a-t-il un TER Maubeuge Valenciennes ?,Maubeuge,Valenciennes,68
3211,INVALID,Quartiers modernes Béziers,,,244
544,VALID,Y a-t-il un TGV en fin d'après-midi Aix-en-Provence Lunéville ?,Aix-en-Provence,Lunéville,133
2978,INVALID,Informations générales Boulogne-Billancourt,,,275
1088,VALID,Train de nuit Chaumont Arles,Chaumont,Arles,36
1327,VALID,Je veux partir après le déjeuner de Châteaubriant pour Lannion,Châteaubriant,Lannion,134
835,VALID,Y a-t-il un train rapide sans arrêt Montbéliard Rouen ?,Montbéliard,Rouen,113
1284,VALID,Y a-t-il un train avant 8h de Clisson à Saint-Dizier ?,Clisson,Saint-Dizier,103
3412,INVALID,Centres éducatifs Poitiers,,,270
1825,INVALID,carte touristique de nantes,,,164
3264,INVALID,Archietctur de Noirt,,,198
3001,INVALID,Population totale Évreux,,,252
2002,INVALID,mende est une bbelle ville,,,153
3780,VALID,je vais de annemasse a cherbourg en train,Annemasse,Cherbourg,52
3726,VALID,je cherche a voyager de bordeaux a lorient en ter,Bordeaux,Lorient,148
1780,INVALID,quelle est la population de clisson ?,,,22
804,VALID,Train régonal de Vierzoà Roubaix ,Vierzon,Roubaix,87
482,VALID,Je cherche le train le plus économique de Saint-Étienne à Meaux,Saint-Étienne,Meaux,124
956,VALID,Y a-t-il un train tôt le matin de Hazebrouck vers Bar-le-Duc ?,Hazebrouck,Bar-le-Duc,62
3744,VALID,y a-t-il un depart tot demain de nancy vers toulouse ?,Nancy,Toulouse,125
1819,INVALID,j'habite à rouen,,,17
2826,INVALID,Cartographie Blois,,,237
957,VALID,Y a-t-il des réductions sur le train Carcassonne Nanterre ?,Carcassonne,Nanterre,99
1400,VALID,Train avec restauration de Le Havre à Dole,Le Havre,Dole,135
1000,VALID,Je cherche le train le moins cher de Brest à Metz,Brest,Metz,54
2180,INVALID,Entreprise connue à Pau,,,180
2099,INVALID,Mâcon est une belle ville,,,18
3875,INVALID,journaux locaux saumur,,,192
1881,INVALID,informations trafic annemasse,,,260
970,VALID,Je veux me rendre à Poitiers depuis Vernon par le train,Vernon,Poitiers,73
4023,VALID,Y a-t-il un Ouigo de Boulogne-sur-Mer vers Lorient ?,Boulogne-sur-Mer,Lorient,109
2768,INVALID,Patrimoine culturel Boulogne-sur-Mer,,,232
2776,INVALID,Hôpitaux à Vierzon,,,222
990,VALID,Y a-t-il un départ tôt demain de Digne-les-Bains vers Châlons-en-Champagne ?,Digne-les-Bains,Châlons-en-Champagne,125
1257,VALID,Je dois voyager de Challans à Nanterre ce week-end,Challans,Nanterre,77
1959,INVALID,zones industrielles granville,,,231
1301,VALID,Je cherche un train dimanche de Lens à Avignon,Lens,Avignon,132
3499,INVALID,Zones touristiques Avranches,,,249
1586,VALID,Train avec peu de correspondances de Chambéry vers Biarritz,Chambéry,Biarritz,127
425,VALID,Je dois être à Roubaix avant midi en partant de Meaux,Meaux,Roubaix,88
1806,INVALID,architecture de douai,,,198
1539,VALID,Je dois me rndre à Poitiers depuuis Saint-Nazaire en TGV,Saint-Nazaire,Poitiers,144
336,VALID,Train du soir Boulogne-Billancourt Mende,Boulogne-Billancourt,Mende,66
933,VALID,Y a-t-il un TGV Épinal Lons-le-Saunier ?,Épinal,Lons-le-Saunier,34
2101,INVALID,Carte administrative Fontainebleau,,,218
2704,INVALID,Centres commerciaux Antibes,,,226
3219,INVALID,Histoire de Cannes,,,171
4114,INVALID,Heure locale a Rouen,,,194
1683,VALID,Je pars en train de Oyonnax vers Saint-Étienne,Oyonnax,Saint-Étienne,71
1870,INVALID,carte générale reims,,,257
3247,INVALID,Hôtel disponible à Saint-Omer,,,163
2486,INVALID,Quartiers historiques Auray,,,227
2054,INVALID,population active reims,,,220
2619,INVALID,Informations trafic Chartres,,,260
3844,VALID,train matinal de colmar vers ajaccio,Colmar,Ajaccio,115
2130,INVALID,Écoles à Bar-le-Duc,,,213
444,VALID,Je cherche un train Arles Lorient,Arles,Lorient,14
3349,INVALID,Je suis né à Châteauroux,,,185
4084,VALID,Billet de train aller-retour Compiegne Abbeville,Compiègne,Abbeville,78
165,VALID,yy-at-il un départ en soirée d ecambéry pour thonon-ls-ebains ?,Chambéry,Thonon-les-Bains,141
2184,INVALID,Je vis à Auxerre,,,168
666,VALID,Je veux acheter un billet de train Mâcon Rouen,Mâcon,Rouen,83
1839,INVALID, zones résidentielles agen,,,274
3828,INVALID,calendrier evenements valenciennes,,,248
766,VALID,Y a-t-il un départ en début de soirée de Colmar pour Besançon ?,Colmar,Besançon,85
2604,INVALID,Ambassade à Angoulême,,,184
3137,INVALID,Mon ami vit à Cherbourg et moi à Saint-Nazaire,,,154
2716,INVALID,Festival à Segré,,,189
3998,VALID,Y a-t-il un train toutes les heures de Aix-les-Bains a Pontarlier ?,Aix-les-Bains,Pontarlier,89
1333,VALID,Train de Auch à Privas cet après-midi,Auch,Privas,59
2867,INVALID,Météo actuelle à Poitiers,,,167
179,VALID,je dois voyager en train de nanterre vers agen mercredi,Nanterre,Agen,136
2539,INVALID,Restaurant à Mende,,,25
1081,VALID,Billet aller simple en train Toul Cherbourg,Toul,Cherbourg,70
1908,INVALID,restaurant à elbeuf,,,25
1127,VALID,Train avec wifi de Aubenas à Manosque,Aubenas,Manosque,111
365,VALID,Je dois me rendre de Romans-sur-Isère à Évreux,Romans-sur-Isère,Évreux,7
2969,INVALID,Carte des routes Le Havre,,,223
462,VALID,Quel train prendre pour aller de Thonon-les-Bains à Besançon ?,Thonon-les-Bains,Besançon,84
1347,VALID,Tran quotdiien Boulogne-Billacnourt Annecy,Boulogne-Billancourt,Annecy,107
699,VALID,Train avc peu dec orrespondances de Montbéliard vers Paris,Montbéliard,Paris,127
37,VALID,y a-t-il un départ en début de soirée de bar-le-duc pour mâcon ?,Bar-le-Duc,Mâcon,85
1636,VALID,Je dois voyager de Douai à Caen ce week-end,Douai,Caen,77
1139,VALID,Je cherche un train Charleville-Mézières Briançon,Charleville-Mézières,Briançon,14
1726,VALID,Y a-t-il un train de nuit entre Béthune et Tourcoing ?,Béthune,Tourcoing,149
394,VALID,Un aller simple Perpignan Clermont-Ferrand,Perpignan,Clermont-Ferrand,10
961,VALID,À quelle heure arrive le train à Lisieux depuis Verdun ?,Verdun,Lisieux,48
2102,INVALID,Privas est magnifique en été,,,162
1860,INVALID,population totale saint-omer,,,252
898,VALID,Un billett Vity-leF-rançis Épernays 'il vous plaît,Vitry-le-François,Épernay,2
2462,INVALID,Événements locaux Arras,,,228
3707,VALID,je pars de ancnis direction dijon,Ancenis,Dijon,12
2247,INVALID,CCarte historique Agoulême,,,210
1917,INVALID,statistiques économiques pontivy,,,272
1309,VALID,Train avec places assises garanties Compiègne Montpellier,Compiègne,Montpellier,119
3233,INVALID,Concert prévu à Chalon-sur-Saône,,,174
1979,INVALID,mon ami vit à vendôme et moi à vitry-le-françois,,,154
2156,INVALID,Actualités à Bourgoin-Jallieu,,,178
314,VALID,Billet aller simple en train Bayonne Romans-sur-Isère,Bayonne,Romans-sur-Isère,70
1112,VALID,Je veux un billet flexible La Rochelle Évry,La Rochelle,Évry,114
460,VALID,Je veux partir de Vitré à Compiègne en première classe,Vitré,Compiègne,142
3576,INVALID,Population urbaine Saint-Dizier,,,266
1898,INVALID,plages proches de vesoul,,,181
1719,VALID,Je veux aller de Aix-les-Bains à Limoges,Aix-les-Bains,Limoges,1
1066,VALID,Train avec restauration de Évreux à Beauvais,Évreux,Beauvais,135
2652,INVALID,Actualités à Courbevoie,,,178
2888,INVALID,Heure locale à Sens,,,194
1746,VALID,Je cherche un trajet en train de Courbevoie vers Chalon-sur-Saône,Courbevoie,Chalon-sur-Saône,30
3268,INVALID,J'habite actuellement à Angoulême,,,161
3534,INVALID,Associations locales Albertville,,,236
3098,INVALID,Clubs sportifs Avignon,,,215
972,VALID,Un billet de train pour aller de Aurillac à Besançon,Aurillac,Besançon,33
3342,INVALID,Je suis né à Lannion,,,185
487,VALID,Y a-t-il un TGV en fin d'après-midi Aix-les-Bains Metz ?,Aix-les-Bains,Metz,133
385,VALID,Je cherche à aller de Fécamp à Évreux par le train,Fécamp,Évreux,116
3790,VALID,je souhaite voyager de saint-omer vers grenoble,Saint-Omer,Grenoble,5
411,VALID,Je veux le train avec le meilleur confort Valence Agen,Valence,Agen,138
1655,VALID,Train en fin d'après-midi Challans Compiègne,Challans,Compiègne,76
2191,INVALID,Services publics Évreux,,,234
2443,INVALID,Je vis à Oyonnax,,,168
2892,INVALID,Mon mai vit à Le Puy-en-Velay et moi à Nîmes,,,154
2166,INVALID,Le maire de Ancenis,,,24
3673,INVALID,Zonnes industrielles Toulon,,,231
3399,INVALID,Centres de loisirs Pau,,,262
1558,VALID,Je dois être à Aurillac avant midi en partant de Louviers,Louviers,Aurillac,88
1579,VALID,Je veux un train confortable de Aurillac à Alençon,Aurillac,Alençon,69
3938,INVALID,Langue parlee a Digne-les-Bains,,,175
3733,VALID,je dois etre a bastia avant midi en partant de dijon,Dijon,Bastia,88
2083,INVALID,Centres de loisirs Albertville,,,262
445,VALID,Je veux le train le plus rapide de Châteauroux à Albert,Châteauroux,Albert,79
2124,INVALID,Cinéma à Périgueux,,,216
1715,VALID,Je veux arriver à Toulouse depuis Florence,Florence,Toulouse,63
1705,VALID,Train de fin de matinée Saint-Nazaire Sens,Saint-Nazaire,Sens,131
174,VALID,je cherche un train pour la semaine prochaine de évreux à elbeuf,Évreux,Elbeuf,106
2366,INVALID,Monument célèbre à Morlaix,,,188
3711,INVALID,quelle est la population de bethune ?,,,155
1924,INVALID,marchés hebdomadaires laval,,,238
4099,INVALID,Statistiques emploi Bordeaux,,,225
2061,INVALID,Centres médicaux Montargis,,,242
265,VALID,y a-t-il un train toutes les deux heures de montauban à saint-denis ?,Montauban,Saint-Denis,145
2778,INVALID,Espaces verts Florence,,,239
2042,INVALID,monuments historiques sens,,,214
760,VALID,Je souhaite prendre le train de Yvetot pour Mâcon,Yvetot,Mâcon,32
679,VALID,Premier train Évreux Bourg-en-Bresse,Évreux,Bourg-en-Bresse,41
2257,INVALID,Code postal Niort,,,176
1229,VALID,Je veux le train le plus rapide de Rodez à Concarneau,Rodez,Concarneau,79
2090,INVALID,Guide étudiant Saint-Denis,,,201
1423,VALID,Y a-t-il un TER Argenteuil Le Havre ?,Argenteuil,Le Havre,68
2378,INVALID,Espaces verts Briançon,,,239
2503,INVALID,Musée à visiter à Saint-Quentin,,,172
936,VALID,Train avec le moins de correspondances Auch Cambrai,Auch,Cambrai,55
187,VALID,train rapide de lens à brest,Lens,Brest,46
3469,INVALID,Cartographie Moulins,,,237
3715,VALID,train de fin de journee bolbec vers ajaccio,Bolbec,Ajaccio,147
1098,VALID,Y a-t-il un Intercités Montauban Modane ?,Montauban,Modane,57
951,VALID,Prochain train pour Biarritz depuis Louviers,Louviers,Biarritz,13
1291,VALID,Y a-t-il un train rapide sans arrêt Dunkerque Annecy ?,Dunkerque,Annecy,113
569,VALID,Je veux voyager confortablement de Bolbec vers Lisieux,Bolbec,Lisieux,104
732,VALID,Je dois me déplacer en train de Vannes vers Roubaix mardi,Vannes,Roubaix,120
3986,VALID,Je veux comparer les horaires de train de Challans a La Rochelle,Challans,La Rochelle,94
899,VALID,Je souhaite voyager de Lourdes vers Auray,Lourdes,Auray,5
2534,INVALID,Langue parlée à Belfort,,,175
562,VALID,Un billet pour le train Montpellier Angoulême,Montpellier,Angoulême,51
459,VALID,Billet aller simple en train Le Mans Auray,Le Mans,Auray,70
1571,VALID,Y a-t-il un train rapide sans arrêt Pontoise Limoges ?,Pontoise,Limoges,113
3859,VALID,je dois prendre un train de romans-sur-isere a grenoble lundi,Romans-sur-Isère,Grenoble,96
538,VALID,Je pars en train de Chambéry vers Clisson,Chambéry,Clisson,71
1985,INVALID,histoire de compiègne,,,171
3595,INVALID,Associations locales Châlons-en-Champagne,,,236
1526,VALID,Quel train prendre pour aller de Argenteuil à Évreux ?,Argenteuil,Évreux,84
698,VALID,Train direct sans correspondance Blois Montbéliard,Blois,Montbéliard,82
2979,INVALID,Cinéma à Privas,,,216
3422,INVALID,Plages proches de Auch,,,181
2379,INVALID,Code postal Maubeuge,,,176
2469,INVALID,Je travaille à Toul,,,165
2411,INVALID,La distance entre Belfort et Angers,,,276
2609,INVALID,Centres sportifs Albertville,,,235
189,VALID,y a-t-il un départ tôt demain de amiens vers bourges ?,Amiens,Bourges,125
2501,INVALID,Monument célèbre à Boulogne-Billancourt,,,188
3911,VALID,Y a-t-il des trains disponibles de Douai a Brest ?,Douai,Brest,50
3606,INVALID,Photo de Châteaubriant,,,177
1379,VALID,Je cherche un train pour la semaine prochaine de Toul à Orange,Toul,Orange,106
700,VALID,Train du soir Aix-les-Bains Angoulême,Aix-les-Bains,Angoulême,66
4031,INVALID,Carte des routes Florence,,,223
1607,VALID,Y a-t-il un train tôt le matin de Bolbec vers Saint-Dizier ?,Bolbec,Saint-Dizier,62
2814,INVALID,Transports locaux Aix-en-Provence,,,273
1750,VALID,Y a-t-il un Ouigo de Avranches vers Bar-le-Duc ?,Avranches,Bar-le-Duc,109
3438,INVALID,Carte météo Bar-le-Duc,,,251
887,VALID,Je veux le prochain départ en train de Évry pour Orléans,Évry,Orléans,122
3476,INVALID,Économie de Colmar,,,199
2562,INVALID,Patrimoine culturel Vité,,,232
3542,INVALID,Calendrier événements Morlaix,,,248
110,VALID,train de aix-en-provence à maubeuge cet après-midi,Aix-en-Provence,Maubeuge,59
592,VALID,Quel est le meilleur train de Saint-Denis à Niort ?,Saint-Denis,Niort,44
1042,VALID,Je souhaite prendre un train en début d'après-midi de Boulogne-Billancourt à Pau,Boulogne-Billancourt,Pau,110
2647,INVALID,Langue parlée à Bastia,,,175
1447,VALID,Un billet pour le train Évry Le Mans,Évry,Le Mans,51
3199,INVALID,Mon ami vit à Cergy et moi à Amiens,,,19
3398,INVALID,Carte touristique de Biarritz,,,164
1677,VALID,Train avec le moins de correspondances Montélimar Hazebrouck,Montélimar,Hazebrouck,55
958,VALID,Je veux le train de Créteil à Vannes le plus tôt possible,Créteil,Vannes,100
615,VALID,Je réserve un train de Hazebrouck à Alençon,Hazebrouck,Alençon,26
2556,INVALID,Centres sportifs Épernay,,,235
1260,VALID,Mulhouse Vesoul pour demain,Mulhouse,Vesoul,6
3793,INVALID,services municipaux orange,,,259
1951,INVALID,metz ou troyes pour les vacances ?,,,23
240,VALID,train express de marseille vers briançon,Marseille,Briançon,139
1440,VALID,Train express de Brest vers Aix-les-Bains,Brest,Aix-les-Bains,139
3779,INVALID,la distance entre soissons et pontoise,,,276
2059,INVALID,Écoles à Agen,,,213
636,VALID,Quel est le prix du billet de train Roubaix Agen ?,Roubaix,Agen,105
2653,INVALID,Quelle heure est-il à Vitré ?,,,160
1316,VALID,Je veux partir de Agen et descendre à Laval,Agen,Laval,108
3504,INVALID,Hôpitaux à Avranche,,,222
2700,INVALID,Histoire de Aix-les-Bains,,,171
1031,VALID,Quel train me conseillez-vous de Nice à Évreux ?,Nice,Évreux,53
626,VALID,À quelle heure arrive le train à Loches depuis Vannes ?,Vannes,Loches,48
619,VALID,Je veux le prochain départ en train de Lisieux pour Le Havre,Lisieux,Le Havre,122
2618,INVALID,Informations locales Mulhouse,,,241
220,VALID,je dois prendre un train de auxerre à verdun lundi,Auxerre,Verdun,96
52,VALID,y a-t-il un ouigo de annecy vers vichy ?,Annecy,Vichy,109
410,VALID,Y a-t-il un TGV Vierzon Chalon-sur-Saône ?,Vierzon,Chalon-sur-Saône,34
3770,VALID,quels sont les horaires de train vannes loches ?,Vannes,Loches,8
3961,INVALID,Associations a Evry,,,207
3969,VALID,Je voudrais partir de Epernay pour aller a Avranches,Épernay,Avranches,9
3387,INVALID,Événements culturels Évreux,,,268
2690,INVALID,Centres éducatifs Elbeuf,,,270
3487,INVALID,Architecture de Manosque,,,198
902,VALID,Je veux un billet flexible Nice Biarritz,Nice,Biarritz,114
1371,VALID,Je veux un train confortable de Mulhouse à Saint-Omer,Mulhouse,Saint-Omer,69
241,VALID,je souhaite prendre le train de aix-en-provence pour louviers,Aix-en-Provence,Louviers,32
1407,VALID,Je dois me rendre à Vierzon depuis Albert en TGV,Albert,Vierzon,144
3652,INVALID,Patrimoine culturel Auray,,,232
1149,VALID,Train avec peu de monde de Créteil à Troyes,Créteil,Troyes,97
184,VALID,un billet pour le train lyon créteil,Lyon,Créteil,51
2901,INVALID,Je vis à Étampes,,,168
1600,VALID,Train régional de Montpellier à Chaumont,Montpellier,Chaumont,87
4035,VALID,Combien de temps dure le trajet en train de Thonon-les-Bains a Nimes ?,Thonon-les-Bains,Nîmes,60
2596,INVALID,Bibliothèque à Versailles,,,212
3403,INVALID,J'habite à Maubeuge,,,152
113,VALID,départ abbeville arrivée clisson,Abbeville,Clisson,15
296,VALID,Je veux prendre le train de Lannion à Brest,Lannion,Brest,28
1565,VALID,Train de milieu d'après-midi Belfort Niort,Belfort,Niort,143
1462,VALID,Je veux alller de Briançon à lisson,Briançon,Clisson,1
2060,INVALID,Économie de Pontivy,,,199
3248,INVALID,Quelle est la population de Le Havre ?,,,155
1945,INVALID,activités culturelles saint-dizier,,,247
1481,VALID,Quel train prendre pour aller de Lens à Chambéry ?,Lens,Chambéry,84
3727,INVALID,carte des routes perpignan,,,223
2553,INVALID,Quatriers historiques Nancyy,,,227
2161,INVALID,Hôpitaux à Amboise,,,222
811,VALID,Train en fin d'après-midi Roubaix Orange,Roubaix,Orange,76
794,VALID,Train de fin de journée Cherbourg vers Valence,Cherbourg,Valence,147
2752,INVALID,Je déménage à Les Sables-d'Olonne,,,195
1090,VALID,JJe cherche un train après 18h de Segré vers Amiens,Segré,Amiens,98
511,VALID,Je dois faire Dunkerque Antibes en train,Dunkerque,Antibes,102
25,VALID,je veux le prochain départ en train de les sables-d'olonne pour toulouse,Les Sables-d'Olonne,Toulouse,122
2258,INVALID,Statistiques économiques Rodez,,,272
2299,INVALID,Shopping à Saint-Dizier,,,182
3204,INVALID,Statistiques emploi Chalon-sur-Saône,,,225
2643,INVALID,Ambassade à Clisson,,,184
3471,INVALID,Zones rurales Annemasse,,,243
880,VALID,Un billet de train pour aller de Charleville-Mézières à Strasbourg,Charleville-Mézières,Strasbourg,33
2179,INVALID,Heure locale à Les Sables-d'Olonne,,,194
2549,INVALID,Théâtre à Vendôme,,,217
1601,VALID,Je veux le train de Courbevoie à Toulon le plus tôt possible,Courbevoie,Toulon,100
3680,INVALID,Office postal Tours,,,221
3252,INVALID,Population totale Nice,,,252
212,VALID,un billet beauvais lorient s'il vous plaît,Beauvais,Lorient,2
3193,INVALID,Cinéma à Vitry-le-François,,,216
146,VALID,y a-t-il deest rains disponibles de roubaix à montreuil ?,Roubaix,Montreuil,50
1955,INVALID,carte administrative saint-denis,,,218
2659,INVALID,Climat de Oyonnax,,,186
3334,INVALID,Étampes ou Digne-les-Bains pour les vacances ?,,,23
2751,INVALID,Bonjour,,,21
1653,VALID,Je cherche à aller de Tours à Clermont-Ferrand par le train,Tours,Clermont-Ferrand,116
12,VALID,je dois me rendre à nantes depuis louviers en tgv,Louviers,Nantes,144
1283,VALID,Train en fin d'après-midi Chaumont Digne-les-Bains,Chaumont,Digne-les-Bains,76
75,VALID,prochain départ de pontoise pour les sables-d'olonne,Pontoise,Les Sables-d'Olonne,27
15,VALID,billet aller simple en train brest montargis,Brest,Montargis,70
1643,VALID,Je veux le train le plus rapide de Carcassonne à Pontivy,Carcassonne,Pontivy,79
1909,INVALID,carte historique versailles,,,210
3827,VALID,je prends le train de dijon a dole,Dijon,Dole,61
1199,VALID,Je cherche un train jeudi de Manosque à Étampes,Manosque,Étampes,140
1115,VALID,Un billet Lannion Brest s'il vous plaît,Lannion,Brest,2
216,VALID,départ colmar arrivée troyes,Colmar,Troyes,15
1101,VALID,Comment rejoindre Yvetot depuis Boulogne-sur-Mer en train ?,Boulogne-sur-Mer,Yvetot,38
2886,INVALID,Je suis né à Saint-Nazaire,,,185
3186,INVALID,Population active Fougères,,,220
299,VALID,Je pars en train de Montargis vers Melun,Montargis,Melun,71
2493,INVALID,Zones touristiques Modane,,,249
3330,INVALID,Plan de ville Marseille,,,206
1730,VALID,Je  réserve n train de Amboise à La Rochelle,Amboise,La Rochelle,26
3269,INVALID,Musée à visiter à Arles,,,172
944,VALID,Je veux partir de Béthune et descendre à Saint-Étienne,Béthune,Saint-Étienne,108
1384,VALID,Y a-t-il un train avant 8h de Cannes à Tourcoing ?,Cannes,Tourcoing,103
1679,VALID,Train avec peu de correspondances de Nice vers Troyes,Nice,Troyes,127
2991,INVALID,Musée à vsiter à Sossos,,,172
1093,VALID,Je dios  perndre le trai de Vendôme pour Chartres,Vendôme,Chartres,45
2117,INVALID,Bonjour,,,21
4085,INVALID,Carte detaillee Poitiers,,,265
3502,INVALID,Transports locaux Rodez,,,273
3288,INVALID,Quel temps fait-il à Clisson ?,,,16
3615,INVALID,Bonjour,,,156
3629,INVALID,Quel temps fait-il à Moulins ?,,,151
1809,INVALID,festival à biarritz,,,189
3867,INVALID,carte meteo abbeville,,,191
2818,INVALID,Carte détaillée Vierzon,,,265
3880,VALID,je veux aller de concarneau a amboise,Concarneau,Amboise,1
2687,INVALID,Dunkerque ou Lannion pour les vacances ?,,,157
3401,INVALID,Architecture de Thonon-les-Bains,,,198
2445,INVALID,Langue parlée à Le Puy-en-Velay,,,175
259,VALID,je veux acheter mon billet pour le train clermont-ferrand saint-quentin,Clermont-Ferrand,Saint-Quentin,118
1866,INVALID,marchés hebdomadaires aix-les-bains,,,238
907,VALID,Train régional de Rodez à Créteil,Rodez,Créteil,87
1587,VALID,Y a-t-il un Intercités Caen Auch ?,Caen,Auch,57
1272,VALID,Je veux le train de Dijno à lCiisson le lus tôt posisble,Dijon,Clisson,100
2377,INVALID,Statistiques économiques Oyonnax,,,272
2617,INVALID,Carte géérale Loches,,,257
3751,INVALID,cinema a privas,,,216
2032,INVALID,événements culturels châteaubriant,,,268
78,VALID,dernier train de maubeuge vers montargis,Maubeuge,Montargis,42
1159,VALID,Je dois faire Clermont-Ferrand Saint-Denis en train,Clermont-Ferrand,Saint-Denis,102
3421,INVALID,ervices publics oBrdaux,,,234
4048,VALID,Je veux  le  trian le plus rraide de Nice a Bastia,Nice,Bastia,79
2626,INVALID,J'habite à Vienne,,,17
1731,VALID,Y a-t-il des trains disponibles de Bourgoin-Jallieu à Paris ?,Bourgoin-Jallieu,Paris,50
3365,INVALID,Théâtre à Thonon-les-Bains,,,217
3739,INVALID,restaurant a bourg-en-bresse,,,25
156,VALID,je veux voyager confortablement de bourg-en-bresse vers bar-le-duc,Bourg-en-Bresse,Bar-le-Duc,104
2279,INVALID,Théâtre à Cambrai,,,217
3106,INVALID,Calendrier événements Tours,,,248
1665,VALID,Je veux arriverà Hazebrouck depuis Toulouse,Toulouse,Hazebrouck,63
3536,INVALID,J'habite à Le Puy-en-Velay,,,17
2780,INVALID,Patrimoine culturel Orléans,,,232
13,VALID,départ albert arrivée manosque,Albert,Manosque,15
4089,INVALID,Hotel disponible a Amboise,,,163
290,VALID,Train de Concarneau à Elbeuf cet après-midi,Concarneau,Elbeuf,59
1107,VALID,Je veux voyager en train de Vannes à Tarbes,Vannes,Tarbes,43
4068,VALID,Train quotidien Saint-Malo Bourges,Saint-Malo,Bourges,107
2820,INVALID,Université à Moulins,,,179
3099,INVALID,Évnements culturels Langres,,,268
1007,VALID,Je cherche à aller de Laon à Nîmes par le train,Laon,Nîmes,116
2149,INVALID,Guide téudiant Vendôme,,,201
2266,INVALID,Transports locaux Montreuil,,,273
1142,VALID,Dernier train de Tarbes vers Digne-les-Bains,Tarbes,Digne-les-Bains,42
1497,VALID,Y a-t-il un train vers midi de Niort à Annemasse ?,Niort,Annemasse,137
218,VALID,y a-t-il un tgv direct concarneau moulins ?,Concarneau,Moulins,93
3395,INVALID,Je suis né à Étampes,,,185
762,VALID,Je cherche un train pour la semaie prochaine de VVichy  àNiorrt,Vichy,Niort,106
3270,INVALID,La distance entre Dunkerque et Villeurbanne,,,276
734,VALID,Je veux arriver à Ancenis depuis Lannion,Lannion,Ancenis,63
1227,VALID,Y a-t-il un TGV en fin d'après-midi Annecy Marseille ?,Annecy,Marseille,133
3135,INVALID,Je déménage à Segré,,,195
1474,VALID,Je veux le train de Fougères à Briançon le plus tôt possible,Fougères,Briançon,100
1324,VALID,Y a-t-il un Ouigo de Courbevoie vers Hazebrouck ?,Courbevoie,Hazebrouck,109
2923,INVALID,Théâtre à Montargis,,,217
3489,INVALID,Le maire de Nanterre,,,158
2737,INVALID,Heure local eà Abbvelle,,,194
1305,VALID,Y a-t-il un train vers midi de Mende à Nice ?,Mende,Nice,137
3198,INVALID,J'habite à Bar-le-Duc,,,152
4020,INVALID,Services de sante Provins,,,271
1946,INVALID,monuments historiques roubaix,,,214
419,VALID,Y a-t-il un train rapide sans arrêt Oyonnax Aurillac ?,Oyonnax,Aurillac,113
1441,VALID,Combien de temps dure le trajet en train de Caen à Laval ?,Caen,Laval,60
1175,VALID,Train de fin de matinée Aix-les-Bains Ajaccio,Aix-les-Bains,Ajaccio,131
2287,INVALID,Patrimoine culturel Alençon,,,232
2761,INVALID,Activités nocturnes Saint-Dizier,,,255
1,VALID,je dois me déplacer en train de fontenay-le-comte vers melun mardi,Fontenay-le-Comte,Melun,120
2448,INVALID,Population étudiante Béthune,,,193
2198,INVALID,Informations pratiques Privas,,,256
3039,INVALID,Météo actuelle à Niort,,,167
1648,VALID,Train de fin de journée Berck vers Loches,Berck,Loches,147
1583,VALID,Je cherche le train le moins cher de Yvetot à Mende,Yvetot,Mende,54
2757,INVALID,Photo de Ancenis,,,177
3064,INVALID,Musée à visiter à Mulhouse,,,172
1670,VALID,Y a-t-il un TGV Dunkerque Challans ?,Dunkerque,Challans,34
136,VALID,je veux partir en milieu de soirée de limoges pour bordeaux,Limoges,Bordeaux,150
3255,INVALID,Je déménage à Limoges,,,195
1856,INVALID,informations trafic mulhouse,,,260
971,VALID,Je veux le prochain départ en train de Saumur pour Lunéville,Saumur,Lunéville,122
2471,INVALID,Informations générales Privas,,,275
2929,INVALID,Monuments historiques Évry,,,214
2788,INVALID,Photo de Évreux,,,177
3999,VALID,Prochain TGV de Granville pour Charleville-Mezieres,Granville,Charleville-Mézières,95
824,VALID,Train de fin de journée Aix-les-Bains vers Manosque,Aix-les-Bains,Manosque,147
784,VALID,Y a-t-il un TGV Avranches Colmar ?,Avranches,Colmar,34
1576,VALID,Y a-t-il un départ vers 14h de Nancy pour Mende ?,Nancy,Mende,117
261,VALID,je veux un train avec prises électriques albi bourgoin-jallieu,Albi,Bourgoin-Jallieu,146
1577,VALID,Quelle est la durée du trajet en train de Tourcoing à Auray ?,Tourcoing,Auray,31
1885,INVALID,quartiers historiques sens,,,227
2311,INVALID,Zones résidentielles Niort,,,274
44,VALID,je veux un train avec prises électriques châteauroux dinan,Châteauroux,Dinan,146
3792,VALID,je cherche un train dimanche de bordeaux a perigueux,Bordeaux,Périgueux,132
940,VALID,Comment rejoindre Moulins depuis Dinan en train ?,Dinan,Moulins,38
3546,INVALID,Carte interactive Brest,,,240
3608,INVALID,La distance entre Roubaix et Mende,,,20
2012,INVALID,espaces verts toul,,,239
2708,INVALID,Quelle heure est-il à Melun ?,,,160
528,VALID,Je veux partir maintenant de Dunkerque pour Besançon,Dunkerque,Besançon,56
3474,INVALID,Bonjour,,,21
3149,INVALID,Guide local Ajaccio,,,269
2988,INVALID,Mon ami vit à Nanterre et moi à Amboise,,,154
476,VALID,Je dois prendre un train de Rennes à Villeurbanne lundi,Rennes,Villeurbanne,96
523,VALID,Je veux me rendre à Port-Boulet depuis Valence par le train,Valence,Port-Boulet,73
45,VALID,je veux le train de amboise à le puy-en-velay le plus tôt possible,Amboise,Le Puy-en-Velay,100
1154,VALID,Train pour Pontivy au départ de Montreuil,Montreuil,Pontivy,91
611,VALID,Je veux le train de Courbevoie à Fontenay-le-Comte le plus tôt possible,Courbevoie,Fontenay-le-Comte,100
1564,VALID,Trajet de Bourg-en-Bresse veers oMntélimar,Bourg-en-Bresse,Montélimar,11
382,VALID,Train du matin Pontoise Laon,Pontoise,Laon,29
87,VALID,train en fin d'après-midi grenoble saint-quentin,Grenoble,Saint-Quentin,76
945,VALID,Train quotidien Aubenas Ajaccio,Aubenas,Ajaccio,107
1627,VALID,Y a-t-il un Ouigo de Montpellier vers Briançon ?,Montpellier,Briançon,109
3797,VALID,commentr ejoindre nirot depuis cane ne train ?,Caen,Niort,38
3888,INVALID,quartiers historriques  saint-omer,,,227
418,VALID,Train avec le moins de correspondances Le Puy-en-Velay Brest,Le Puy-en-Velay,Brest,55
441,VALID,Je veux arrivre à Le Mans depuis Granville,Granville,Le Mans,63
1667,VALID,Je cherche à voyager de Oyonnax à Cambrai en TER,Oyonnax,Cambrai,148
3708,VALID,quelle est la frequence des trains granville vesoul ?,Granville,Vesoul,72
2825,INVALID,Informations locales Berck,,,241
358,VALID,Je veux réserver une place dans le train Rennes Évreux,Rennes,Évreux,90
2729,INVALID,Carte postale Fontainebleau,,,196
612,VALID,Je voudrais partir de Aurillac pour aller à Auray,Aurillac,Auray,9
2034,INVALID,je vis à lourdes,,,168
3162,INVALID,Associations locales Besançon,,,236
3080,INVALID,Activités culturelles Paris,,,247
559,VALID,Train de milieu d'après-midi Tours Évreux,Tours,Évreux,143
621,VALID,Traain de milieu daprès-midi Laval Mende,Laval,Mende,143
371,VALID,Train de fin de journée Aix-les-Bains vers Antibes,Aix-les-Bains,Antibes,147
3278,INVALID,Journaux locaux Châteaubriant,,,192
4091,VALID,Quelle est la duree du trajet en train de Chambery a Concarneau ?,Chambéry,Concarneau,31
2946,INVALID,Monuments historiques Saint-Nazaire,,,214
873,VALID,Y a-t-il un train de nuit entre Boulogne-Billancourt et Clisson ?,Boulogne-Billancourt,Clisson,149
3483,INVALID,Zones rurales Cannes,,,243
3173,INVALID,Office postal Montélimar,,,221
1247,VALID,Châteauroux Valence pour demain,Châteauroux,Valence,6
3717,VALID,train matinal de fontenay-le-comte vers carcassonne,Fontenay-le-Comte,Carcassonne,115
728,VALID,Je veux rréserver une place dans le train  Toul Morlaix ,Toul,Morlaix,90
1125,VALID,Je veux partir de Albi et descendre à Meaux,Albi,Meaux,108
896,VALID,Je veux acheter un billet de train Soissons Mende,Soissons,Mende,83
566,VALID,Train régional de Mulhouse à Marseille,Mulhouse,Marseille,87
2342,INVALID,Transports locaux Colmar,,,273
348,VALID,Je veux me rendre à Clisson depuis Toulouse par le train,Toulouse,Clisson,73
1330,VALID,Y a-t-il un Intercités Aubenas Nevers ?,Aubenas,Nevers,57
2435,INVALID,Heure locale à Laval,,,194
2365,INVALID,J'habite à Villeurbanne,,,17
2081,INVALID,Saint-Nazaire est une belle ville,,,18
660,VALID,Je cherche le train le plus économique de Dunkerque à Nanterre,Dunkerque,Nanterre,124
2856,INVALID, Activtés nocturnesB iarritz,,,255
3112,INVALID,Spécialités culinaires Bourges,,,187
3957,VALID,Premier train Marseille Rouen,Marseille,Rouen,41
2537,INVALID,Je vis à Dunkerque,,,168
4036,INVALID,Shopping a Chambery,,,182
378,VALID,Y a-t-il un train avant 8h de Cherbourg à Perpignan ?,Cherbourg,Perpignan,103
128,VALID,je souhaite prendre le train de arles pour vendôme,Arles,Vendôme,32
859,VALID,Train de fin de journée Tarbes vers Épinal,Tarbes,Épinal,147
1356,VALID,Y a--til nu Ouigo de BoulogneB-illnacourt vers Rennes ?,Boulogne-Billancourt,Rennes,109
2308,INVALID,Activités culturelles Concarneau,,,247
542,VALID,Je pars demain de Hazebrouck vers Sens,Hazebrouck,Sens,37
3656,INVALID,Offfice du tourisme Bolbec,,,205
596,VALID,Départ Loches arrivée Grenoble,Loches,Grenoble,15
1368,VALID,Je planifie un voyage en train de Fontainebleau vers Béthune,Fontainebleau,Béthune,49
3197,INVALID,Marché local Cambrai,,,202
3762,VALID,y a-t-il ds rductions sur le trai nmorlaix yvetot ?,Morlaix,Yvetot,99
2654,INVALID,Immobilier à Auxerre,,,208
2173,INVALID,La distance entre Lorient et Toul,,,276
3912,INVALID,Associations a Verdun,,,207
2011,INVALID,statistiques météo compiègne,,,204
1298,VALID,Je souaite rpendre le train de Compiègne pouur Melun ,Compiègne,Melun,32
4066,INVALID,Universite a Clermont-Ferrand,,,179
3392,INVALID,Zones commerciales Pontarlier,,,263
2694,INVALID, Climat de Béthune,,,186
276,VALID,Billet aller simple en rttain MelunL isieux,Melun,Lisieux,70
1517,VALID,Train avec peu de monde de Abbeville à Besançon,Abbeville,Besançon,97
537,VALID,Je dois aller à Digne-les-Bains en partant de Langres en train,Langres,Digne-les-Bains,128
735,VALID,Je veux un billet flexible Courbevoie Vernon,Courbevoie,Vernon,114
2724,INVALID,Météo actuelle à Rodez,,,167
3291,INVALID,Mon ami vit à Verdun et moi à Lisieux,,,154
4005,VALID,Prochain TGV de Sens pour Montelimar,Sens,Montélimar,95
3719,INVALID,centres de loisirs limoges,,,262
1871,INVALID,photo de lons-le-saunier,,,177
1030,VALID,Je veux un train confortable de Modane à Laon,Modane,Laon,69
3082,INVALID,Coût de la vie Port-Boulet,,,209
2029,INVALID,spécialités culinaires courbevoie,,,187
3522,INVALID,Quartiers modernes Langres,,,244
1802,INVALID,activités culturelles auray,,,247
3237,INVALID,Actualités à Lyon,,,178
1877,INVALID,centres commerciaux paris,,,226
1265,VALID,Je veux aller de Dunkerque à Aurillac,Dunkerque,Aurillac,1
3400,INVALID,Transports locaux Cambrai,,,273
1861,INVALID,hôtel disponible à évreux,,,163
3394,INVALID,Zones industrielles Metz,,,231
491,VALID,Train de milieu d'après-midi Vierzon Niort,Vierzon,Niort,143
3736,INVALID,informations generales fougeres,,,275
684,VALID,Train de nuit Oyonnax Orléans,Oyonnax,Orléans,36
1736,VALID,Prochain départ de Dinan pour Pau,Dinan,Pau,27
2937,INVALID,Carte scolaire Aurillac,,,230
2975,INVALID,Code postal Fontenay-le-Comte,,,176
3442,INVALID,Statistiques démographiques Chaumont,,,245
2986,INVALID,Carte scolaire Le Puy-en-Velay,,,230
1629,VALID,Je veux acheter mon billet pour le train Vesoul Manosque,Vesoul,Manosque,118
3813,INVALID,activites nocturnes roubaix,,,255
3760,INVALID,yvetot est une belle ville,,,18
450,VALID,Y a-t-il nu train dans l'heure de Fontenay-le-Comte versC annes ?,Fontenay-le-Comte,Cannes,80
27,VALID,y a-t-il des trains en semaine de amboise à étampes ?,Amboise,Étampes,74
436,VALID,Je dois voyager de Lens à Blois vendredi,Lens,Blois,112
805,VALID,Train avec peu de monde de Chartres à Louviers,Chartres,Louviers,97
1686,VALID,Quel est le meilleur train de Bourgoin-Jallieu à Florence ?,Bourgoin-Jallieu,Florence,44
3750,VALID,train de milieu d'apres-midi privas montreuil,Privas,Montreuil,143
3622,INVALID,Carte météo Tourrss,,,251
3030,INVALID,Zones touristiques Limoges,,,219
1026,VALID,Je cherche un train jeudi de Vesoul à Dijon,Vesoul,Dijon,140
1137,VALID,Je voudrais partir de Clermont-Ferrand pour aller à Poiitiers,Clermont-Ferrand,Poitiers,9
3523,INVALID,La distance entre Châlons-en-Champagne et Auch,,,276
3367,INVALID,Marché local Soissons,,,202
3553,INVALID,Mon ami vit à Valenciennes et moi à Dinan,,,19
3824,INVALID,hotel pas cher a digne-les-bains,,,170
1121,VALID,Je souhaite prendre le train de Chinon pour Lisieux,Chinon,Lisieux,32
1808,INVALID,population étudiante colmar,,,193
3138,INVALID,Musée à viiter à Annemasse,,,172
2109,INVALID,Calendrier événements Niort,,,248
2265,INVALID,Photos aériennes Cherbourg,,,211
3632,INVALID,Plan de ville Albert,,,206
302,VALID,Train de fin de journée Vichy vers La Rochelle,Vichy,La Rochelle,147
983,VALID,Je dois voyager de Blois à Arles vendredi,Blois,Arles,112
2676,INVALID,Coût de la vie Aubenas,,,209
1204,VALID,Je dois être à Vichy avant midi en partant de Fontainebleau,Fontainebleau,Vichy,88
2085,INVALID,Population étudiante Versailles,,,193
691,VALID,Je veux partir de Valence et descendre à Vitry-le-François,Valence,Vitry-le-François,108
1795,INVALID,carte des routes montélimar,,,223
554,VALID,Je souhaite prendre un train en début d'après-midi de Vienne à Aurillac,Vienne,Aurillac,110
2787,INVALID,Population étudiante Pau,,,193
882,VALID,Quel train prendre pour aller de Fontenay-le-Comte à Tourcoing ?,Fontenay-le-Comte,Tourcoing,84
2005,INVALID,mnoument célèbre à bourg-enb-resse,,,188
725,VALID,Y a-t-il des réductions sur le train Montbéliard Carcassonne ?,Montbéliard,Carcassonne,99
3411,INVALID,Bonjour,,,21
3872,INVALID,zones touristiques dunkerque,,,219
197,VALID,y a-t-il un train toutes les deux heures de romans-sur-isère à pontivy ?,Romans-sur-Isère,Pontivy,145
1193,VALID,Y a-t-il un train vers midi de Auch à Vichy ?,Auch,Vichy,137
3906,VALID,Je veux un billet flexible Fontenay-le-Comte Vitre,Fontenay-le-Comte,Vitré,114
503,VALID,Y a-t-il un Ouigo de Montélimar vers Bordeaux ?,Montélimar,Bordeaux,109
3636,INVALID, Mon ami vit à Châteaubrian et moi àA vranches,,,19
1471,VALID,Je dois aller de Cholet à Langres ce soir,Cholet,Langres,39
3568,INVALID,Centres sportifs Niort,,,235
2315,INVALID,Musée à visiter à Mâcon,,,172
3649,INVALID,Quartiers historiques Lisieux,,,227
1225,VALID,Je veux partir de Yvetot et descendre à Vienne,Yvetot,Vienne,108
3907,VALID,Train avec restauration de Auch a Romans-sur-Isere,Auch,Romans-sur-Isère,135
3102,INVALID,Guide urbain Pontivy,,,253
1373,VALID,Je veux un train avec prises électriques Manosque Étampes,Manosque,Étampes,146
3952,INVALID,Musee celebre a Clisson,,,166
64,VALID,y a-t-il un départ tôt demain de orange vers clisson ?,Orange,Clisson,125
195,VALID,je voudrais partir de carcassonne pour aller à meaux,Carcassonne,Meaux,9
121,VALID,quel train me conseillez-vous de dole à bordeaux ?,Dole,Bordeaux,53
3228,INVALID,Mon ami vit à Villeurbanne et moi à Verdun,,,154
153,VALID,train express de saint-étienne vers bordeaux,Saint-Étienne,Bordeaux,139
243,VALID,un aller simple perpignan fontainebleau,Perpignan,Fontainebleau,10
1286,VALID,Je veux prendre le train de Fougères à Nevers,Fougères,Nevers,28
3917,INVALID,Quelle heure est-il a Cannes ?,,,160
2808,INVALID,Carte touristique de Rodez,,,164
1290,VALID,Je dois me rendre de Bourg-en-Bresse à Compiègne,Bourg-en-Bresse,Compiègne,7
2857,INVALID,Meilleur moment pour visiter Étampes,,,197
1226,VALID,Je veux un train confortable de Fontainebleau à Maubeuge,Fontainebleau,Maubeuge,69
3594,INVALID,Statistiques économiques Lyon,,,272
3481,INVALID,Restaurant à Privas,,,25
1378,VALID,Je souhaite partir de Reims et arriver à Chambéry,Reims,Chambéry,81
1050,VALID,Y a-t-il un train toutes les deux heures de Concarneau à Évreux ?,Concarneau,Évreux,145
1551,VALID,Je souhaite réserver un train de Chartres vers Reims,Chartres,Reims,58
3910,VALID,Depart Chinnon arrivee Lille,Chinon,Lille,15
423,VALID,Je cherche le train le plus économique de Elbeuf à Cherbourg,Elbeuf,Cherbourg,124
1033,VALID,Billet aller simple en train Dunkerque Aurillac,Dunkerque,Aurillac,70
2360,INVALID,Carte météo Toul,,,251
3142,INVALID,Population urbaine Béthune,,,266
832,VALID,Qeuls snot leshoraairres ed train Limoges Saint-Malo ? ,Limoges,Saint-Malo,8
3093,INVALID,Zones touristiques Nancy,,,219
328,VALID,Je souhaite partir de Roubaix et arriver à Cannes,Roubaix,Cannes,81
1622,VALID,Y a-t-il des trains en semaine de Amiens à Nanterre ?,Amiens,Nanterre,74
273,VALID,Je veux arriver à Saint-Omer depuis Nice,Nice,Saint-Omer,63
3121,INVALID,Languee parlée à Pontoise,,,175
2504,INVALID,Coût de la vie Tours,,,209
779,VALID,Prochain départ de Courbevoie pour Châteauroux,Courbevoie,Châteauroux,27
386,VALID,Y a-t-il un train de nuit entre Vendôme et Argenteuil ?,Vendôme,Argenteuil,149
1900,INVALID,langue parlée à moulins,,,175
2295,INVALID,J'habite actuellement à Niort,,,161
1961,INVALID,statistiques emploi valence,,,225
2126,INVALID,Informations locales Montivilliers,,,241
2353,INVALID,Bonjour,,,21
3290,INVALID,Statistiques météo Lannion,,,204
3004,INVALID,Théâtre à Tarbes,,,217
3887,VALID,prochain train pour besancon depuis mulhouse,Mulhouse,Besançon,13
3391,INVALID,Quelle est la population de Chhmbéry ?,,,22
1821,INVALID,zones touristiques vannes,,,249
2560,INVALID,Clubs sportifs Dinan,,,215
1863,INVALID,cinéma à montélimar,,,216
3379,INVALID,Mon ami vit à Granville et moi à Bourg-en-Bresse,,,154
298,VALID,Je dois voyager de Provins à Dole ce week-end,Provins,Dole,77
2941,INVALID,Monument célèbre à Sens,,,188
2221,INVALID,Restaurant à Épernay,,,25
2000,INVALID,colmar est une belle ville,,,153
2593,INVALID,Statistiques météo Dole,,,204
1763,VALID,Je veux un train confortable de Vannes à Nevers,Vannes,Nevers,69
1884,INVALID,spécialités culinaires amiens,,,187
3297,INVALID,Météo actuelle à Châteauroux,,,167
3256,INVALID,Hôpitaux à Concarneau,,,222
2865,INVALID,Niort ou Créteil pour les vacances ?,,,23
2970,INVALID,Coût de la vie Clisson,,,209
3569,INVALID,Coût de la vie Rennes,,,209
1501,VALID,Je cherche le train le plus économique de Montargis à Meaux,Montargis,Meaux,124
1421,VALID,Y a-t-il des trains vers Clermont-Ferrand au départ de La Rochelle ?,La Rochelle,Clermont-Ferrand,4
474,VALID,Je dois me rendre à Dunkerque depuis Bayonne en TGV,Bayonne,Dunkerque,144
3210,INVALID,Quel temps fait-il à Soissns ??,,,151
3415,INVALID,Concert prévu à Vitry-le-François,,,174
38,VALID,y a-t-il un départ tôt demain de romans-sur-isère vers cergy ?,Romans-sur-Isère,Cergy,125
3713,VALID,je veux le prochain depart en train de vienne pour saint-etienne,Vienne,Saint-Étienne,122
3806,VALID,billet de train loches lueville pour aujourd'hui,Loches,Lunéville,40
3220,INVALID,Le maire de Nîmes,,,24
1404,VALID,Je veux acheter mon billet pour le train Soissons Fougères,Soissons,Fougères,118
1299,VALID,Je dois prendre le train de Évreux pour Lens,Évreux,Lens,45
978,VALID,Premier train Montélimar Épinal,Montélimar,Épinal,41
2473,INVALID,Je travaille à Ancenis,,,165
1326,VALID,Je veux partir en train de Montbéliard à Segré samedi,Montbéliard,Segré,126
1783,INVALID,carte scolaire gap,,,230
617,VALID,Billet de train Louviers Béziers pour aujourd'hui,Louviers,Béziers,40
3319,INVALID,Informatiosn pratiques Évreux,,,256
2249,INVALID,Services publics Moulins,,,234
7,VALID,y a-t-il des trains vers mâcon au départ de louviers ?,Louviers,Mâcon,4
2111,INVALID,Spécialités culinaires Hazebrouck,,,187
347,VALID,Train en fin d'après-midi Pau Lisieux,Pau,Lisieux,76
2956,INVALID,Carte météo Belfort,,,251
1709,VALID,Train direct sans correspondance Bourg-en-Bresse Argenteuil,Bourg-en-Bresse,Argenteuil,82
3634,INVALID,Marchés hebdomadaires Granville,,,238
332,VALID,Y a-t-il un train avant 8h de Ancenis à Montpellier ?,Ancenis,Montpellier,103
483,VALID,Je dois voyager en train de Caen vers Limoges mercrei,Caen,Limoges,136
3339,INVALID,Carte historique Challans,,,210
2784,INVALID,Concert prévu à Roubaix,,,174
1252,VALID,Je veux comparer les horaires de train de Bourgoin-Jallieu à Béthune,Bourgoin-Jallieu,Béthune,94
2119,INVALID,J'habite à Ancenis,,,152
1800,INVALID,quelle est la population de rouen ?,,,22
3408,INVALID,Informations pratiques Valence,,,256
967,VALID,Y a-t-il un TGV en fin d'après-midi Vitré Morlaix ?,Vitré,Morlaix,133
103,VALID,quel est le prix du billet de train amboise blois ?,Amboise,Blois,105
3753,VALID,train de nantes a melun cet apres-midi,Nantes,Melun,59
977,VALID,Je cherche un train pour la semaine prochaine de Lourdes à Évreux,Lourdes,Évreux,106
2176,INVALID,Marseille est une belle ville,,,153
1339,VALID,Je veux acheter mon billet pour le train Villeurbanne Épernay,Villeurbanne,Épernay,118
2803,INVALID,Statistiques locales Dole,,,261
1545,VALID,Quelle est la durée du trajet en train de Belfort à Épinal ?,Belfort,Épinal,31
396,VALID,Comment rejoindre Saint-Malo depuis Châteaubriant en train ?,Châteaubriant,Saint-Malo,38
3140,INVALID,Centres commerciaux Le Mans,,,226
3370,INVALID,Carte interactive Épinal,,,240
1745,VALID,Je dois être à Besançon avant midi en partant de Montélimar,Montélimar,Besançon,88
2419,INVALID,Statistiques météo Metz,,,204
1164,VALID,Train de nuit Nîmes Provins,Nîmes,Provins,36
1774,INVALID,photo de oyonnax,,,177
3777,INVALID,photos aeriennes valenciennes,,,211
2965,INVALID,Zones commerciales Berck,,,263
2824,INVALID,Guidee urbain Nîmes,,,253
3896,INVALID,carte interactive chalons-en-champagne,,,240
166,VALID,je cherche un train valence port-boulet,Valence,Port-Boulet,14
3620,INVALID,Parc célèbre à Toul,,,203
1431,VALID,Y a-t-il un TER Maubeuge Lyon ?,Maubeuge,Lyon,68
570,VALID,Je veux un train confortable de Marseille à Dinan,Marseille,Dinan,69
1310,VALID,Combien de temps dure le trajet en train de Dunkerque à Boulogne-sur-Mer ?,Dunkerque,Boulogne-sur-Mer,60
1389,VALID,Je veux partir en train de Loches à Romans-sur-Isère samedi,Loches,Romans-sur-Isère,126
3921,INVALID,Meteo actuelle a Tours,,,167
1003,VALID,Train avec wifi de Yvetot à Montargis,Yvetot,Montargis,111
1625,VALID,Je veux un train avec prises électriques Moulins Arles,Moulins,Arles,146
344,VALID,Y a-t-il des réductions sur le train Digne-les-Bains Caen ?,Digne-les-Bains,Caen,99
3021,INVALID,Événements culturels Nevers,,,268
2153,INVALID,Carte scolaire Nanterre,,,230
771,VALID,Un aller simple Montpellier Verdun,Montpellier,Verdun,10
2734,INVALID,Carte scolaire Sens,,,230
568,VALID,Train avec restauration de Ajaccio à Toul,Ajaccio,Toul,135
2860,INVALID,Carte administrative Versailles,,,218
3533,INVALID,Carte météo Saint-Dizier,,,251
1073,VALID,Y a-t-il un TGV Créteil Poitiers ?,Créteil,Poitiers,34
1751,VALID,Je pars en train de Albertville vers Cambrai,Albertville,Cambrai,71
430,VALID,Premier train Cherbourg Verdun,Cherbourg,Verdun,41
3925,VALID,Je veux partir en milieu de soiree de Evreux pour Vitry-le-Francois,Évreux,Vitry-le-François,150
1846,INVALID,journaux locaux périugeux,,,192
2145,INVALID,sEpaces verts Nevers,,,239
148,VALID,je veux réserver une place dans le train nîmes la rochelle,Nîmes,La Rochelle,90
2216,INVALID,Université à Saint-Denis,,,179
2396,INVALID,Hôtel disponible à Oyonnax,,,163
3937,VALID,Train de debut de soiree Orleans Caen,Orléans,Caen,123
1594,VALID,Y a-t-il un train toutes les heures de Châteauroux à Angers ?,Châteauroux,Angers,89
3697,VALID,train direct sans correspondance saint-nazaire charleville-mezieres,Saint-Nazaire,Charleville-Mézières,82
1992,INVALID,cetres commerciaux épernay,,,226
3054,INVALID,Carte météo Strasbourg,,,251
1120,VALID,Train avec places assises garanties Challans Digne-les-Bains,Challans,Digne-les-Bains,119
2195,INVALID,Entreprise connue à Dijon,,,180
3071,INVALID,Parc célèbre à Dole,,,203
320,VALID,Y a-t-il des réductions sur le train Bar-le-Duc Amiens ?,Bar-le-Duc,Amiens,99
149,VALID,y a-t-il un train vers 10h de le puy-en-velay à nîmes ?,Le Puy-en-Velay,Nîmes,129
3605,INVALID,Carte des routes Pontarlier,,,223
1507,VALID,Je cherche un train jeudi de Vitré à Saint-Quentin,Vitré,Saint-Quentin,140
2152,INVALID,Bibliothèque à Caen,,,212
3705,VALID,y a-t-il un tgv calais toul ?,Calais,Toul,34
4000,INVALID,Loches est une belle ville,,,153
2887,INVALID,Carte générale Saint-Omer,,,257
1480,VALID,Je veux partir de Argenteuil à Segré en première classe,Argenteuil,Segré,142
3567,INVALID,Actualités à Montivilliers,,,178
4074,VALID,Depart Cannes arrivee Dunkerque,Cannes,Dunkerque,15
2919,INVALID,Transport urbain Hazebrouck,,,258
2010,INVALID,photsoa nciennnes dijon,,,200
2875,INVALID,Événements culturels Bourg-en-Bresse,,,268
1747,VALID,Train quotidien Reims Aubenas,Reims,Aubenas,107
536,VALID,Billet aller simple en train Agen Dinan,Agen,Dinan,70
1108,VALID,Je souhaite partir en milieu de matinée de Carcassonne vers Compiègne,Carcassonne,Compiègne,92
3088,INVALID,Quel temps fait-il à Albi ?,,,151
3868,INVALID,informations locales montargis,,,241
3362,INVALID,Carte de Verdun,,,169
2536,INVALID,Offic epostal Pontarlie,,,221
1864,INVALID,la distance entre bourgoin-jallieu et montélimar,,,20
3772,INVALID,ecoles a laon,,,213
803,VALID,Train en fin d'après-midi Lille Dieppe,Lille,Dieppe,76
2472,INVALID,Tourcoing est une belle ville,,,18
1703,VALID,Je veux acheter mon billet pour le train Douai Dinan,Douai,Dinan,118
112,VALID,train rapide de beauvais à albertville,Beauvais,Albertville,46
181,VALID,je dois voyager en train de bordeaux vers lons-le-saunier mercredi,Bordeaux,Lons-le-Saunier,136
2540,INVALID,Centres culturels Orléans,,,254
2753,INVALID,Je déménage à Orange,,,195
2945,INVALID,Le maire de Cannees,,,158
4039,VALID,Quel train me conseillez-vous de Grenoble a Albi ?,Grenoble,Albi,53
1741,VALID,Y a-t-il un départ en soirée de Nîmes pour Vesoul ?,Nîmes,Vesoul,141
894,VALID,Train du matin Reims Abbeville,Reims,Abbeville,29
1214,VALID,Y a-t-il un Ouigo de Poitiers vers Vichy ?,Poitiers,Vichy,109
2765,INVALID,Centres mdicaux Épernay,,,242
1857,INVALID,photosanciennes concarneau,,,200
891,VALID,Y a-t-il un TGV direct Dijon Dieppe ?,Dijon,Dieppe,93
3866,INVALID,universite a cherbourg,,,179
79,VALID,je cherche un train après 18h de dunkerque vers aubenas,Dunkerque,Aubenas,98
1684,VALID,Train quotidien Loches Pontoise,Loches,Pontoise,107
1294,VALID,Je souhaite prendre un train en début d'après-midi de Bordeaux à Privas,Bordeaux,Privas,110
1964,INVALID,guide urbain agen,,,253
309,VALID,Y a-t-il un TGV direct Saint-Malo Chartres ?,Saint-Malo,Chartres,93
786,VALID,Départ Pontoise arrivée Moulins,Pontoise,Moulins,15
214,VALID,je veuux partir maintenant ed évreuxpour biaritz ,Évreux,Biarritz,56
3028,INVALID,Services municipaux Blois,,,259
3191,INVALID,Événements sportifs Pau ,,,250
3494,INVALID,Festival à Moulins,,,189
1010,VALID,Train de fin de matinée Rodez Reims,Rodez,Reims,131
1645,VALID,Train rapide de Saint-Dizier à Fontenay-le-Comte,Saint-Dizier,Fontenay-le-Comte,46
1006,VALID,Un billet de train pour aller de Troyes à Grenoble,Troyes,Grenoble,33
1192,VALID,Je veux acheter un billet de train Ancenis Carcassonne,Ancenis,Carcassonne,83
1930,INVALID,carte de strasbourg,,,169
1805,INVALID,université à albi,,,179
4025,INVALID,J'habite a Nantes,,,152
2392,INVALID,Festival à Villeurbanne,,,189
1449,VALID,Je veux aller dee Dijon à Clisson,Dijon,Clisson,1
3078,INVALID,Cinéma à Dijon,,,216
1836,INVALID,guide étudiant épernay,,,201
1188,VALID,Y a-t-il un train toutes les deux heures de Nîmes à Saint-Étienne ?,Nîmes,Saint-Étienne,145
888,VALID,Je dois faire Poitiers Caen en train,Poitiers,Caen,102
2725,INVALID,Événements sportifs Nancy,,,250
417,VALID,Y a-t-il un train de nuit entre Tourcoing et Brest ?,Tourcoing,Brest,149
5,VALID,je veux acheter mon billet pour le train calais créteil,Calais,Créteil,118
3788,VALID,train en fin d'apres-midi lille rennes,Lille,Rennes,76
1872,INVALID,je suis né à vesoul,,,185
3575,INVALID,Guide pratique Rouen,,,229
1958,INVALID,j'habite à charleville-mézières,,,152
3218,INVALID,Carte générale Bourges,,,257
1078,VALID,Je cherche un trajet en train de Manosque vers Nantes,Manosque,Nantes,30
915,VALID,Je planifie un voyage en train de Bastia vers Épinal,Bastia,Épinal,49
3423,INVALID,Le maire de Clisson,,,158
1145,VALID,Je veux le train le plus rapide de Belfort à Dieppe,Belfort,Dieppe,79
3963,VALID,Train matinal de Nimes vers Nice,Nîmes,Nice,115
2045,INVALID,services municipaux mâcon,,,259
3737,VALID,je veux partir de montreuil et descendre a bourges,Montreuil,Bourges,108
2326,INVALID,Informations générales Créteil,,,275
3361,INVALID,Statistiques météo Aix-les-Bains,,,204
775,VALID,Je veux voyager confortablementt de Saint-Denis vers Albert,Saint-Denis,Albert,104
1869,INVALID,monument célèbre à saint-étienne,,,188
2283,INVALID,Bonjour,,,21
1456,VALID,Train rapide de Reims à Nantes,Reims,Nantes,46
1414,VALID,Je veux réserver pour le train de Évreux vers Châlons-en-Champagne,Évreux,Châlons-en-Champagne,130
339,VALID,Je veux partir maintenant de Paris pour Toulouse,Paris,Toulouse,56
817,VALID,Train avec wifi de Charleville-Mézières à Nanterre,Charleville-Mézières,Nanterre,111
3308,INVALID,Centres culturels Aurillac,,,254
2305,INVALID,Montivilliers ou Antibes pour les vacances ?,,,157
781,VALID,Je dois aller de Gap à Chambéry ce soir,Gap,Chambéry,39
1616,VALID,Je dois me déplacer en train de Aubenas vers Soissons mardi,Aubenas,Soissons,120
3084,INVALID,Cinéma à Villeurbanne,,,216
3623,INVALID,Climat de Oyonnax,,,186
839,VALID,Je veux acheter un billet de train Dieppe Toul,Dieppe,Toul,83
1689,VALID,Je dois aller à Béziers en partant de Briançon en train,Briançon,Béziers,128
652,VALID,Je veux voyager confortablement de Charleville-Mézières vers Nancy,Charleville-Mézières,Nancy,104
1203,VALID,Je veux le prochain départ en train de Le Havre pour Annecy,Le Havre,Annecy,122
1919,INVALID,la distance entre rodez et biarritz,,,276
3317,INVALID,J'habite à Pontoise,,,17
443,VALID,Je cherche un train Fontainebleau Châteauroux,Fontainebleau,Châteauroux,14
4056,INVALID,La distance entre Saumur et Montpellier,,,20
845,VALID,Je cherche à voyager de Montreuil à Lens en TER,Montreuil,Lens,148
376,VALID,Un aller simple Évreux Douai,Évreux,Douai,10
630,VALID,Je veux aller de Villerbanne à Montrueil,Villeurbanne,Montreuil,1
2940,INVALID,Services municipaux Lourdes,,,259
277,VALID,Je pars demain de Toulon vers Saint-Malo,Toulon,Saint-Malo,37
2046,INVALID,activités culturelles tourcoing,,,247
3993,INVALID,Musee a visiter a Oyonnax,,,172
692,VALID,Train quotidien Charleville-Mézières Saint-Denis,Charleville-Mézières,Saint-Denis,107
1397,VALID,Je dois me déplacer en train de Saint-Nazaire vers Toulon mardi,Saint-Nazaire,Toulon,120
3686,INVALID,services publics epernay,,,234
3654,INVALID,J'habite à Montbéliard,,,17
2511,INVALID,Événements sportifs Clermont-Ferrand,,,250
2615,INVALID,Carte générale Rennes,,,257
2118,INVALID,Shopping à Angers,,,182
282,VALID,Quel est le prix du billet de train Maubeuge Montreuil ?,Maubeuge,Montreuil,105
3833,INVALID,calendrer evenemment mende,,,248
3752,VALID,je veux partir en milieu de soiree de laval pour compiegne,Laval,Compiègne,150
3902,INVALID,Histoire de Cergy,,,171
1511,VALID,Je veux ller de Saint-Quentin à Oonanx,Saint-Quentin,Oyonnax,1
2938,INVALID,Espaces verts Troyes,,,239
92,VALID,y a-t-il un ouigo de bordeaux vers cherbourg ?,Bordeaux,Cherbourg,109
3110,INVALID,Office du tourisme Bolbec,,,205
2114,INVALID,Centres médicaux Les Sables-d'Olonne,,,242
3891,VALID,je veux un train confortable de orange a fougeres,Orange,Fougères,69
1740,VALID,Je souhaite partir de Aix-en-Provence et arriver à Dunkerque,Aix-en-Provence,Dunkerque,81
3254,INVALID,Centres commerciaux Nîmes,,,226
3165,INVALID,Parc célèbre à Dunkerque,,,203
2253,INVALID,Carte administrative Clisson,,,218
440,VALID,Train rapide de Strasbourg à Vernon,Strasbourg,Vernon,46
3688,VALID,je reserve un train de lisieux a saint-etienne,Lisieux,Saint-Étienne,26
614,VALID,Je souhaite partir en milieu de matinée de Saint-Brieuc vers Clermont-Ferrand,Saint-Brieuc,Clermont-Ferrand,92
374,VALID,Je souhaite partir en milieu de matinée de Boulogne-Billancourt vers Cholet,Boulogne-Billancourt,Cholet,92
190,VALID,y a-t-il un départ tôt demain de rodez vers dunkerque ?,Rodez,Dunkerque,125
2234,INVALID,Météo actuelle à Saint-Brieuc,,,167
1914,INVALID,le maire de thonon-les-bains,,,24
1818,INVALID,cartographie évry,,,237
1525,VALID,Train en fin d'après-midi Aubenas Dieppe,Aubenas,Dieppe,76
974,VALID,Je dois me rendre à Rennes depuis Versailles en TGV,Versailles,Rennes,144
2434,INVALID,Actualités à Fontainebleau,,,178
532,VALID,Départ Saint-Quentin arrivée Quimper,Saint-Quentin,Quimper,15
3535,INVALID,Restaurant à Marseille,,,159
3550,INVALID,Concert prévu à Tourcoing,,,174
3263,INVALID,Statistiques emploi Hazebrouck,,,225
3048,INVALID,Photos aériennes Romans-sur-Isère,,,211
1662,VALID,Je veux le train le plus rapide de Aurillac à Auxerre,Aurillac,Auxerre,79
2685,INVALID,Guide pratique Perpignan,,,229
1405,VALID,Je cherche le train le plus économique de Digne-les-Bains à Auray,Digne-les-Bains,Auray,124
1650,VALID,Y a-t-il un train toutes les heures de Meaux à Dunkerque ?,Meaux,Dunkerque,89
1721,VALID,eJ vexu réserver une place dans letran Bastia Concarneau,Bastia,Concarneau,90
3455,INVALID,Associations à Villeurbanne,,,207
3839,INVALID,je travaille a lille,,,165
2925,INVALID,Plages proches de Douai,,,181
3128,INVALID,Entreprise connue à Cherbourg,,,180
3878,VALID,train avec places assises garanties annemasse boulogne-sur-mer,Annemasse,Boulogne-sur-Mer,119
3949,VALID,Un billet pour le train Lourdes Limoges,Lourdes,Limoges,51
2484,INVALID,Quel temps fait-il à Besançon ?,,,16
2720,INVALID,Carte météo Brest,,,251
1417,VALID,Auch Briançon pour demain,Auch,Briançon,6
162,VALID,je cherche un train jeudi de borgoinjallieu à albert,Bourgoin-Jallieu,Albert,140
3491,INVALID,Challans est magnifique en été,,,162
3563,INVALID,Guide local Bayonne,,,269
3810,INVALID,hotel disponible a antibes,,,163
3722,VALID,je cherche le train le moins cher de luneville a abbeville,Lunéville,Abbeville,54
1548,VALID,Je veux réserver pour le train dee Épernay vers Fontenay-le-Comte,Épernay,Fontenay-le-Comte,130
3838,VALID,je veux un train confortable de avranches a nice,Avranches,Nice,69
2575,INVALID,La distance entre Avranches et Nice,,,276
1312,VALID,Je cherche un train dimanche de Montbéliard à Bourg-en-Bresse,Montbéliard,Bourg-en-Bresse,132
3206,INVALID,Statistiques démographiques Lyon,,,245
1454,VALID,Je cherche à voyager de Vitry-le-François à Bourgoin-Jallieu en TER,Vitry-le-François,Bourgoin-Jallieu,148
90,VALID,train en milieu de journée louviers albertville,Louviers,Albertville,101
4037,VALID,Train quotidien Nantes Aurillac,Nantes,Aurillac,107
694,VALID,Trajet de Angoulême vers Mâcon,Angoulême,Mâcon,11
3842,INVALID,toulouse est une belle ville,,,153
2733,INVALID,Informations trafic Fontainebleau,,,260
3869,VALID,je prends le train de vannes a niort,Vannes,Niort,61
1394,VALID,Je veux le prochain départ en train de Tarbes pour Saint-Étienne,Tarbes,Saint-Étienne,122
2202,INVALID,Centres commerciaux Nice,,,226
2648,INVALID,Activités nocturnes Cholet,,,255
2431,INVALID,Quelle est la population de Mâcon ?,,,22
2078,INVALID,Statistiques locales Créteil,,,261
3348,INVALID,Restaurant à Montélimar,,,159
1995,INVALID,restaurant à boulogne-billancourt,,,159
2393,INVALID,Concert prévu à Pau,,,174
4033,INVALID,Hopitaux a Nevers,,,222
2490,INVALID,Shopping à Calais,,,182
893,VALID,Je cherche un train pour demain de Maubeuge à Rodez,Maubeuge,Rodez,75
1123,VALID,Y a-t-il un TER Créteil Le Mans ?,Créteil,Le Mans,68
2721,INVALID,Immobilier à Granville,,,208
2201,INVALID,Architecture de Lille,,,198
3352,INVALID,Parc célèbre à Valence,,,203
1791,INVALID,carte interactive saint-quentin,,,240
2105,INVALID,Statistiques démographiques Fécamp,,,245
1105,VALID,Train de fin de journée Romans-sur-Isère vers Pontoise,Romans-sur-Isère,Pontoise,147
2557,INVALID,Économie de Grenoble,,,199
680,VALID,Je veux partir en train de Quimper à Béziers samedi,Quimper,Béziers,126
1593,VALID,Je veux partir de Dieppe et descendre à Bordeaux,Dieppe,Bordeaux,108
1916,INVALID,informations pratiques saumur,,,256
134,VALID,à quelle heure arrive le train à rennes depuis créteil ?,Créteil,Rennes,48
2850,INVALID,Activités cultuerlles Villeurbanne,,,247
481,VALID,Je cherche à voyager de Briançon à Aix-les-Bains en TER,Briançon,Aix-les-Bains,148
1210,VALID,Je veux allerr  de Dian à Créteil,Dinan,Créteil,1
512,VALID,Y a-t-il un train vers midi de Gap à Oyonnax ?,Gap,Oyonnax,137
3735,INVALID,mon amiv it a rouen et moi a monrteuil,,,154
2154,INVALID,Zones rurales Avranches,,,243
2123,INVALID,Événements locaux Port-Boulet,,,228
1722,VALID,Je veux me rendre à Vesoul depuis Granville par le train,Granville,Vesoul,73
3259,INVALID,Je suis né à Mende,,,185
558,VALID,Je veux le prochain départ en train de Alençon pour Ancenis,Alençon,Ancenis,122
2606,INVALID,Quelle heure est-il à Dole ?,,,160
2343,INVALID,Shopping à Le Havre,,,182
2453,INVALID,Zones touristiques Le Puy-en-Velay,,,249
1781,INVALID,activités culturelles clermont-ferrand,,,247
183,VALID,je veux partir en milieu de soirée de nevers pour laon,Nevers,Laon,150
2384,INVALID,Actualités à Provins,,,178
2474,INVALID,Je travaille à Rouen,,,165
1197,VALID,Y a-t-il des réductions sur le train Saint-Nazaire Auxerre ?,Saint-Nazaire,Auxerre,99
1513,VALID,Train avec places assises garanties Périgueux Elbeuf,Périgueux,Elbeuf,119
1223,VALID,Je souhaite partir en milieu de matinée de Aix-en-Provence vers Saint-Dizier,Aix-en-Provence,Saint-Dizier,92
905,VALID,Ya-t-il un TER Saint-Étienne ieppe ?,Saint-Étienne,Dieppe,68
2333,INVALID,Histoire de Alençon,,,171
1590,VALID,Y a-t-il un TGV Reims Dunkerque ?,Reims,Dunkerque,34
3970,VALID,Je veux vvoyager cofnrtablement de  Montbeliard vers Angers,Montbéliard,Angers,104
2112,INVALID,Centres éducatifs Dijon,,,270
4073,VALID,Perpignan Nevers pour demain,Perpignan,Nevers,6
3509,INVALID,Guide touristique Agen,,,183
2730,INVALID,La distance entre Vichy et Vernon,,,276
1790,INVALID,universiité à mnotbéliard,,,179
3417,INVALID,Centres commerciaux Nancy,,,226
3292,INVALID,Périgueux est une belle ville,,,18
47,VALID,je pars de béthune direction montbéliard,Béthune,Montbéliard,12
1543,VALID,Train rapide de Calais à Auch,Calais,Auch,46
1131,VALID,Unn billett pour le traiin Avranches Gap,Avranches,Gap,51
2084,INVALID,Spécialités culinaires Agen,,,187
641,VALID,Y a-t-il un Ouigo de Aubenas vers Les Sables-d'Olonne ?,Aubenas,Les Sables-d'Olonne,109
1580,VALID,Train de milieu d'après-midi Limoges Albertville,Limoges,Albertville,143
3720,INVALID,je vis a tourcoing,,,168
1158,VALID,Y a-t-il un TGV direct Vienne Poitiers ?,Vienne,Poitiers,93
754,VALID,Y a-t-il un départ vers 14h de Châteaubriant pour Montreuil ?,Châteaubriant,Montreuil,117
942,VALID,Quelle est la durée du trajet en train de Toul à Albert ?,Toul,Albert,31
1076,VALID,Je veux arriver à Dunkerquedepuis ennes,Rennes,Dunkerque,63
2530,INVALID,Services municipaux Mulhouse,,,259
3181,INVALID,Carte météo Angers,,,251
3313,INVALID,Architecture de Montivilliers,,,198
825,VALID,Je souhaite réserver un train de Valenciennes vers Épernay,Valenciennes,Épernay,58
1613,VALID,Je dois me rendre de Moulins à Lorient,Moulins,Lorient,7
126,VALID,je cherche le train le plus économique de montreuil à reims,Montreuil,Reims,124
2267,INVALID,Quartier sûr à Béthune,,,190
226,VALID,comment me rendre à florence depuis albi ?,Albi,Florence,3
4032,INVALID,Carte des quartiers Saint-Quentin,,,267
3593,INVALID,Musée à visiter à Caen,,,172
30,VALID,train en milieu de journée lannion niort,Lannion,Niort,101
6,VALID,comment rejoindre évreux depuis chaumont en train ?,Chaumont,Évreux,38
3061,INVALID,Centres culturels Niort,,,254
229,VALID,je veux partir après le déjeuner de mulhouse pour charleville-mézières,Mulhouse,Charleville-Mézières,134
82,VALID,y a-t-il un train de nuit entre dinan et berck ?,Dinan,Berck,149
266,VALID,Train avec peu de correspondances de Modane vers Béziers,Modane,Béziers,127
1776,INVALID,restaurant à pontarlier,,,159
389,VALID,Je dois me rendre de Amboise à Clermont-Ferrand,Amboise,Clermont-Ferrand,7
642,VALID,Je dois mer endre à Épial depuis Saint-Étiene en TGV,Saint-Étienne,Épinal,144
1804,INVALID,plan de ville meaux,,,206
2158,INVALID,Centres culturels Meaux,,,254
3239,INVALID,Musée célèbre à Rennes,,,166
2821,INVALID,Événements sportifs Challans,,,250
2159,INVALID,Code postal Chambéry,,,176
1057,VALID,Je dois voyager en train de Arras vers Angers mercredi,Arras,Angers,136
3052,INVALID,Quartiers de Chaumont,,,173
3696,VALID,train de fin de matinee belfort chartres,Belfort,Chartres,131
3975,INVALID,Je vis a Nante,,,168
2296,INVALID,Centres de loisirs Saint-Étienne,,,262
3327,INVALID,Monument célèbre à Cannes,,,188
3822,INVALID,evenements locaux langres,,,228
1418,VALID,Un aller simple Pau Saint-Dizier,Pau,Saint-Dizier,10
2566,INVALID,Centres de loisirs Fontenay-le-Comte,,,262
3283,INVALID,Écoles à Aurillac,,,213
530,VALID,Quelle ets la durée du trjaet en train de Évreux  àValenciennes ?,Évreux,Valenciennes,31
1584,VALID,Je voudrais connaître les horaires de train de Moulins à Reims,Moulins,Reims,67
2037,INVALID,plan de ville le mans,,,206
1100,VALID,Y a-t-il un Ouigo de Pau vers Nîmes ?,Pau,Nîmes,109
3950,INVALID,Carte meteo Nimes,,,191
1200,VALID,Je cherche un train Cannes Calais,Cannes,Calais,14
3441,INVALID,Carte postale Vitré,,,196
2944,INVALID,Journaux locaux Amiens,,,192
1744,VALID,Je pars en train de Bourges vers Vannes,Bourges,Vannes,71
3335,INVALID,Centres culturels Vernon,,,254
3812,INVALID,carte des routes chateaubriant,,,223
2354,INVALID,Journaux locaux Strasbourg,,,192
4088,INVALID,Vienne est une belle ville,,,153
1302,VALID,Train avec wifi de Boulogne-Billancourt à Lens,Boulogne-Billancourt,Lens,111
1997,INVALID,statistiques économiques fécamp,,,272
2203,INVALID,Quaartier sûr à Lyon,,,190
2731,INVALID,Activités sportives Quimper,,,264
1246,VALID,Y a-t-il un TER Évreux Fontenay-le-Comte ?,Évreux,Fontenay-le-Comte,68
1566,VALID,Je cherche un train Orléans Privas,Orléans,Privas,14
1858,INVALID,meilleur moment pour visiter chartres,,,197
2464,INVALID,Centres éducatifs Chaumont,,,270
2598,INVALID,Musée célèbre à Nice,,,166
1617,VALID,Y a-t-il un départ en soirée de Thonon-les-Bains pour Pontoise ?,Thonon-les-Bains,Pontoise,141
886,VALID,Train avec places assises garanties Le Havre Versailles,Le Havre,Versailles,119
48,VALID,je dois faire châlons-en-champagne berck en train,Châlons-en-Champagne,Berck,102
231,VALID,comment rejoindre digne-les-bains depuis clisson en train ?,Clisson,Digne-les-Bains,38
3748,INVALID,informations locales creteil,,,241
3995,INVALID,Marche local Biarritz,,,202
2858,INVALID,Lnaguue parlée à Évreux,,,175
465,VALID,Y a-t-il un départ tôt demain de Compiègne vers Vitry-le-François ?,Compiègne,Vitry-le-François,125
2898,INVALID,Carte détaillée Lons-le-Saunier,,,265
3132,INVALID,Office du tourisme Modane,,,205
960,VALID,Je dois me rendre de Valenciennes à Antibes,Valenciennes,Antibes,7
2461,INVALID,Statistiques écoonmiques rOléans,,,272
565,VALID,Billet de train Limoges Auxerre pour aujourd'hui,Limoges,Auxerre,40
3416,INVALID,Carte scolaire Aubenas,,,230
1824,INVALID,statistiques économiques nice,,,272
553,VALID,Jev eux partir enmilieu ed soireé de hCalon-sur-Saône opur Dle,Chalon-sur-Saône,Dole,150
86,VALID,train du matin cergy louviers,Cergy,Louviers,29
1498,VALID,Y a-t-il un train vers midi de Loches à Vierzon ?,Loches,Vierzon,137
966,VALID,Je souhaite prendre un train en début d'après-midi de Clermont-Ferrand à Cholet,Clermont-Ferrand,Cholet,110
329,VALID,Un aller simple Bastia Valenciennes,Bastia,Valenciennes,10
2559,INVALID,Informations pratiques Mende,,,256
3090,INVALID,Bonjour,,,156
1690,VALID,Je cherche un train pour demain de Laon à Grenoble,Laon,Grenoble,75
324,VALID,Je veux aller de Colmar à Dole,Colmar,Dole,1
2764,INVALID,Nantes est une belle ville,,,18
885,VALID,Y a-t-il un départ vers 14h de Lorient pour Dijon ?,Lorient,Dijon,117
1568,VALID,Je veux partir en train de Cannes à Antibes samedi,Cannes,Antibes,126
2799,INVALID,Carte météo Montargis,,,191
3168,INVALID,Parc célèbre à Béthune,,,203
2121,INVALID,Associations locales Annemasse,,,236
2251,INVALID,Ambassade à Nîmes,,,184
1293,VALID,Je veux voyager en train de Paris à Moulins,Paris,Moulins,43
1883,INVALID,informations générales alençon,,,275
3311,INVALID,Offres d'emploi Dunkerque,,,246
457,VALID,Jep ars en rtain de Boulogne-sur-Mer vers Vannes,Boulogne-sur-Mer,Vannes,71
3811,VALID,train matinal de lisieux vers fougeres,Lisieux,Fougères,115
230,VALID,train en milieu de journée granville étampes,Granville,Étampes,101
4064,INVALID,Services municipaux Nevers,,,259
3402,INVALID,Immobilier à Clermont-Ferrand,,,208
4044,INVALID,Specialites culinaires Pontivy,,,187
3857,VALID,je veux partir apres le dejeuner de modane pour lens,Modane,Lens,134
2989,INVALID,Concert prévu à Saint-Quentin,,,174
3167,INVALID,Cartographie Saint-Malo,,,237
3124,INVALID,Zones commerciales Montivilliers,,,263
3854,VALID,y a-t-il un train vers 10h de vesoul a chartres ?,Vesoul,Chartres,129
2494,INVALID,Concert prévu à Yvetot,,,174
2878,INVALID,Statistiques économiques Toulon,,,272
3754,VALID,je veux un train avec prises electriques la rochelle orange,La Rochelle,Orange,146
1478,VALID,Je dois aller de Évreux à Elbeuf ce soir,Évreux,Elbeuf,39
1477,VALID,Billet de train Fontenay-le-Comte Béziers pour aujourd'hui,Fontenay-le-Comte,Béziers,40
872,VALID,Combien de temps dure le trajet en train de Thonon-les-Bains à Boulogne-sur-Mer ?,Thonon-les-Bains,Boulogne-sur-Mer,60
1091,VALID,Je vais de Saint-Dizier à Épinal en train,Saint-Dizier,Épinal,52
567,VALID,Je veux un train confortable de Châteaubriant à Le Puy-en-Velay,Châteaubriant,Le Puy-en-Velay,69
1012,VALID,Je veux comparer les horaires de train de Mâcon à Blois,Mâcon,Blois,94
3077,INVALID,Activités sportives Pau,,,264
1096,VALID,Je cherche un train Le Havre Louviers,Le Havre,Louviers,14
659,VALID,Je cherche un train jeudi de Moulins à Sait-Omer,Moulins,Saint-Omer,140
2226,INVALID,Musée célèbre à Chambér,,,166
3647,INVALID,Musée à visiter à Vierzon,,,172
3133,INVALID,Quelle est la population de Lille ?,,,155
3464,INVALID,Carte intractive Buologne-Billanocutr,,,240
922,VALID,Train ave le moisde correspondacne sToul Thhonnon-le-sBains,Toul,Thonon-les-Bains,55
1505,VALID,Je voudrais aller de Beauvais à Tourcoing en TGV,Beauvais,Tourcoing,47
1151,VALID,Y a-t-il des trains disponibles de Lunéville à Lourdes ?,Lunéville,Lourdes,50
999,VALID,Y a-t-il des trains en semaine de La Rochelle à Strasbourg ?,La Rochelle,Strasbourg,74
1612,VALID,Je dois faire Fougères Versailles en train,Fougères,Versailles,102
1782,INVALID,carte scolaire rennes,,,230
3551,INVALID,Je vis à Niort,,,168
683,VALID,Je veux comparer les horaires de train de Fécamp à Colmar,Fécamp,Colmar,94
2031,INVALID,j'habite actuellement à paris,,,161
3345,INVALID,Shopping à Lisieux,,,182
426,VALID,Train de fin de journée Montbéliard vers Auch,Montbéliard,Auch,147
2456,INVALID,Entreprise connue à Lons-le-Saunier,,,180
2603,INVALID,Here locale à Châteauroux,,,194
3070,INVALID,Économie de Bar-le-Duc,,,199
3668,INVALID,Économie de Clermont-Ferrand,,,199
1838,INVALID,quel temps fait-il à concarneau ?,,,151
4115,VALID,Quels sont les horaires de train Montargis Aurillac ?,Montargis,Aurillac,8
2698,INVALID,Population urbaine Clermont-Ferrand,,,266
67,VALID,quelle est la durée du trajet en train de auray à aurillac ?,Auray,Aurillac,31
250,VALID,je dois prendre un train de nanterre à évreu xlunid,Nanterre,Évreux,96
2447,INVALID,Activités nocturnes Nantes,,,255
1354,VALID,Je cherche un train dimanche de Fontenay-le-Comte à Nancy,Fontenay-le-Comte,Nancy,132
628,VALID,Train express de Béthune vers Morlaix,Béthune,Morlaix,139
3853,INVALID,zones vertes toul,,,224
3451,INVALID,Statistiques économiques Béthune,,,272
1756,VALID,Train de nuit Tourcoing Niort,Tourcoing,Niort,36
3372,INVALID,Photos aériennes Morlaix,,,211
627,VALID,Train de fin de matinée Saint-Malo Calais,Saint-Malo,Calais,131
484,VALID,Y a-t-il un train dans l'heure de Carcassonne vers Perpignan ?,Carcassonne,Perpignan,80
1692,VALID,Je veux un billet flexible Metz Vichy,Metz,Vichy,114
3882,VALID,train quotidien saumur evry,Saumur,Évry,107
288,VALID,Je veux le prochain départ en train de Douai pour Quimper,Douai,Quimper,122
1386,VALID,Je dois voyager de Cholet à Bastia vendredi,Cholet,Bastia,112
874,VALID,Train de fin de matinée Verdun Toul,Verdun,Toul,131
3709,INVALID,quartiers de gap,,,173
865,VALID,Quel trai me conseilllez-vous de Caen à Paris ,Caen,Paris,53
4065,INVALID,Informations trafic Tours,,,260
3846,VALID,je dois aller a agen en partant de evreux en train,Évreux,Agen,128
115,VALID,je pars de pontarlierr direction saint-dizier ,Pontarlier,Saint-Dizier,12
2386,INVALID,Statistiques démographiques Aix-les-Bains,,,245
1080,VALID,Train de nuit Clisson Nîmes,Clisson,Nîmes,36
346,VALID,Je dois me rendre de Tours à Melun,Tours,Melun,7
761,VALID,Quel train prendre pour aller de Toulon à Limoges ?,Toulon,Limoges,84
2274,INVALID,Centressporrtisf uDnkerque,,,235
3215,INVALID,Transports locaux Metz,,,273
506,VALID,Y a-t-il un départ vers 14h de Saint-Dizier pour Granville ?,Saint-Dizier,Granville,117
381,VALID,Je pars demain de Saint-Étienne vers Langres,Saint-Étienne,Langres,37
2710,INVALID,Carte des quartiers Bolbec,,,267
1295,VALID,Je dois me déplacer en train de Grenoble vers Marseille mardi,Grenoble,Marseille,120
3386,INVALID,Carte historique Dinan,,,210
1770,VALID,Je veux partir en train e dCherbourg à Vallenciennes samedi,Cherbourg,Valenciennes,126
2605,INVALID,Population urbaine Bayonne,,,266
1935,INVALID,lorient est magnifique en été,,,162
1445,VALID,Y a-t-il un train toutes les heures de Valenciennes à Cean ?,Valenciennes,Caen,89
81,VALID,je veux me rendre à épinal depuis châteauroux par le train,Châteauroux,Épinal,73
1250,VALID,Je veux partir en milieu de soirée de Mulhouse pour Digne-les-Bains,Mulhouse,Digne-les-Bains,150
1555,VALID,Je veux le train avec le meilleur confort Poitiers Montargis,Poitiers,Montargis,138
2003,INVALID,hôtel disponible à manosquue,,,163
2325,INVALID,Histoire de Nancy,,,171
3775,INVALID,j'habite actuellement a marseille,,,161
2889,INVALID,Activités culturelles Marseille,,,247
539,VALID,Y a-t-il un train dans l'heure de Romans-sur-Isère vers Vitry-le-François ?,Romans-sur-Isère,Vitry-le-François,80
1169,VALID,Billet de train aller-retour Roubaix Cergy,Roubaix,Cergy,78
1739,VALID,Je veux réserver pour le traani de uQimper vers Dunkerque,Quimper,Dunkerque,130
3601,INVALID,Plan de ville Carcassonne,,,206
2861,INVALID,Statistiques météo Le Puy-en-Velay,,,204
1855,INVALID,informations trafic montélimar,,,260
2600,INVALID,Vannes ou Tourcoing pour les vacances ?,,,157
2439,INVALID,Statistiques emploi Tarbes,,,225
533,VALID,Je réserve un train de Bar-le-Duc à Nice,Bar-le-Duc,Nice,26
3832,VALID,je cherche un train pour la semaine prochaine de evry a fontainebleau,Évry,Fontainebleau,106
1427,VALID,Je réserve un train de Tourcoing à Colmar,Tourcoing,Colmar,26
70,VALID,je dois me rendre à fécamp depuis saumur en tgv,Saumur,Fécamp,144
3159,INVALID,Bourgoin-Jallieu est magnifique en été,,,162
1631,VALID, Y at-ill des trains vers Montélima au départt de Sns ?,Sens,Montélimar,4
3501,INVALID,Zones touristiques Angers,,,219
847,VALID, Je hcerche un train jeudi de Lannion à Gap,Lannion,Gap,140
1063,VALID,Beauvais Villeurbanne pour demain,Beauvais,Villeurbanne,6
434,VALID,Je cherche un train Albert Morlaix,Albert,Morlaix,14
3355,INVALID,Population totale Saumur,,,252
2632,INVALID,Espaces verts Brest,,,239
3698,INVALID,services de sante dinan,,,271
2555,INVALID,Actualités à Moulins,,,178
237,VALID,prochain départ de nantes pour loches,Nantes,Loches,27
2096,INVALID,Actualités à Rennes,,,178
56,VALID,je dois me rendre à le puy-en-velay depuis bayonne en tgv,Bayonne,Le Puy-en-Velay,144
949,VALID,Y a-t-il un train avant 8h de Langres à Boulogne-sur-Mer ?,Langres,Boulogne-sur-Mer,103
2050,INVALID,carte météo briançon,,,191
695,VALID,Je souhaite prendre un train en début d'après-midi de Angoulême à Rodez,Angoulême,Rodez,110
2399,INVALID,Événements sportifs Bar-le-Duc,,,250
534,VALID,Je dois prendre le train de Soissons pour Louviers,Soissons,Louviers,45
4009,INVALID,La distance entreL angres et Fougeres,,,20
391,VALID,Je prends le train de Fécamp à Châteaubriant,Fécamp,Châteaubriant,61
3241,INVALID,Shopping à Vannes,,,182
1742,VALID,Train de fin de journée Pontarlier vers La Rochelle,Pontarlier,La Rochelle,147
3194,INVALID,Informations trafic Nanterre,,,260
3653,INVALID,Je vis à Besançon,,,168
2981,INVALID,Carte historique Saint-Malo,,,210
2222,INVALID,Zones touristiques Elbeuf,,,249
2465,INVALID,Centres commerciaux Elbeuf,,,226
2913,INVALID,Population urbaine Albi,,,266
2777,INVALID,Statistiques économiques Valenciennes,,,272
912,VALID,Train direct sans correspondance Quimper Rodez,Quimper,Rodez,82
514,VALID,Je souhaite réserver un train de Lille vers Fontenay-le-Comte,Lille,Fontenay-le-Comte,58
477,VALID,Je dois me rendre de Amiens à Aix-en-Provence,Amiens,Aix-en-Provence,7
1122,VALID,Je veux partir maintenant de Dole pour Pontivy,Dole,Pontivy,56
953,VALID,Un billet de train pour aller de Reims à Angers,Reims,Angers,33
3665,INVALID,La distance entre Lannion et Romans-sur-Isère,,,276
1325,VALID,Quel train me conseillez-vous de Pontivy à Avignon ?,Pontivy,Avignon,53
1772,VALID,Y a-t-il un train vers midi de Auray à Aurillac ?,Auray,Aurillac,137
1160,VALID, J veux achete rmon billet pour le trin  Toulouse Saint--Malo,Toulouse,Saint-Malo,118
1023,VALID,Je dois faire Créteil Vannes en train,Créteil,Vannes,102
3353,INVALID,Zones vertes Compiègne,,,224
1393,VALID,Je veux voyager confortablement de Nancy vers Concarneau,Nancy,Concarneau,104
3047,INVALID,Carte postale Montélimar,,,196
697,VALID,Train du matin Vesoul Compiègne,Vesoul,Compiègne,29
1647,VALID,Trajet de Fécamp vers Manosque,Fécamp,Manosque,11
952,VALID,Y a-t-il u départ en soirée de Aix-les-Bains pour Dieppe ?,Aix-les-Bains,Dieppe,141
1039,VALID,Y a-t-il des trains en semaine de Châlons-en-Champagne à Melun ?,Châlons-en-Champagne,Melun,74
1544,VALID,Je dois voyager de Albi à Auxerre vendredi,Albi,Auxerre,112
4041,INVALID, Zones rurales Lorient,,,243
1043,VALID,Départ Nice arrivée Nancy,Nice,Nancy,15
2804,INVALID,Je déménage à Perpignan,,,195
1248,VALID,Je cherche le meilleur horaire de train Perpignan Boulogne-Billancourt,Perpignan,Boulogne-Billancourt,86
706,VALID,Quel est le prix du billet de train Le Mans Loches ?,Le Mans,Loches,105
2920,INVALID,Zones touristiques Clermont-Ferrand,,,219
2868,INVALID,Zones vertes Saint-Omer,,,224
2558,INVALID,Carte historique Paris,,,210
2508,INVALID,Quartiers historiques Privas,,,227
2404,INVALID,Toulon ou Maubeuge pour les vacances ?,,,157
1027,VALID,Prochain TGV  de Dunkerque opurElbeuf,Dunkerque,Elbeuf,95
2774,INVALID,Statistiques démographiques Grenoble,,,245
950,VALID,Y a-t-il un train toutes les deux heures de Digne-les-Bains à Orléans ?,Digne-les-Bains,Orléans,145
3230,INVALID,Événements locaux Limoges,,,228
3528,INVALID,Informations générales Angers,,,275
1896,INVALID,quartiers de tarbes,,,173
651,VALID,Train de fin de matinée Montargis Fécamp,Montargis,Fécamp,131
2194,INVALID,Photos anciennes Avranches,,,200
260,VALID,je pars demain de challans vers tarbes,Challans,Tarbes,37
3281,INVALID,Population urbaine Tours,,,266
3046,INVALID,Restaurant à Berck,,,159
3681,INVALID,Évreux est une belle ville,,,153
919,VALID,Prochain train pour Saint-Malo depuis Saint-Brieuc,Saint-Brieuc,Saint-Malo,13
2591,INVALID,Office postal Langres,,,221
3829,VALID,je veux achetr mon bbillet pour le train nancy eprnay,Nancy,Épernay,118
3757,VALID,quel train prendre pour alelr de vendome a nveers ?,Vendôme,Nevers,84
2389,INVALID,Musée célèbre à Lannion,,,166
1165,VALID,Je pars de Besançon direction Brest,Besançon,Brest,12
2533,INVALID,Bibliothèque à Aubenas,,,212
4061,VALID,Je cherche un train apres 18h de Quimper vers Briancon,Quimper,Briançon,98
3439,INVALID,Marchés hebdomadaires Charleville-Mézières,,,238
3561,INVALID,Informations locales Vitré,,,241
3067,INVALID,Festival à Montélimar,,,189
2813,INVALID,Monuments historiques Lannion,,,214
631,VALID,Train avec places assises garanties Concarneau Lourdes,Concarneau,Lourdes,119
1656,VALID,Je vais de Le Havre à Bar-le-Duc en train,Le Havre,Bar-le-Duc,52
3358,INVALID,Musée célèbre à Saint-Quentin,,,166
167,VALID,y a-t-il un ouigo de lisieux vers albi ?,Lisieux,Albi,109
3273,INVALID,Restaurant à Béthune,,,25
2524,INVALID,Béziers est une belle ville,,,153
3587,INVALID,Code postal Dunkerque,,,176
359,VALID,Y a-t-il un départ en soirée de Vienne pour Tours ?,Vienne,Tours,141
605,VALID,Je veux prendre le train de Arles à Chinon,Arles,Chinon,28
1168,VALID,Billet aller simple en train Rennes Albertville,Rennes,Albertville,70
2902,INVALID,Le maire de Orange,,,158
3687,VALID,je planifie un voyage en train de acnenisv ers nie,Ancenis,Nîmes,49
3600,INVALID,Centres culturels Saumur,,,254
849,VALID,Je érserve n train de Montpellier à Avrancches,Montpellier,Avranches,26
1104,VALID,Je souhaite voyager de Belfort vers Évreux,Belfort,Évreux,5
2572,INVALID,Centres de loisirs Chaumont,,,262
1527,VALID, Je pars de Molaxi direction Annecy,Morlaix,Annecy,12
939,VALID,Je veux partir en milieu de soirée de Vichy pour Bourges,Vichy,Bourges,150
2244,INVALID,Plages proches de Aix-en-Provence,,,181
701,VALID, Qul train me ocnseillez-vous de Lourdes à Évreux ?,Lourdes,Évreux,53
1052,VALID,Y a-t-il un départ vers 14h de Aix-les-Bains pour Nancy ?,Aix-les-Bains,Nancy,117
1233,VALID,Train de fin de journée Angoulême vers Lyon,Angoulême,Lyon,147
2848,INVALID,Théâtre à Biarritz,,,217
3926,VALID,Billet de train aller-retour Saint-Malo Epernay,Saint-Malo,Épernay,78
1575,VALID,Y a-t-il  u nTGV direct Bourges Tourcoing ?,Bourges,Tourcoing,93
3236,INVALID,Statistiques économiques  Saint-Bireuc,,,272
3981,INVALID,Espaces verts Saumur,,,239
1621,VALID,Je dois me déplacer de Morlaix à Chinon en train,Morlaix,Chinon,65
449,VALID,Je cherche un train dimanche de Langres à Modane,Langres,Modane,132
2782,INVALID,Événements locaux Metz,,,228
2762,INVALID,Guide urbain Fécamp,,,253
3807,VALID,y a-tt--il un train avatn 8h de beelfort a  bolbc e?,Belfort,Bolbec,103
3610,INVALID,Transports locaux Bourg-en-Bresse,,,273
1813,INVALID,statistiques locales quimper,,,261
677,VALID,Je pars en train de Beauvais vers Limoges,Beauvais,Limoges,71
2967,INVALID,Clubs sportifs Cergy,,,215
1618,VALID,e veux le train de Quimper à Vienne le pllus tôt possible,Quimper,Vienne,100
2680,INVALID,Lad istance enttre Fougères et Béthune,,,276
3900,INVALID,climat de cergy,,,186
3817,VALID,comment rejoindre aubenas depuis chartres en train ?,Chartres,Aubenas,38
1262,VALID,Je dois me déplacer de Soissons à Vienne en train,Soissons,Vienne,65
2896,INVALID,Innformations générales Antibes,,,275
2423,INVALID,Le maire de Pontarlier,,,24
4004,INVALID,Universite a Le Havre,,,179
580,VALID,Je veux le prochain départ en train de Yvetot pour Saint-Brieuc,Yvetot,Saint-Brieuc,122
66,VALID,train dee début de soirée chambéry vedun,Chambéry,Verdun,123
606,VALID,Je souhaite prendre le train de Châteaubriant pour Romans-sur-Isère,Châteaubriant,Romans-sur-Isère,32
3303,INVALID,Centres éducatifs Pontoise,,,270
432,VALID,Y a-t-il un TGV Besançon Ajaccio ?,Besançon,Ajaccio,34
3548,INVALID,Statistiques démographiques Romans-sur-Isère,,,245
1534,VALID,Je veux un train rapide de Nîmes à Berck,Nîmes,Berck,35
4060,INVALID,Informations pratiques Segre,,,256
3992,VALID,Je dois aller a Strasbourg en partant de Colmar en train,Colmar,Strasbourg,128
3009,INVALID,Informations pratiques Abbeville,,,256
727,VALID,Trajet de Lisieux vers Évreux,Lisieux,Évreux,11
3524,INVALID,Festival à Perpignan,,,189
1697,VALID,Je veux réserver pour le train de Cholet vers Cannes,Cholet,Cannes,130
100,VALID,je veux un train rapide de arras à gap,Arras,Gap,35
1678,VALID,Train de fin de journée Laon vers Ajaccio,Laon,Ajaccio,147
2335,INVALID,Hôtel disponible à Valenciennes,,,163
1500,VALID,Y a-t-il des trains en semaine de Chartres à Vierzon ?,Chartres,Vierzon,74
1528,VALID,Quel est l'horaire du prochain train Saint-Malo Angoulême ?,Saint-Malo,Angoulême,64
3058,INVALID,Entreprise connue à Douai,,,180
3639,INVALID,Journaux locaux Pontivy,,,192
3109,INVALID,Guide pratique Vendôme,,,229
3480,INVALID,Guide pratique Challans,,,229
2631,INVALID,Restaurant à Chambéry,,,159
3714,INVALID,services municipaux troyes,,,259
3445,INVALID,La distance entre Vannes et Besançon,,,276
3074,INVALID,Mon ami vit à Compiègne et moi à Aix-en-Provence,,,154
2728,INVALID,Spécialités culinaires Lyyon,,,187
1215,VALID,Train avec places assises garanties Marseille Albi,Marseille,Albi,119
738,VALID,Y a-t-il un train de nuit entre Béthune et Vendôme ?,Béthune,Vendôme,149
3989,VALID,Je dois me deplacer de Valenciennes a Dunkerque en train,Valenciennes,Dunkerque,65
2781,INVALID,Tarnsport urbain Ajaccio,,,258
3306,INVALID,Actualités à Ancenis,,,178
1778,INVALID,je vis à vernon,,,168
2792,INVALID,Statistiques locales Éiinal,,,261
4050,INVALID,Calendrier evenements Toulouse,,,248
2842,INVALID,Statistiques emploi Lunéville,,,225
1269,VALID,Un billet de train pour aller de Lannion à Melun,Lannion,Melun,33
2862,INVALID,Shopping à Auxerre,,,182
1549,VALID,Je veux partir de Arras à Saint-Malo en première classe,Arras,Saint-Malo,142
1128,VALID,Y a-t-il un train rapide sans arrêt Lille Évreux ?,Lille,Évreux,113
3791,VALID,je cherche un trajet en train de toulon vers fontainebleau,Toulon,Fontainebleau,30
1064,VALID,Je dois aller à Créteil en partant de Mende en train,Mende,Créteil,128
1878,INVALID,associations locales romans-sur-isère,,,236
3155,INVALID,Musée célèbre à Abbeville,,,166
3050,INVALID,Population totale Fougères,,,252
3482,INVALID,Bibliothèque à Montargis,,,212
2673,INVALID,Photo de Bayonne,,,177
943,VALID,Train rapide de Épernay à Bourgoin-Jallieu,Épernay,Bourgoin-Jallieu,46
3200,INVALID,J'habite à Pontivy,,,152
208,VALID,dernier train de poitiers vers montélimar,Poitiers,Montélimar,42
3558,INVALID,Zones rurales Cherbourg,,,243
312,VALID,Je veux un train rapide de Granville à Auch,Granville,Auch,35
3040,INVALID,Photos anciennes Dunkerque,,,200
3646,INVALID,Carte météo Dijon,,,251
3582,INVALID,Concert prévu à Saint-Malo,,,174
3051,INVALID,Quelle est la  population de Évvreux ?,,,155
973,VALID,Y a-t-il un TGV en fin d'après-midi Granville Saint-Malo ?,Granville,Saint-Malo,133
3562,INVALID,Carte des quartiers Verdun,,,267
1280,VALID,Combien de temps dure le trajet en train de Saint-Brieuc à Vendôme ?,Saint-Brieuc,Vendôme,60
2933,INVALID,Activités culturelles Privas,,,247
625,VALID,Train régional de Pontivy à Segré,Pontivy,Segré,87
925,VALID,Je planifie un voyage en train de Nice vers Lorient,Nice,Lorient,49
1637,VALID,Je veux le train le plus rapide de Saint-Quentin à Arras,Saint-Quentin,Arras,79
479,VALID,Je dois me déplacer en train de Vesoul vers Montivilliers mardi,Vesoul,Montivilliers,120
102,VALID,je veux acheter un billet de train arles beauvais,Arles,Beauvais,83
42,VALID,je dois me rendre à lisieux depuis perpignan en tgv,Perpignan,Lisieux,144
3931,VALID,Je souhaite partir de Lisieux et arriver a Laon,Lisieux,Laon,81
3892,INVALID,je suis ne a nanterre,,,185
1411,VALID,Comment me rendre à Nîmes depuis Concarneau ?,Concarneau,Nîmes,3
3405,INVALID,Quartiers historiques Port-Boulet,,,227
2691,INVALID,Immobilier à Béthune,,,208
4112,VALID,Train avec peu de monde de Rouen a Montreuil,Rouen,Montreuil,97
2607,INVALID,Services publics Périgueux,,,234
437,VALID,Billet e train aller-retour Rodez Orange,Rodez,Orange,78
3540,INVALID,Guide local Saint-Brieuc,,,269
284,VALID,Y a-t-il un TGV direct Briançon Besançon ?,Briançon,Besançon,93
809,VALID,Je veux aller de Mulhouse à Pau,Mulhouse,Pau,1
831,VALID,Train avec wifi de Aix-les-Bains à Port-Boulet,Aix-les-Bains,Port-Boulet,111
3389,INVALID,Je vis à Bordeaux,,,168
1263,VALID,Y a-t-il un train toutes les deux heures de Tours à Segré ?,Tours,Segré,145
4052,INVALID,Marches hebdomadaires Montargis,,,238
1851,INVALID,melun est magnifique en été,,,162
806,VALID,Je veux voyager en train de Abbeville à Clisson,Abbeville,Clisson,43
2677,INVALID,Saint-Nazaire est une belle ville,,,153
3578,INVALID,Informations locales Châteaubriant,,,241
2863,INVALID,Zones commerciales Monntivilliers,,,263
251,VALID,y a-t-il un train toutes les deux heures de bar-le-duc à rouen ?,Bar-le-Duc,Rouen,145
3060,INVALID,Écoles à Berck,,,213
2834,INVALID,Mon ami vit à Avranches et moi à Dunkerque,,,154
3369,INVALID,Je travaille à Châteaubriant,,,165
2001,INVALID,patrimoine culturel gap,,,232
2086,INVALID,Marchés hebdomadaires Langres,,,238
2581,INVALID,J'habite actuellement à Dole,,,161
3778,VALID,je veux reserver une place dans le train aurillac annemasse,Aurillac,Annemasse,90
3506,INVALID,Immobilier à Évry,,,208
3179,INVALID,Centres culturels Berck,,,254
1976,INVALID,carte de albert,,,169
50,VALID,je dois me rendre à angoulême depuis amiens en tgv,Amiens,Angoulême,144
4105,VALID,Train avec wifi de Montivilliers a Tourcoing,Montivilliers,Tourcoing,111
1056,VALID,Train de fin de journée Vierzon vers Briançon,Vierzon,Briançon,147
1332,VALID,Je veux le train le plus rapide de Metz à Tours,Metz,Tours,79
3014,INVALID,Je vis à Vitré,,,168
1623,VALID,Je veux aller de Limoges à Mâcon,Limoges,Mâcon,1
768,VALID,Y a-t-il un TGV Aix-les-Bains Mâcon ?,Aix-les-Bains,Mâcon,34
2089,INVALID,Clubs sportifs Carcassonne,,,215
2684,INVALID,Services municipaux Aix-en-Provence,,,259
834,VALID,Je veux partir après le déjeuner de Valence pour Moulins,Valence,Moulins,134
2829,INVALID,Zones résidentielles Paris,,,274
2809,INVALID,Transport urbain Auxerre,,,258
648,VALID,Y a-t-il un TGV direct Mende Argenteuil ?,Mende,Argenteuil,93
43,VALID,un aller simple châteauroux montargis,Châteauroux,Montargis,10
2577,INVALID,Carte historique Arles,,,210
2079,INVALID,Écoles àThonon-les-Bains,,,213
1278,VALID,Un aller simple Montargis Laon,Montargis,Laon,10
3131,INVALID,Histoire de Montpellier,,,171
2767,INVALID,Zones vertes Verdun,,,224
2292,INVALID,Je vis à Rouen,,,168
549,VALID,Billet de train aller-retour Angoulême Reims,Angoulême,Reims,78
3249,INVALID,Transport urbain Fécamp,,,258
2200,INVALID,Guide pratique Toul,,,229
3661,INVALID,Hôtel pas cher à Nîmes,,,170
3331,INVALID,Musée à visiter à Bourg-en-Bresse,,,172
603,VALID,Je veux un train confortable de Béthune à Grenoble,Béthune,Grenoble,69
1954,INVALID,guide étudiant bourgoin-jallieu,,,201
1895,INVALID,quartiers de vesoul,,,173
1224,VALID,Un billet pour le train Laon Nantes,Laon,Nantes,51
188,VALID,je vveux voyager  en train de doai à sens,Douai,Sens,43
2894,INVALID,Guide touristique Vierzon,,,183
3604,INVALID,Guide urbain Montbéliard,,,253
1375,VALID,Je veux aller de Bayonne à Metz,Bayonne,Metz,1
3815,VALID,comment rejoindre fontenay-le-comte depuis romans-sur-isere en train ?,Romans-sur-Isère,Fontenay-le-Comte,38
1461,VALID,Train avec restauration de Charleville-Mézières à Blois,Charleville-Mézières,Blois,135
2666,INVALID,Architecture de Mulhouse,,,198
2935,INVALID,Marchés hebdomadaires Cergy,,,238
2568,INVALID,Zones touristiques Lourdes,,,219
3948,VALID,Je dois prendre le train de Troyes pour Mulhouse,Troyes,Mulhouse,45
1428,VALID,Billet de train aller-retour Créteil Romans-sur-Isère,Créteil,Romans-sur-Isère,78
456,VALID,Train de fin de journée Poitiers vers Saint-Omer,Poitiers,Saint-Omer,147
3732,INVALID,quelle heure est-il a lisieux ?,,,160
2432,INVALID,Vierzon ou Lorient pour les vacances ?,,,23
2903,INVALID,Musée à visiter à Thonon-les-Bainns,,,172
772,VALID,Je veux réserver pour le train de Bolbec vers Vienne,Bolbec,Vienne,130
1718,VALID,Je cherche un train après 18h de Bourges vers Segré,Bourges,Segré,98
2973,INVALID,Cinéma à Amiens,,,216
1138,VALID,Je cherche un train dimanche de Béthune à Vierzon,Béthune,Vierzon,132
68,VALID,je cherche un train jeudi de auch à montbéliard,Auch,Montbéliard,140
2108,INVALID,Je suis né à Troyes,,,185
1308,VALID,Train en fin d'après-midi Bastia Montargis,Bastia,Montargis,76
1771,VALID,Je planifie un voyage en train de Vernon vers Pontoise,Vernon,Pontoise,49
3564,INVALID,Carte postale Port-Boulet,,,196
1516,VALID,Je dois voyager de Lourdes à Soissons ce week-end,Lourdes,Soissons,77
3637,INVALID,Je suis né à Romans-sur-Isère,,,185
993,VALID,Y a-t-il un train rapide sans arrêt Tarbes Caen ?,Tarbes,Caen,113
1608,VALID,Quel est le meilleur train de Avranches à Saint-Dizier ?,Avranches,Saint-Dizier,44
2087,INVALID,Carte météo Courbevoie,,,251
3490,INVALID,Météo actuelle à Vichy,,,167
3613,INVALID,Je vis à Agen,,,168
3676,INVALID,Informations pratiques Marseille,,,256
83,VALID,je veux aller de saint-nazaire à beauvais,Saint-Nazaire,Beauvais,1
1897,INVALID,spécialités culinaires privas,,,187
4012,INVALID,Vannes est magnifique en ete,,,162
1803,INVALID,montpellier est une belle ville,,,18
3939,INVALID,Quartiers de Chalons-en-Champagne,,,173
3265,INVALID,Les Sables-d'Olonne ou Thonon-les-Bains pour les vacances ?,,,157
3893,VALID,je veux aller de etampes a cannes,Étampes,Cannes,1
1317,VALID,Train rapide de Bourges à Pontarlier,Bourges,Pontarlier,46
2990,INVALID,Agenda culturel Poitiers,,,233
2749,INVALID,Offres d'emploi Manosque,,,246
2141,INVALID,Cartographie Granville,,,237
2921,INVALID,Je travaille à Maubeuge,,,165
171,VALID,je veux voyager confortablement de elbeuf vers les sables-d'olonne,Elbeuf,Les Sables-d'Olonne,104
3515,INVALID,Plages proches de Chartres,,,181
1243,VALID,Je veux aller de Calais à Nanterre,Calais,Nanterre,1
1932,INVALID,quel temps fait-il à arras ?,,,151
785,VALID,Je dois être à Clermont-Ferrand avant midi en partant de Argenteuil,Argenteuil,Clermont-Ferrand,88
851,VALID,Y a-t-il un départ en début de soirée de Biarritz pour Saint-Dizier ?,Biarritz,Saint-Dizier,85
909,VALID,Y a-t-il un Intercités Créteil Pontivy ?,Créteil,Pontivy,57
2358,INVALID,Musée cééèlbreà Chartrres,,,166
2172,INVALID,Centres commerciaux Digne-les-Bains,,,226
447,VALID,Je dois me rendre à Montpellier depuis Boulogne-Billancourt en TGV,Boulogne-Billancourt,Montpellier,144
306,VALID,Je veux me rendreà  Nantes depui Potarlier par le train,Pontarlier,Nantes,73
3454,INVALID,Population urbaine Soissons,,,266
213,VALID,dernier train de fécamp vers lens,Fécamp,Lens,42
968,VALID,Quelle est la fréquence des trains Bastia Nantes ?,Bastia,Nantes,72
3721,VALID,je veux comparer les horaires de train de compiegne a metz,Compiègne,Metz,94
350,VALID,Je dois me déplacer de Orléans à Rodez en train,Orléans,Rodez,65
4103,VALID,Je voudrais aller de Besancon a Pontivy en TGV,Besançon,Pontivy,47
3467,INVALID,Hôtel disponible à Sens,,,163
301,VALID,Je pars en train de Louviers vers Agen,Louviers,Agen,71
2437,INVALID,Hôpitaux à Montpellier,,,222
3745,INVALID,statistiques economiques clisson,,,272
1387,VALID,Je dois être à Tarbes avant midi en partant de Angoulême,Angoulême,Tarbes,88
551,VALID,Je dois me rendre de Boulogne-sur-Mer à Lannion,Boulogne-sur-Mer,Lannion,7
1624,VALID,Je veux aller de Verdun à Évry,Verdun,Évry,1
21,VALID,à quelle heure arrive le train à amboise depuis quimper ?,Quimper,Amboise,48
2542,INVALID,J'habite à Modane,,,17
2505,INVALID,Événements culturels Port-Boulet,,,268
987,VALID,Je voudrais connaître les horaires de train de Meaux à Modane,Meaux,Modane,67
777,VALID,Quel est le prix du billet de train Montbéliard Cannes ?,Montbéliard,Cannes,105
3202,INVALID,Mon ami vit à Blois et moi à Cannes,,,154
1119,VALID,Je dois prendre le train dee Dole pour Verdun,Dole,Verdun,45
1847,INVALID,zones industrielles fontainebleau,,,231
1714,VALID,Je souhaite réserver un train de Les Sables-d'Olonne vers Lannion,Les Sables-d'Olonne,Lannion,58
2398,INVALID,Offres d'emploi Évreux,,,246
3022,INVALID,Carte des quartiers Béziers,,,267
1059,VALID,Je veux le train de Agen à Hazebrouck le plus tôt possible,Agen,Hazebrouck,100
2855,INVALID,Quel temps fait-il à Béthune ?,,,151
1217,VALID,Je veux le train avvec le meilleur confort Saint-Étiene Nancy,Saint-Étienne,Nancy,138
2039,INVALID,statistiques locales arras,,,261
3318,INVALID,Briançon est une belle ville,,,18
717,VALID,Je cherche un train pour la semaine prochaine de Toulon à Châlons-en-Champagne,Toulon,Châlons-en-Champagne,106
1849,INVALID,statistiques démographiques orléans,,,245
913,VALID,Je cherche à aller de Fontainebleau à Clermont-Ferrandd par le train,Fontainebleau,Clermont-Ferrand,116
591,VALID, Je veux comparer les horaires det ran de Limoges à Chhâteaubriant ,Limoges,Châteaubriant,94
601,VALID,Je veux un train rapide de Roubaix à Lons-le-Saunier,Roubaix,Lons-le-Saunier,35
294,VALID,Je veux un train avec prises électriques Bar-le-Duc Épinal,Bar-le-Duc,Épinal,146
830,VALID,Train en milieu de journée Albi Lons-le-Saunier,Albi,Lons-le-Saunier,101
3430,INVALID,Centres de loisirs Saint-Dizier,,,262
687,VALID,Je voudrais aller de Laon à Fontenay-le-Comte en TGV,Laon,Fontenay-le-Comte,47
2288,INVALID,Zones touristiques Mende,,,249
4053,INVALID,Zones touristiques Vannes,,,219
2148,INVALID,Hôpitaux à Aix-en-Provence,,,222
1034,VALID,Train avec places assises garanties Tours Louviers,Tours,Louviers,119
515,VALID,Train express de Vierzon vers Aix-les-Bains,Vierzon,Aix-les-Bains,139
1342,VALID,Je souhaite réserver un train de Fougères vers Port-Boulet,Fougères,Port-Boulet,58
1424,VALID,Quels sont les horaires de train Gap Antibes ?,Gap,Antibes,8
1222,VALID,Train avec le moinss de correspondances Dieppe Montpellier,Dieppe,Montpellier,55
1185,VALID,Je cherche un trajet en train de Arras vers Segré,Arras,Segré,30
1939,INVALID,associations locales dole,,,236
2067,INVALID,Cinéma à Roubaix,,,216
2736,INVALID,Services municipaux Lannion,,,259
2629,INVALID,Bar-le-Duc ou Calais pour les vacances ?,,,157
3079,INVALID,Le maire de Chinon,,,24
3962,VALID,Je veux partir maintenant de Pontoise pour Etampes,Pontoise,Étampes,56
3282,INVALID,Bonjour,,,21
2665,INVALID,Carte postale Vitré,,,196
2022,INVALID,événements locaux amboise,,,228
3876,INVALID,transport urbain romans-sur-isere,,,258
1084,VALID,Je pars en train de Boulogne-sur-Mer vers Perpignan,Boulogne-sur-Mer,Perpignan,71
2790,INVALID,Carte postale Bourgoin-Jallieu,,,196
4072,VALID,Je dois voyager de Douai a Boulogne-sur-Mer vendredi,Douai,Boulogne-sur-Mer,112
3823,INVALID,centres de loisirs compiegne,,,262
1550,VALID,Comment rejoindre Fougères depuis Sens en train ?,Sens,Fougères,38
686,VALID,Train avec restauration de Tours à Orange,Tours,Orange,135
3818,VALID,y a-t-il un depart vers 14h de auch pour granville ?,Auch,Granville,117
3674,INVALID,Zones vertes Chinon,,,224
1051,VALID,Je veux aller de Niort à Sens,Niort,Sens,1
1132,VALID,Je souhaite partir de Roubaix e arrriver à Lao,Roubaix,Laon,81
3787,INVALID,evenements sportifs yvetot,,,250
935,VALID,Billet de train Concarneau Bordeaux pour aujourd'hui,Concarneau,Bordeaux,40
2478,INVALID,Code postal Nice,,,176
597,VALID,Y a-t-il un TGV direct Créteil Vannes ?,Créteil,Vannes,93
650,VALID,Train de milieu d'après-midi Auray Étampes,Auray,Étampes,143
2625,INVALID,Carte météo Lisieux,,,191
1167,VALID,Y a-t-il un TGV Laon Auch ?,Laon,Auch,34
3025,INVALID,Mon ami vit à Étampes et moi à Annemasse,,,154
154,VALID,y a-t-il un tgv direct albert châteaubriant ?,Albert,Châteaubriant,93
1973,INVALID,nancy ou montivilliers pour les vacances ?,,,157
3982,VALID,Je souhaite partir de Dieppe et arriver a Marseille,Dieppe,Marseille,81
2815,INVALID,Guide pratique Boulogne-sur-Mer,,,229
97,VALID,je veux voyager en train de laval à beauvais,Laval,Beauvais,43
827,VALID,Je veux partir en train de Belfort à Épernay samedi,Belfort,Épernay,126
3150,INVALID,Services de santé Montpellier,,,271
1300,VALID,Je voudrais partir de Bayonne pour aller à Albert,Bayonne,Albert,9
1937,INVALID,activités culturelles concarneau,,,247
1408,VALID,Je souhaite réserver un train de Concarneau vers Perpignan,Concarneau,Perpignan,58
3323,INVALID,Je déménage à Niort,,,195
2980,INVALID,Office postal Saint-Dizier,,,221
1032,VALID,Train en fin d'après-midi Mulhouse ontauban,Mulhouse,Montauban,76
19,VALID,je dois aller de mulhouse à blois ce soir,Mulhouse,Blois,39
16,VALID,je cherche un train après 18h de caen vers auxerre,Caen,Auxerre,98
3450,INVALID,Marchés hebdomadaires Granville,,,238
2450,INVALID,Photo de Strasbourg,,,177
3280,INVALID,Météo actuelle à Saint-Malo,,,167
689,VALID,Train direct sans correspondance Agen Privas,Agen,Privas,82
682,VALID,Y a-t-il un train dans l'heure de Le Havre vers Aurillac ?,Le Havre,Aurillac,80
3125,INVALID,Tarbes ou Saint-Malo pour les vacances ?,,,23
1977,INVALID,événements locaux angers,,,228
2190,INVALID,Quelle est la population de Chinon ?,,,155
2436,INVALID,Je suis né à Belfort,,,185
3855,INVALID,activites culturelles pontarlier,,,247
3037,INVALID,Journaux locaux Saint-Étienne,,,192
303,VALID,Y a-t-il un train rapide sans arrêt Ancenis Bayonne ?,Ancenis,Bayonne,113
2070,INVALID,Transport urbain Dunkerque,,,258
3693,VALID,train avec restauration de antibes a belfort,Antibes,Belfort,135
1341,VALID,Je dois voyager en train de Strasbourg vers Avranches mercredi,Strasbourg,Avranches,136
2345,INVALID,Office du tourisme Lannion,,,205
704,VALID,Je dois me déplacer de Dijon à Nice en train,Dijon,Nice,65
2475,INVALID,Quelle heure est-il à Douai ?,,,160
3641,INVALID,Carte de Provins,,,169
3073,INVALID,Événements locaux Villeurbanne,,,228
2225,INVALID,Informations pratiques Dijon,,,256
492,VALID,Y a-t-il un train vers 10h de Louviers à Laon ?,Louviers,Laon,129
205,VALID,un billet lourdes vitry-le-rançois s'il vos plaît,Lourdes,Vitry-le-François,2
2066,INVALID,Hôpitaux à Albi,,,222
2885,INVALID,Quartier sûr à Grenoble,,,190
2496,INVALID,Bibliothèque à Fougères,,,212
1610,VALID,Je voudrais partir de La Rochelle pour aller à Orléans,La Rochelle,Orléans,9
3072,INVALID,Carte historique Villeurbanne,,,210
1381,VALID,Je souhaite réserver un train de Le Havre vers Arras,Le Havre,Arras,58
416,VALID,Quel train me conseillez-vous de Annemasse à Villeurbanne ?,Annemasse,Villeurbanne,53
531,VALID,Je cherche un train pour la semaine prochaine de Lille à Rennes,Lille,Rennes,106
2125,INVALID,Zones rurales Strasbourg,,,243
813,VALID,Je veux me rendre à Oyonnax depuis Clisson par le train,Clisson,Oyonnax,73
879,VALID,Train avec places assises garanties Avignon Lorient,Avignon,Lorient,119
715,VALID,Je souhaite prendre un train en début d'après-midi de Le Havre à Lorient,Le Havre,Lorient,110
1559,VALID,Train du soir Paris Auxerre,Paris,Auxerre,66
1150,VALID,Je veux partir après le déjeuner de Évreux pour Lons-le-Saunier,Évreux,Lons-le-Saunier,134
2999,INVALID,Monument célèbre à Les Sables-d'Olonne,,,188
3783,VALID,combien de temps dure le trajet en train de briancon a lens ?,Briançon,Lens,60
1523,VALID,Train de nuit Vendôme Saint-Quentin ,Vendôme,Saint-Quentin,36
2672,INVALID,Photos anciennes Yvetot,,,200
1572,VALID,Je veux achter unn billet de train La Rochelle éFcamp,La Rochelle,Fécamp,83
2068,INVALID,La distance entre Maubeuge et Angoulême,,,276
3834,INVALID,je vis a grenoble,,,168
2044,INVALID,office posttal soissonns,,,221
820,VALID,Train régional de Toulouse à Elbeuf,Toulouse,Elbeuf,87
927,VALID,Je cherche un train Périgueux Épernay,Périgueux,Épernay,14
1597,VALID,Je veux arriver à Meaux depuis Valence,Valence,Meaux,63
321,VALID,Prochain départ de Clermont-Ferrand pour Privas,Clermont-Ferrand,Privas,27
2748,INVALID,Le maire de Épernay,,,158
3920,INVALID,Economie de Rodez,,,199
1174,VALID,Train avec wifi de Nevers à Granville,Nevers,Granville,111
3625,INVALID,Photo de Versailles,,,177
2220,INVALID, Shopping à Carcassone,,,182
2171,INVALID,Centres médicaux Villeurbanne,,,242
3626,INVALID,Zones touristiques Reims,,,219
2535,INVALID,Zones commerciales Argenteuil,,,263
1926,INVALID,météo actuelle à lens,,,167
2041,INVALID,hôtel pas cher à auray,,,170
1476,VALID,Prochain départ de Boulogne-Billancourt pour Évreux,Boulogne-Billancourt,Évreux,27
373,VALID,Y a-t-il un départ vers 14h de Montreuil pour Compiègne ?,Montreuil,Compiègne,117
4016,INVALID,Je suis ne a Romans-sur-Isere,,,185
3743,VALID,je cherche un train jeudi de dieppe a fontenay-le-cmte,Dieppe,Fontenay-le-Comte,140
1372,VALID,Je dois être à Périgueux avant midi en partant de Chartres,Chartres,Périgueux,88
2552,INVALID,Carte météo Dole,,,251
1666,VALID,Je veux un billet flexible Vierzon Compiègne,Vierzon,Compiègne,114
2107,INVALID,Saint-Dizier ou Dijon pour les vacances ?,,,157
3035,INVALID,Le maire de Niort,,,158
1124,VALID,Billet aller simple en train Créteil Cambrai,Créteil,Cambrai,70
2722,INVALID,Guide urbain Manosque,,,253
1362,VALID,J dois voyager en train de Lyon vers Meaux mercredi,Lyon,Meaux,136
723,VALID,Billet de train Tourcoing Langres pour aujourd'hui,Tourcoing,Langres,40
1980,INVALID,office du tourisme abbeville,,,205
129,VALID,je veux le train de bastia à bourgoin-jallieu le plus tôt possible,Bastia,Bourgoin-Jallieu,100
3864,INVALID,histoire de lons-le-saunier,,,171
2544,INVALID,Guide étudiant Bayonne,,,201
3433,INVALID,Carte de Lunéville,,,169
3187,INVALID,Population étudiante Rennes,,,193
2051,INVALID,activités sportvse châtaeubriant,,,264
3324,INVALID,Quelle heure est-il à Cherbourg ?,,,160
3158,INVALID,Zones commerciales Loches,,,263
3529,INVALID,Population active Meaux,,,220
1641,VALID,Quel train me conseillez-vous de Aurillac à Auxerre ?,Aurillac,Auxerre,53
4010,INVALID,Centres sportifs Montpellier,,,235
1574,VALID,Je cherche à voyager de Besançon à Lyon en TER,Besançon,Lyon,148
3413,INVALID,Oyonnax est une belle ville,,,18
2270,INVALID,Cartographie Orléans,,,237
2763,INVALID,Zones touristiques Douai,,,219
2433,INVALID,Statistiques économiques Orange,,,272
4054,INVALID,Carte generale Nancy,,,257
3407,INVALID,Marché local Caen,,,202
2840,INVALID,Population urbaine Arras,,,266
3382,INVALID,Photo de Vienne,,,177
3678,INVALID,Mon ami vit à Lorient et moi à Évreux,,,19
191,VALID,y a-t-il un départ vers 14h de boulogne-sur-mer pour vannes ?,Boulogne-sur-Mer,Vannes,117
4116,INVALID,Meteo actuelle a Avignon,,,167
3928,VALID,Y a-t-il un TGV direct Troyes Lourdes ?,Troyes,Lourdes,93
3296,INVALID,Hôtel pas cher à Rennes,,,170
655,VALID,Train du matiin Fontenay-le-Comte Saint-Nzaire,Fontenay-le-Comte,Saint-Nazaire,29
1661,VALID,Châlons-en-Champagne Maubeuge pour demain,Châlons-en-Champagne,Maubeuge,6
2098,INVALID,Carte postale Saint-Brieuc,,,196
3023,INVALID,Actualités à Segré,,,178
1367,VALID,À quelle heure arrive le train à Albi depuis Port-Boulet ?,Port-Boulet,Albi,48
1045,VALID,Je cherche à aller de Bourgoin-Jallieu à Saumur par le train,Bourgoin-Jallieu,Saumur,116
1425,VALID,Je veux partir maintenant de Niort pour Vesoul,Niort,Vesoul,56
3462,INVALID,Cartographie Amboise,,,237
3076,INVALID,Entreprise connue à Beauvais,,,180
1251,VALID,Je veux partir en train de Chartres à Vesoul samedi,Chartres,Vesoul,126
1493,VALID,Quel train me conseillez-vous de Vitry-le-François à Pau ?,Vitry-le-François,Pau,53
3013,INVALID,Ambassade à Romans-sur-Isère,,,184
1832,INVALID,photos anciennes nantes,,,200
17,VALID,je souhaite réserver un train de louviers vers clermont-ferrand,Louviers,Clermont-Ferrand,58
3305,INVALID,Zones rurales Béziers,,,243
1993,INVALID,quelle est la population de tourcoing ?,,,155
2589,INVALID,Statistiques météo Manosque,,,204
3094,INVALID,Oyonnax ou Charleville-Mézières pour les vacances ?,,,23
921,VALID,Y a-t-il des réductions sur le train Elbeuf Lunéville ?,Elbeuf,Lunéville,99
2427,INVALID,Services publics Nevers,,,234
3746,INVALID,carte detaillee annemasse,,,265
3560,INVALID,Concert prévu à Charleville-Mézières,,,174
4057,INVALID,Immobilier a Alencon,,,208
1069,VALID,Prochain TGV de Pau pour Soissons,Pau,Soissons,95
3286,INVALID,Associations à Modane,,,207
1664,VALID,Je cherche à aller de Évreux à Tourcoing par le train,Évreux,Tourcoing,116
3874,INVALID,theatre a moorlaix,,,217
1259,VALID,Combien de temps dure le trajet en train de Saint-Nazaire à Arles ?,Saint-Nazaire,Arles,60
3420,INVALID,Concert prévu à Toulon,,,174
2567,INVALID,Climat de Cherbourg,,,186
670,VALID,Train express de Paris vers Fécamp,Paris,Fécamp,139
132,VALID,y a-t-il un train dans l'heure de montivilliers vers orléans ?,Montivilliers,Orléans,80
3836,VALID,train avec le moins de correspondances auray evreux,Auray,Évreux,55
2688,INVALID,Actualités à Auray,,,178
590,VALID,Je cherche le train le moins cher de Châteaubriant à Hazebrouck,Châteaubriant,Hazebrouck,54
3651,INVALID,Quelle heure est-il à Laon ?,,,160
3758,INVALID,quartiers de chartres,,,173
1432,VALID,Je réserve un train de Auch à Saint-Denis ,Auch,Saint-Denis,26
797,VALID,Je cherche un train dimanche de Orléans à Versailles,Orléans,Versailles,132
1141,VALID,Jedois me rendre à Niced epuisNanterre en TGV,Nanterre,Nice,144
639,VALID,Train rapide de Beauvais à Angoulême,Beauvais,Angoulême,46
57,VALID,y a-t-il un ter yvetot pau ?,Yvetot,Pau,68
3591,INVALID,Informations trafic Dunkerque,,,260
3153,INVALID,Statistiques démographiques Bourgoin-Jallieu,,,245
275,VALID,Je pars de Angoulême direction Toulon,Angoulême,Toulon,12
2026,INVALID,office du tourisme évry,,,205
3579,INVALID,Quartier sûr à Courbevoie,,,190
3217,INVALID,Architecture de Tours,,,198
3953,VALID,Je souhaite voyager de Digne-les-Bains vers Nantes,Digne-les-Bains,Nantes,5
1409,VALID,Train avec restauration de Brest à Épernay,Brest,Épernay,135
3147,INVALID,Parc célèbre à Pau,,,203
2269,INVALID,J'habite à Nanterre,,,152
755,VALID,Y a-t-il un train dans l'heure de Toul vers Montargis ?,Toul,Montargis,80
274,VALID,Y a-t-il un départ tôt demain de Fontenay-le-Comte vers Vannes ?,Fontenay-le-Comte,Vannes,125
236,VALID,train de fin de journée montivilliers vers lyon,Montivilliers,Lyon,147
1652,VALID,Je veux aller de Bolbec à Lyon,Bolbec,Lyon,1
355,VALID,Morlaix Chinon pour demain,Morlaix,Chinon,6
3011,INVALID,Clubs sportifs Maubeuge,,,215
3443,INVALID,Journaux locaux Versailles,,,192
955,VALID,Y a-t-il un TGV en fin d'après-midi Argenteuil Port-Boulet ?,Argenteuil,Port-Boulet,133
424,VALID,Je cherche un train dimanche de Montélimar à Versailles,Montélimar,Versailles,132
35,VALID,je veux le train de fougères à chambéry le plus tôt possible,Fougères,Chambéry,100
2525,INVALID,Carte météo Clermont-Ferrand,,,251
468,VALID,Je veux un train rapide de Épernay à Compiègne,Épernay,Compiègne,35
1178,VALID,Je voudrais connaître les horaires de train de Pontarlier à Berck,Pontarlier,Berck,67
1585,VALID,Y a-t-il des trains en semaine de Segré à Montpellier ?,Segré,Montpellier,74
1239,VALID,Train en milieu de journée Boulogne-sur-Mer Sens,Boulogne-sur-Mer,Sens,101
4092,VALID,Je veux le train le plus rapide de Chinon a Vitry-le-Francois,Chinon,Vitry-le-François,79
2543,INVALID,Marchés hebdomadaires Le Mans,,,238
3312,INVALID,Hôtel disponible à Concarneau,,,163
600,VALID,Je dois voyager de Pontoise à Troyes vendredi,Pontoise,Troyes,112
3650,INVALID,JJe suis né à Cinonn,,,185
1748,VALID,Je veux réserver pour le train de Périgueux vers Albertville,Périgueux,Albertville,130
1377,VALID,Billet aller simple en train Paris Tarbes,Paris,Tarbes,70
3513,INVALID,Bibliothèque à Amboise,,,212
1152,VALID,Je pars demain de Modane vers Manosque,Modane,Manosque,37
3918,VALID,Je pars en train de Sens vers Fontenay-le-Comte,Sens,Fontenay-le-Comte,71
1487,VALID,Train avec peu de correspondances de Épinal vers Maubeuge,Épinal,Maubeuge,127
1848,INVALID,zones industrielles aix-les-bains,,,231
494,VALID,Dernier train de Oyonnax vers Albertville,Oyonnax,Albertville,42
2451,INVALID,Le maire de Antibes,,,158
1589,VALID,Y a-t-il un train de nuit entre Amboise et Vernon ?,Amboise,Vernon,149
1844,INVALID,population urbaine nîmes,,,266
2459,INVALID,Carte générale Avranches,,,257
900,VALID,Trajet de Clermont-Ferrand vers Metz,Clermont-Ferrand,Metz,11
3166,INVALID,Carte administrative Concarneau,,,218
4055,VALID,Train du soir Chaumon Coonncarneau,Chaumont,Concarneau,66
2137,INVALID,Associations locales Morlaix,,,236
2312,INVALID,Services municipaux Arras,,,259
279,VALID,Trajet de Chaumont vers Pau,Chaumont,Pau,11
3301,INVALID,Queel temps ait-il à Mâcon ?,,,16
2376,INVALID,Carte générale Bolbec,,,257
2228,INVALID,Servicespublis Châteaubrian,,,234
3465,INVALID,Guide pratique Montbéliard,,,229
164,VALID,y a-t-il un tgv direct tarbes rennes ?,Tarbes,Rennes,93
1581,VALID,Y a-t-il un train tôt le matin de Les Sables-d'Olonne vers Pontarlier ?,Les Sables-d'Olonne,Pontarlier,62
3776,INVALID,je suis ne a loches,,,185
3914,INVALID,Le maire de Granville,,,158
2972,INVALID,Population active Cannes,,,220
2624,INVALID,Statistiques démographiques Angers,,,245
4083,VALID,Premier train Lens Boulogne-sur-Mer,Lens,Boulogne-sur-Mer,41
3325,INVALID,Météo actuelle à Quimper,,,167
818,VALID,Y a-t-il un Intercités Vienne Pontivy ?,Vienne,Pontivy,57
4043,INVALID,Hotel pas cher a Fontainebleau,,,170
322,VALID,Je veux me rendre à Montivilliers depuis Bolbec par le train,Bolbec,Montivilliers,73
3192,INVALID,Informations locales Lourdes,,,241
2330,INVALID,Festival à Marseille,,,189
1202,VALID,Y a-t-il un train toutes les deux heures de Lisieux à Antibes ?,Lisieux,Antibes,145
3840,INVALID,hotel disponible a dole,,,163
4030,INVALID,Musee a visiter a Lisieux,,,172
1816,INVALID,heure locale à le havre,,,194
1357,VALID,Y a-t-il un TGV direct Orléans Beauvais ?,Orléans,Beauvais,93
2907,INVALID,Épinal est une bele villle,,,18
3879,VALID,je veux acheter mon billet pour le train aurillac perpignan,Aurillac,Perpignan,118
2695,INVALID,Statistiques économiques Belfort,,,272
1660,VALID,Y a-t-il un TER Blois Soissons ?,Blois,Soissons,68
349,VALID,Je veux acheter un billet de train Cergy Ajaccio,Cergy,Ajaccio,83
225,VALID,je veux le train le plus rapide de reims à saint-malo,Reims,Saint-Malo,79
2711,INVALID,Centres de loisirs Loches,,,262
2135,INVALID,Je suis né à Nantes,,,185
1485,VALID,Train quotidien Pau Saint-Omer,Pau,Saint-Omer,107
428,VALID,Train de fin de matinée Saint-Omer Dunkerque,Saint-Omer,Dunkerque,131
3642,INVALID,Informations locales Arras,,,241
1311,VALID,Je dois prendre un train de Nevers à Port-Boulet lundi,Nevers,Port-Boulet,96
2960,INVALID,Population active Briançon,,,220
3669,INVALID,Plages proches de Nanterre,,,181
2692,INVALID,Associations locales Boulogne-sur-Mer,,,236
2479,INVALID,Activités nocturnes Rennes,,,255
2027,INVALID,théâtre à pontarlier,,,217
486,VALID,Quel est le meilleur train de Mulhouse à Melun ?,Mulhouse,Melun,44
1509,VALID,Tarin matial de Chinn vers Biarrizt,Chinon,Biarritz,115
897,VALID,Quel train me  consillez-vous de Chamont  à Limoges ?,Chaumont,Limoges,53
1807,INVALID,code postal bourges,,,176
3930,VALID,Je veux le train de Sens a Beziers le plus tot possible,Sens,Béziers,100
3182,INVALID,Agenda culturel Fécamp,,,233
2095,INVALID,Journaux locaux Moulins,,,192
2934,INVALID,Centres de loisirs Florence,,,262
895,VALID,Je cherchee un train après 18hde Annemasse vers Strasbourg,Annemasse,Strasbourg,98
1446,VALID,Je réserve un train de Bordeaux à Vitré,Bordeaux,Vitré,26
3250,INVALID,Heure locale à Montargis,,,194
49,VALID,je cherche un train pour la semaine prochaine de biarritz à fontenay-le-comte,Biarritz,Fontenay-le-Comte,106
4117,VALID,Je veux le train de Tarbes a Saint-Malo le plus tot possible,Tarbes,Saint-Malo,100
1733,VALID,Quel est le prix du billet de train Pontivy Tourcoing ?,Pontivy,Tourcoing,105
2187,INVALID,Carte touristique de Bourges,,,164
1634,VALID,Quel est le meilleur train de Rennes à Morlaix ?,Rennes,Morlaix,44
1879,INVALID,restaurant à bourgoin-jallieu,,,159
3809,INVALID,informations generales laval,,,275
1099,VALID,Je veux acheter un billet de train Vernon Lyon,Vernon,Lyon,83
1322,VALID,Je veux le train avec le meilleur confort Port-Boulet Brest,Port-Boulet,Brest,138
3756,INVALID,informations trafic nantes,,,260
3225,INVALID,Centres culturels Abbeville,,,254
3209,INVALID,La distance entre Briançon et Créteil,,,276
1496,VALID,Y a--til nu départ en débutd e soirée de Épina pour Vedrun ?,Épinal,Verdun,85
2205,INVALID,Informations trafic Créteil,,,260
3802,VALID,je cherche un train dimanche de montauban a montbeliard,Montauban,Montbéliard,132
2007,INVALID,caen est une belle ville,,,18
2602,INVALID,Activités sportives Toulon,,,264
1716,VALID,Je souhaite réserver un train de Le Puy-en-Velay vers Morlaix,Le Puy-en-Velay,Morlaix,58
3877,INVALID,langue parlee a macon,,,175
1734,VALID,Je voudrais aller de Chartres à Les Sables-d'Olonne en TGV,Chartres,Les Sables-d'Olonne,47
1111,VALID,Train express de Dunkerque vers Lunéville,Dunkerque,Lunéville,139
3226,INVALID,Quartier sûr à Mende,,,190
32,VALID,billet de train aller-retour orléans nanterre,Orléans,Nanterre,78
850,VALID,Je dois prendre un train de Lille à Quimper lundi,Lille,Quimper,96
345,VALID,Train pour Les Sables-d'Olonne au départ de Elbeuf,Elbeuf,Les Sables-d'Olonne,91
2523,INVALID,Je déménage à Maubeuge,,,195
3638,INVALID,Quelle heure est-il à Évreux ?,,,160
2294,INVALID,Ambassade à Metz,,,184
2391,INVALID,Activités culturelles Quimper,,,247
1166,VALID,Je pars de Thonon-les-Bains direction Brest,Thonon-les-Bains,Brest,12
1668,VALID,Train en milieu de journée Évry Caen,Évry,Caen,101
508,VALID,Perpignan Auray pour demain,Perpignan,Auray,6
1436,VALID,Prochain TGV de Biarritz pour Paris,Biarritz,Paris,95
2931,INVALID,Plages proches de Nanterre,,,181
3300,INVALID,Université à Albi,,,179
663,VALID,Train de milieu d'après-midi Dijon Argenteuil,Dijon,Argenteuil,143
783,VALID,Je cherche à aller de Saint-Nazaire à Albertville par le train,Saint-Nazaire,Albertville,116
1868,INVALID,informations trafic albi,,,260
3871,INVALID,cout de la vie chinon,,,209
3363,INVALID,Quartiers modernes Cambrai,,,244
3376,INVALID,Architecture de Cherbourg,,,198
3863,INVALID,carte scolaire dole,,,230
3299,INVALID,Hôpitaux à Louviers,,,222
1038,VALID,Je cherche le train le moins cher de Oyonnax à Le Puy-en-Velay,Oyonnax,Le Puy-en-Velay,54
69,VALID,prochain train pour cannes depuis saint-omer,Saint-Omer,Cannes,13
3559,INVALID,Centres médicaux Amboise,,,242
965,VALID,Y a-t-il un train dans l'heure de Bar-le-Duc vers Chaumont ?,Bar-le-Duc,Chaumont,80
242,VALID,y a-t-il un train rapide sans arrêt boulogne-billancourt paris ?,Boulogne-Billancourt,Paris,113
535,VALID,Je veux partir en milieu de soirée de Montargis pour Angoulême,Montargis,Angoulême,150
1663,VALID,Je cherche un trajet en train de Saint-Étienne vers Évreux,Saint-Étienne,Évreux,30
3100,INVALID,Hôtel disponible à Avignon,,,163
846,VALID,Comment rejoindre Dunkerque depuis Auray en train ?,Auray,Dunkerque,38
3960,INVALID,Population totale Granville,,,252
1173,VALID,Je veux le train le plus rapide de Nice à Challans,Nice,Challans,79
3621,INVALID,Carte des routes Paris,,,223
2120,INVALID,Langue parlée à Saint-Brieuc,,,175
2932,INVALID,Informations trafic Saint-Denis,,,260
2275,INVALID,Office du tourisme Provins,,,205
3835,VALID,y a-t-il un depart en debut de soiree de quimper pour aurillac ?,Quimper,Aurillac,85
1271,VALID,Quel train me conseillez-vous de Vernon à Beauvais ?,Vernon,Beauvais,53
2048,INVALID, zones touirsique svilleurbanne,,,249
3517,INVALID,Bibliothèque à Tarbes,,,212
2660,INVALID,Informations pratiques Bastia,,,256
3725,INVALID,guide local grenoble,,,269
2483,INVALID,Informations locales Carcassonne,,,241
1850,INVALID,carte météo yvetot,,,191
581,VALID,Lunéville Valeenciennes poru demain,Lunéville,Valenciennes,6
3628,INVALID,Statistiques météo Chalon-sur-Saône,,,204
1934,INVALID,climat de versailles,,,186
4042,INVALID,Yvetot ou Bourges pour les vacances ?,,,157
489,VALID,Je cherche à aller de Dinan à Angers par le train,Dinan,Angers,116
1126,VALID,Je veux partir de Albi à Rennes en première classe,Albi,Rennes,142
1438,VALID,Je veux comparer les horaires de train de Beauvais à Reims,Beauvais,Reims,94
3539,INVALID,Espaces verts Bar-le-Duc,,,239
3117,INVALID,Zones rurales Cambrai,,,243
2723,INVALID,Concert prévu à Blois,,,174
1211,VALID,Je veux le train le plus rapide de Nantes à Dunkerque,Nantes,Dunkerque,79
3763,VALID,prochain depart de montbeliard pour saint-malo,Montbéliard,Saint-Malo,27
2442,INVALID,Climat de Étampes,,,186
3830,VALID,y a-t-il un tgv albert evreux ?,Albert,Évreux,34
2650,INVALID,Toulon est une belle ville,,,18
2382,INVALID,Offres d'emploi Quimper,,,246
3716,VALID,quel train me conseillez-vous de auch a evry ?,Auch,Évry,53
3774,VALID,je veux partir de douai a montbeliard en premiere classe,Douai,Montbéliard,142
1657,VALID,Je veux partir de Fontenay-le-Comte à Bastia en première classe,Fontenay-le-Comte,Bastia,142
2372,INVALID,Statistiques économiques Bourgoin-Jallieu,,,272
2028,INVALID,hôtel ispoinble  àbourg-en-bresse,,,163
982,VALID,Je dois me rendre de Ancenis à Grenoble,Ancenis,Grenoble,7
3759,INVALID,le maire de cambrai,,,24
2947,INVALID,Associations à Verdun,,,207
2230,INVALID,Bibliothèque à Troyes,,,212
4022,INVALID,Transport urbain Marseille,,,258
272,VALID,Train de fin de matinée Étampes Romans-sur-Isère,Étampes,Romans-sur-Isère,131
1054,VALID,Je veux comparer les horaires de train de Rodez à Arras,Rodez,Arras,94
200,VALID,y a-t-il un train de nuit entre clisson et montbéliard ?,Clisson,Montbéliard,149
653,VALID,Billet de train aller-retour Chinon Strasbourg,Chinon,Strasbourg,78
1221,VALID,À quelle heure arrive le train à Saint-Étienne depuis Paris ?,Paris,Saint-Étienne,48
994,VALID,Comment me rendre à Chambéry depuis Saint-Brieuc ?,Saint-Brieuc,Chambéry,3
2917,INVALID,Population étudiante Niort,,,193
2997,INVALID,Statistiques démographiques Saint-Étienne,,,245
1475,VALID,Y a-t-il un TGV en fin d'après-midi Saint-Nazaire Étampes ?,Saint-Nazaire,Étampes,133
3232,INVALID,Photos aériennes Montivilliers,,,211
3277,INVALID,Concert prévu à Antibes,,,174
3029,INVALID,Climat de Bolbec,,,186
2052,INVALID,zones touristiques perpignan,,,219
3364,INVALID,Dunkerque est une belle ville,,,18
438,VALID,Je cherche un trajet en train de Cannes vers Montreuil,Cannes,Montreuil,30
633,VALID,Je cherche un train pour la semaine prochaine de Brest à Besançon,Brest,Besançon,106
792,VALID,Train en milieu de journée Granville Concarneau,Granville,Concarneau,101
2696,INVALID,Mon ami vit à Mâcon et moi à Saint-Malo,,,154
2592,INVALID,Zones industrielles Douai,,,231
2550,INVALID,Plan de ville Montpellier,,,206
2291,INVALID,Shopping à Cambrai,,,182
2008,INVALID,ifromations générales villeeurbanne ,,,275
892,VALID,Y a-t-il des réductions sur le train Montbéliard Chambéry ?,Montbéliard,Chambéry,99
1834,INVALID,carte des routes bayonne,,,223
3507,INVALID,Mon ami vit à Aurillac et moi à Meaux,,,19
1938,INVALID,écoles à courbevoie,,,213
829,VALID,Je souhaite voyager de Segré ers Toulon,Segré,Toulon,5
802,VALID,Je souhaite prendre un train en début d'après-midi de Reims à Lyon,Reims,Lyon,110
1351,VALID,Train avec restauration de Aubenas à Tarbes,Aubenas,Tarbes,135
72,VALID,je cherche un train jeudi de rouen à bourgoin-jallieu,Rouen,Bourgoin-Jallieu,140
2373,INVALID,Météo actuelle à Ancenis,,,167
2178,INVALID,Carte des routes Versailles,,,223
3851,INVALID,marche local laval,,,202
3749,INVALID,restaurant a nice,,,159
307,VALID,Y a-t-il un train vers midi de Angers à Lunéville ?,Angers,Lunéville,137
2150,INVALID,Parc célèbre à Thonon-les-Bains,,,203
3549,INVALID,Associations à Créteil,,,207
976,VALID,Je veux me rendre à Montivilliers depuis Béthune par le train,Béthune,Montivilliers,73
270,VALID,À quelle heure arive lee train à Modane depuis oMntivillliers ?,Montivilliers,Modane,48
3897,VALID,je cherche a voyager de saint-dizier a digne-les-bains en ter,Saint-Dizier,Digne-les-Bains,148
1901,INVALID,associations à poitiers,,,207
1285,VALID,Quelle est la durée du trajet en train de Boulogne-Billancourt à Nevers ?,Boulogne-Billancourt,Nevers,31
3511,INVALID,Vannes ou Toulon pour les vacances ?,,,23
2755,INVALID,Je travaille à Bourgoin-Jallieu,,,165
2977,INVALID,Centres de loisirs Toulon,,,262
814,VALID,Y a-t-il un TGV Alençon Dinan ?,Alençon,Dinan,34
2015,INVALID,musée à vsiter à saint-ome,,,172
2812,INVALID,Office du tourisme Chalon-sur-Saône,,,205
1830,INVALID,entreprise connue à évreux,,,180
637,VALID,Train avec places assises garanties Ancenis Bordeaux,Ancenis,Bordeaux,119
3178,INVALID,Informations générales Port-Boulet,,,275
252,VALID,je veux partir maintenant de lorient pour cambrai,Lorient,Cambrai,56
3344,INVALID,Vichy ou Alençon pour les vacances ?,,,157
1077,VALID,Je souhaite voyager de Morlaix vers Montivilliers,Morlaix,Montivilliers,5
3163,INVALID,Bonjour,,,156
3388,INVALID,La distance entre Arles et Belfort,,,20
407,VALID,Train de milieu d'après-midi Bastia Pau,Bastia,Pau,143
160,VALID, un bilet pur le  trai oyonnax vendôôme ,Oyonnax,Vendôme,51
304,VALID,Je dois faire Nantes Roubaix en train,Nantes,Roubaix,102
826,VALID,Y a-t-il des trains en semaine de Dieppe à Strasbourg ?,Dieppe,Strasbourg,74
3431,INVALID,Restaurant à Orange,,,25
1435,VALID,Je veux réserver une place dans le train Lyon Berck,Lyon,Berck,90
3038,INVALID,Quartier sûr à Montélimar,,,190
2364,INVALID,Espaces verts Valenciennes,,,239
1450,VALID,Je voudrais partir de Tourcoing pour aller à Loches,Tourcoing,Loches,9
1975,INVALID,bonjour,,,156
526,VALID,Billet de train Évreux Dijon pour aujourd'hui,Évreux,Dijon,40
1921,INVALID,le maire de vitry-le-françois,,,24
1651,VALID,Je veux voyager en train de Dunkerque à Annemasse,Dunkerque,Annemasse,43
3703,INVALID,associations locales douai,,,236
1779,INVALID,agenda culturel pontoise,,,233
793,VALID,Je dois prendre un train de Lorient à Moulins lundi,Lorient,Moulins,96
169,VALID,y a-t-il un départ tôt demain de digne-les-bains vers saint-brieuc ?,Digne-les-Bains,Saint-Brieuc,125
3682,INVALID,Climat de Vitré,,,186
1017,VALID,Train quotidien Fnotainebleau Boulogne-sur-Mer,Fontainebleau,Boulogne-sur-Mer,107
1499,VALID,Comment rejoindre Lille depuis Amboise en train ?,Amboise,Lille,38
3425,INVALID,Marchés hebdomadaires Courbevoie,,,238
1812,INVALID,centres médicaux challans,,,242
2573,INVALID,Événements locaux Chartres,,,228
2407,INVALID, Carte opstale Aix-en-Provence,,,196
2246,INVALID,Restaurant à Saint-Brieuc,,,25
1157,VALID,Y at--il un  train de nuitentre Créteil et Concarneau ?,Créteil,Concarneau,149
2428,INVALID,Population active Auray,,,220
313,VALID,Je prends le train de La Rochelle à Verdun,La Rochelle,Verdun,61
3234,INVALID,Monuments historiques Charleville-Mézières,,,214
1360,VALID,Je souhaite prendre un train en début d'après-midi de Vienne à Saint-Brieuc,Vienne,Saint-Brieuc,110
2738,INVALID,Carte des routes Dunkerque,,,223
2488,INVALID,Bibliothèque à Beauvais,,,212
106,VALID,quelle est la durée du trajet en train de meaux à dieppe ?,Meaux,Dieppe,31
2893,INVALID,Évreux ou Vernon pour les vacances ?,,,157
280,VALID,Comment rejoindre Vienne depuis Châlons-en-Champagne en train ?,Châlons-en-Champagne,Vienne,38
3544,INVALID,Quel temps fait-il à Pontarlier ?,,,151
1249,VALID,Je cherche un train jeudi de Strasbourg à Dunkerque,Strasbourg,Dunkerque,140
2021,INVALID,je vis à chambéry,,,168
18,VALID,train direct sans corespoance vitré rodezz,Vitré,Rodez,82
1455,VALID,Dernier train de Auxerre vers Colmar,Auxerre,Colmar,42
464,VALID,Comment me rendre à Troyes depuis Vannes ?,Vannes,Troyes,3
2336,INVALID,Événements sportifs Montbéliard,,,250
3883,INVALID,quartiers historiques challans,,,227
2798,INVALID,Amiens est magnifique en été,,,162
1494,VALID,Comment me rendre à Bastia depuis Chambéry ?,Chambéry,Bastia,3
1817,INVALID,carte des quartiers boulogne-sur-mer,,,267
1061,VALID,Je pars demain de Nice vers Nevers,Nice,Nevers,37
1177,VALID,Y a-t-il nu départ tôt demain de Digne-lles-Bains vers Nîmes ?,Digne-les-Bains,Nîmes,125
759,VALID,Je dois faire Valenciennes Arras en train,Valenciennes,Arras,102
4024,VALID,PProchain depart  de Segre pour La Rochelle,Segré,La Rochelle,27
2412,INVALID,Office postal Louviers,,,221
248,VALID,je veux réserver une place dans le train cergy tours,Cergy,Tours,90
599,VALID,Je dois aller de Colmar à La Rochelle ce soir,Colmar,La Rochelle,39
406,VALID,Je dois me déplacer en train de Ancenis vers Lens mardi,Ancenis,Lens,120
2332,INVALID,Quartiers modernes Vitré,,,244
1336,VALID,Y a-t-il un Intercités Langres Alençon ?,Langres,Alençon,57
3393,INVALID,Agenda culturel Limoges,,,233
85,VALID,je souhaite réserver un train de paris vers meaux,Paris,Meaux,58
991,VALID,Y a-t-il un départ tôt demain de Digne-les-Bains vers Louviers ?,Digne-les-Bains,Louviers,125
3782,VALID,je pars demain de vedrun vers colmar,Verdun,Colmar,37
2088,INVALID,Espaces verts Besançon,,,239
3695,INVALID,centres commerciaux saint-omer,,,226
745,VALID,Y a-t-il un Ouigo de Villeurbanne vers Colmar ?,Villeurbanne,Colmar,109
2976,INVALID,Espaces verts Auxerre,,,239
3816,VALID,y a-t-il un train avant 8h de poitiers a montauban ?,Poitiers,Montauban,103
751,VALID,Je prends le train de Dunkerque à Saint-Malo,Dunkerque,Saint-Malo,61
737,VALID,Train express de Albert vers Boulogne-Billancourt,Albert,Boulogne-Billancourt,139
1439,VALID,Train ave cplaces assises garanties Vitry-le-Françios Fontenay-lleComte,Vitry-le-François,Fontenay-le-Comte,119
3127,INVALID,Centres éducatifs Bourg-en-Bresse,,,270
3769,INVALID,universite a concarneau,,,179
1349,VALID,Comment me rendre à Auch depuis Clermont-Ferrand ?,Clermont-Ferrand,Auch,3
3734,INVALID,carte meteo vendome,,,191
2807,INVALID,Patrimoine culturel Marseille,,,232
1727,VALID,Prochain TGV de Oyonnax pour Saint-Nazaire,Oyonnax,Saint-Nazaire,95
969,VALID,Un billet pour le train Romans-sur-Isère Gap,Romans-sur-Isère,Gap,51
2188,INVALID,Meilleur momet pourr visier Antibes,,,197
4095,INVALID,Activites culturelles Lens,,,247
1504,VALID,Y a-t-il un départ en soirée de Quimper pour Cergy ?,Quimper,Cergy,141
3019,INVALID,Ajaccio ou Hazebrouck pour les vacances ?,,,23
3789,VALID,prrochain depart de saint-quentin por loches,Saint-Quentin,Loches,27
2785,INVALID,Associations à Charleville-Mézières,,,207
1328,VALID,Train avec restauration de Pau à Aubenas,Pau,Aubenas,135
2924,INVALID,Concert prévu à Troyes,,,174
3107,INVALID,Zones industrielles Louviers,,,231
192,VALID,quel train me conseillez-vous de argenteeuil  à éinal ,Argenteuil,Épinal,53
3700,INVALID,moulins est magnifique en ete,,,162
3724,INVALID,universite a belfort,,,179
3537,INVALID,Quartiers de Le Mans,,,173
2747,INVALID,Carte touristique de Chartres,,,164
2686,INVALID,Amiens est une belle ville,,,153
3890,INVALID,quel temps fait-il a dole ?,,,16
2310,INVALID,Informations pratiques Florence,,,256
848,VALID,Y a-t-il des réductions sur le train Belfort Mulhouse ?,Belfort,Mulhouse,99
1396,VALID,Je cherche un train jeudi de Moulins à Briançon,Moulins,Briançon,140
1981,INVALID,centres culturels tarbes,,,254
2285,INVALID,Population urbaine Niort,,,266
2262,INVALID,Activités culturelles Pontarlier,,,247
3119,INVALID,Hôpitaux à Ancenis,,,222
1755,VALID,Je dois aller à Montbéliard en partant de Digne-les-Bains en train,Digne-les-Bains,Montbéliard,128
1140,VALID,Y a-t-il un train de nuit entre Lorient et Charleville-Mézières ?,Lorient,Charleville-Mézières,149
1758,VALID,Je veux comparer les horaires de train de Brest à Montbéliard,Brest,Montbéliard,94
3120,INVALID,Restaurant à Albert,,,25
3396,INVALID,Je travaille à Vannes,,,165
2964,INVALID,Ambassade à Mulhouse,,,184
3670,INVALID,Zones touristiques Lannion,,,219
546,VALID,Un billet pour le train Avranches Tourcoing,Avranches,Tourcoing,51
548,VALID,Train matinal de Rodez vers Alençon,Rodez,Alençon,115
3740,VALID,y a-t-il un train toutes les deux heures de montargis a colmar ?,Montargis,Colmar,145
315,VALID,Je dois voyager de Montélimar à Saumur vendredi,Montélimar,Saumur,112
1931,INVALID,photo de dinan,,,177
3384,INVALID,Informations locales Segré,,,241
3307,INVALID,Langue parlée à Toul,,,175
3627,INVALID,Carte météo Albertville,,,191
1465,VALID,Je souhaite partir en milieu de matinée de Épernay vers Albertville,Épernay,Albertville,92
2214,INVALID,Hôtel disponible à Saint-Nazaire,,,163
1346,VALID,Je veux partir d Laval et descendre à  Roubaix,Laval,Roubaix,108
3473,INVALID,Statistiquess  météo Toul ,,,204
1019,VALID,Y a-t-il un Ouigo de Rouen vers Lunéville ?,Rouen,Lunéville,109
120,VALID,quels sont les ohraires de trani besançon motnpellier ?,Besançon,Montpellier,8
516,VALID,Je souhaite prendre le train de Montargis pour Limoges,Montargis,Limoges,32
2545,INVALID,Photo de Auxerre,,,177
3861,VALID,billet de train epernay alencon pour aujourd'hui,Épernay,Alençon,40
2588,INVALID,Cherbourg est magnifique en été,,,162
1071,VALID,Y a-t-il un TGV en fin d'après-midi Chambéry Saint-Étienne ?,Chambéry,Saint-Étienne,133
557,VALID,Un aller simple Châteaubriant Orléans,Châteaubriant,Orléans,10
258,VALID,y a-t-il un train vers 10h de lunéville à rodez ?,Lunéville,Rodez,129
2864,INVALID,Informations locales Aurillac,,,241
946,VALID,Quelle est la durée du trajet en train de Saint-Denis à Privas ?,Saint-Denis,Privas,31
2301,INVALID,Actualités à Dieppe,,,178
2644,INVALID,Zones touristiques Quimper,,,219
2585,INVALID,Bonjour,,,156
3086,INVALID,Architecture de Beauvais,,,198
3221,INVALID,Clubs sportifs Berck,,,215
3404,INVALID,Statistiques économiquess Niort,,,272
2017,INVALID,plan de ville valenciennes,,,206
4080,INVALID,Centres educatifs Nancy,,,270
1469,VALID,Je cherche un train après 18h de Arras vers Montauban,Arras,Montauban,98
2235,INVALID,Clubs sportifs Fougères,,,215
2346,INVALID,Photo de Vienne,,,177
1253,VALID,Train régional de Colmar à Ajaccio,Colmar,Ajaccio,87
2735,INVALID,Carte touristique de Amboise,,,164
3081,INVALID,Carte interactive Lyon,,,240
163,VALID,je vais de metz à vitré en train,Metz,Vitré,52
1967,INVALID,meilleur moment pour visiter bar-le-duc,,,197
3444,INVALID,Photos aériennes Évreux,,,211
2128,INVALID,Clubs sportifs Auxerre,,,215
1562,VALID,Billet de train aller-retour Louviers Montpellier,Louviers,Montpellier,78
1194,VALID,Train du matin Nancy Lannion,Nancy,Lannion,29
3057,INVALID,Clubs sportifs Aubenas,,,215
1978,INVALID,carte de mende,,,169
2255,INVALID,Ambassade à Saint-Malo,,,184
926,VALID,Je cherche un train dimanche de Bourges à Metz,Bourges,Metz,132
2300,INVALID,Zones commerciales Dijon,,,263
1701,VALID,Je cherche un train après 18h de Pau vers Albertville,Pau,Albertville,98
980,VALID,Y a-t-il un train rapide sans arrêt Cholet Maubeuge ?,Cholet,Maubeuge,113
3755,INVALID,theatre a fougeres,,,217
1315,VALID,Je veux comparer les horaires de train de Strasbourg à Challans,Strasbourg,Challans,94
2207,INVALID,Histoire de Concarneau,,,171
646,VALID,Je dois me rendre à Bar-le-Duc depuis Romans-sur-Isère en TGV,Romans-sur-Isère,Bar-le-Duc,144
3660,INVALID,Patrimoine culturel Aix-en-Provence,,,232
470,VALID,Je cherche un train Lens Montargis,Lens,Montargis,14
520,VALID,Y a-t-il un train vers midi de Vernon à Nîmes ?,Vernon,Nîmes,137
435,VALID,Je veux arriver à Modane depuis Fécamp,Fécamp,Modane,63
1530,VALID,Un billet pour le train Tourcoing Pontarlier,Tourcoing,Pontarlier,51
1442,VALID,Je dois voyager en train de Tarbes vers Briançon mercredi,Tarbes,Briançon,136
917,VALID,Je cherche un train pour demain de Poitiers à Fontenay-le-Comte,Poitiers,Fontenay-le-Comte,75
2164,INVALID,Carte touristique de Chion,,,164
985,VALID,Y a-t-il un train avant 8h de Auch à Amiens ?,Auch,Amiens,103
1833,INVALID,calais est une belle ville,,,153
2122,INVALID,Hôpitaux à Metz,,,222
4106,VALID,Y a-t-il un depart en deutd e soiree de Bercck pour LaRhcelle ?,Berck,La Rochelle,85
2452,INVALID,Langue parlée à Chaumont,,,175
1743,VALID,Y a-t-il un départ vers 14h de Moulins pour Bayonne ?,Moulins,Bayonne,117
4082,VALID,Y a-t-il un train rapide sans arret Marseille Bourgoin-Jallieu ?,Marseille,Bourgoin-Jallieu,113
3658,INVALID,Activités sportives Hazebrouck,,,264
1303,VALID,Je voudrais connaître les horaires de train de Bastia à Rodez,Bastia,Rodez,67
360,VALID,Je souhaite voyager de Troyes vers Pontarlier,Troyes,Pontarlier,5
1482,VALID,J esouhaite prtir en milieu de matinée de Auch vers Metz,Auch,Metz,92
3359,INVALID,Je vis à Montargis,,,168
2554,INVALID,Quartiers historiques Manosque,,,227
247,VALID,combien de temps dure le trajet en train de lannion à boulogne-billancourt ?,Lannion,Boulogne-Billancourt,60
370,VALID,Je cherche un train Clermont-Ferrand Ancenis,Clermont-Ferrand,Ancenis,14
2416,INVALID,Quelle est la population de Challans ?,,,155
4110,VALID,Je dois voyager en train de Challans vers Arles mercredi,Challans,Arles,136
1753,VALID,Je souhaite voyager de Béziers vers Saint-Denis,Béziers,Saint-Denis,5
2463,INVALID,Université à Troyes,,,179
3901,INVALID,Carte de Aubenas,,,169
1459,VALID,Je cherche à aller de Vierzon à Les Sables-d'Olonne par le train,Vierzon,Les Sables-d'Olonne,116
1074,VALID,Départ Lyon arrivée Lisieux,Lyon,Lisieux,15
3222,INVALID,Actvités culturelles Auray,,,247
1060,VALID,Je cherche à aller de Saint-Omer à Cergy par le train,Saint-Omer,Cergy,116
3207,INVALID,La distance  entre Sain-Ommer et Cherborug,,,276
3804,INVALID,informations generales verdun,,,275
586,VALID,Départ Bolbec arrivée Amboise,Bolbec,Amboise,15
337,VALID,Train avec peu de monde de Biarritz à Charleville-Mézières,Biarritz,Charleville-Mézières,97
1110,VALID,Je cherche un train dimanche de Bastia à Quimper,Bastia,Quimper,132
1592,VALID,Je veux prendre le train de Saint-Omer à Bourgoin-Jallieu,Saint-Omer,Bourgoin-Jallieu,28
1777,INVALID,hôpitaux à metz,,,222
1116,VALID,Je dois prendre un train de Épinal à Chaumont lundi,Épinal,Chaumont,96
1773,INVALID,associations locales boulogne-billancourt,,,236
3156,INVALID,Heure locale à Mâcon,,,194
1320,VALID,Je veux un train avec prises électriques Chaumont Orléans,Chaumont,Orléans,146
2830,INVALID,Je vis à Vernon,,,168
2667,INVALID,Carte touristique de Lisieux,,,164
3383,INVALID,Ambassade à Oyonnax,,,184
2278,INVALID,CCartehistorique Soisssons,,,210
3987,VALID,Comment me rendre a Amboise depuis Nevers ?,Nevers,Amboise,3
1170,VALID,Départ Lorient arrivée Pau,Lorient,Pau,15
644,VALID,Train en fin d'après-midi Montreuil Lisieux,Montreuil,Lisieux,76
3434,INVALID,Office postal Fontainebleau,,,221
2742,INVALID,Météo actuelle à Dijon,,,167
986,VALID, Je veux aller de Le Puy-en-Velay à  Bayonne,Le Puy-en-Velay,Bayonne,1
3488,INVALID,Concert prévu à Nîmes,,,174
2401,INVALID,Cartographie Nanterre,,,237
4086,VALID,Digne-les-Bains Lens pour demain,Digne-les-Bains,Lens,6
821,VALID,Je veux partir de Ajaccio et descendre à Laon,Ajaccio,Laon,108
3597,INVALID,Population totale Auray,,,252
3130,INVALID,Météo actuelle à Beauvais,,,167
2400,INVALID,Quelle est la population de Argenteuil ?,,,155
1304,VALID,Y a-t-il un train de nuit entre Le Havre et Évreux ?,Le Havre,Évreux,149
2835,INVALID,Bonjour,,,156
3905,INVALID,Carte interactive Berck,,,240
1724,VALID,Y a-t-il undépart en débuut de soirée de Gap pour Moulins ?,Gap,Moulins,85
2839,INVALID,Marchés hebdomadaires Lille,,,238
2080,INVALID,Événements sportifs Granville,,,250
3096,INVALID,Statistiques emploi Agen,,,225
1216,VALID,Je cherche le train le moins cher de Montpellier à Sens,Montpellier,Sens,54
1827,INVALID,machés hebdomadaires bourges,,,238
318,VALID,Je vais de Lens à Rouen en train,Lens,Rouen,52
587,VALID,Un billet Niort Saint-Quentin s'il vous plaît,Niort,Saint-Quentin,2
408,VALID,Je veux partir en milieu de soirée de Gravillle pour Provins,Granville,Provins,150
383,VALID,Train de Orléans à Pontivy cet après-midi,Orléans,Pontivy,59
2403,INVALID,Zones touristiques Fontenay-le-Comte,,,219
2110,INVALID,Je travaille à Valenciennes,,,165
283,VALID,Y a-t-il un train dans l'heure de Hazebrouck vers Concarneau ?,Hazebrouck,Concarneau,80
2852,INVALID,Cartographie Le Mans,,,237
1130,VALID,Je veux un billet flexible Abbeville Béziers,Abbeville,Béziers,114
1903,INVALID,langue parlée à segré,,,175
1563,VALID,Y a-t-il un TGV Montreuil Dunkerque ?,Montreuil,Dunkerque,34
268,VALID,Je voudrais aller de Lisieux à Albi en TGV,Lisieux,Albi,47
2261,INVALID,Quartier sûr à Créteil,,,190
2527,INVALID,Festival à La Rochelle,,,189
1129,VALID,Train du matin Yvetot Saint-Denis,Yvetot,Saint-Denis,29
3212,INVALID,Cartographie Montbéliard,,,237
2132,INVALID,Statistiques météo Louviers,,,204
2381,INVALID,Population active Nîmes,,,220
2466,INVALID,Transports locaux Clermont-Ferrand,,,273
80,VALID,train en milieu de journée évreux charleville-mézières,Évreux,Charleville-Mézières,101
2196,INVALID,Langue parlée à Caen,,,175
223,VALID,je dois voyager de strasbourg à troyes ce week-end,Strasbourg,Troyes,77
3447,INVALID,Restaurant à Chinon,,,159
731,VALID,Je veux prendre le train de Chinon à Abbeville,Chinon,Abbeville,28
1232,VALID,Train avec peu de correspondances de Segré vers Mulhouse,Segré,Mulhouse,127
1754,VALID,Quel train me conseillez-vous de Manosque à Les Sables-d'Olonne ?,Manosque,Les Sables-d'Olonne,53
1422,VALID,Je dois voyager en train de Dunkerque vers Bourgoin-Jallieu mercredi,Dunkerque,Bourgoin-Jallieu,136
1070,VALID,Y t--il des traisn en semaine de Saint-Quentin à Beauvais ?,Saint-Quentin,Beauvais,74
1947,INVALID,clubs sportifs concarneau,,,215
750,VALID,Train quotidien Cherbourg Angers,Cherbourg,Angers,107
4006,VALID,Dernier train de Strasbourg vers Briancon,Strasbourg,Briançon,42
1008,VALID,Quelle est la fréquenc edes trains Albbi Auc ?,Albi,Auch,72
4034,INVALID,Statistiques locales Beauvais,,,261
3913,VALID,Y a-t-il un train de nuit entre Poitiers et Clermont-Ferrand ?,Poitiers,Clermont-Ferrand,149
1588,VALID,Je cherche à voyager de Rodez à Saint-Quentin en TER,Rodez,Saint-Quentin,148
2361,INVALID,Langue parlée à Épinal,,,175
123,VALID,je veux le train le plus rapide de saint-denis à saint-omer,Saint-Denis,Saint-Omer,79
1680,VALID,Je dois voyager de Étampes à Concarneau ce week-end,Étampes,Concarneau,77
3570,INVALID,Informations locales Évreux,,,241
3195,INVALID,Bonjour,,,21
3889,VALID,je veux comparer les horaires de rain de creteil a clermnot-efrrand,Créteil,Clermont-Ferrand,94
334,VALID,Train du matin Clisson Fontainebleau,Clisson,Fontainebleau,29
2718,INVALID,Office postal Challans,,,221
1313,VALID,Je veux un train rapide de Gap à Vienne,Gap,Vienne,35
362,VALID,Je planifie un voyage en train de Lisieux vers Langres,Lisieux,Langres,49
24,VALID,quel train me conseillez-vous de étampes à strasbourg ?,Étampes,Strasbourg,53
3794,INVALID,guide urbain saint-denis,,,253
3935,VALID,Prochain train pour Tourcoing depuis Mende,Mende,Tourcoing,13
1793,INVALID,je travaille à saint-denis,,,165
3122,INVALID,Quartiers de Chaumont,,,173
1416,VALID,Je pars de Saumur direction Les Sables-d'Olonne,Saumur,Les Sables-d'Olonne,12
1370,VALID,Je veu xrséerver unep lace dans le trai nRoubaix lAbi,Roubaix,Albi,90
1943,INVALID,bonjour,,,21
1287,VALID,Je dois prendre un train de Besançon à Fécamp lundi,Besançon,Fécamp,96
657,VALID,Je veux partir après le déjeuner de Troyes pour Chinon,Troyes,Chinon,134
4015,VALID,Train matinal de Verdun vers Saint-Brieuc,Verdun,Saint-Brieuc,115
1553,VALID,Je cherche un train jeudi de Colmar à Vesoul,Colmar,Vesoul,140
3825,INVALID,mon ami vit a toulouse et moi a ancenis,,,19
2248,INVALID,Carte générale Antibes,,,257
263,VALID,train express de port-boulet vers angers,Port-Boulet,Angers,139
2744,INVALID,Cartographie Compiègne,,,237
1956,INVALID,quelle est la population de le havre ?,,,22
497,VALID,Y a-t-il un TER Saint-Malo Auch ?,Saint-Malo,Auch,68
3590,INVALID,Mon ami vit à Albi et moi à Mende,,,19
721,VALID,Quels sont les horaires de train Elbeuf Amiens ?,Elbeuf,Amiens,8
3101,INVALID,Statistiques météo Valence,,,204
1319,VALID,Train avec peu de correspondances de Toulon vers Brest,Toulon,Brest,127
327,VALID,Prochain départ de Dieppe pour Tours,Dieppe,Tours,27
1181,VALID, Dernier train de Tourconig vers Pontoise,Tourcoing,Pontoise,42
493,VALID,Je veux le train de Orélnas  àSaint-Étienne le plus tôt possiblee,Orléans,Saint-Étienne,100
1814,INVALID,cartographie châteaubriant,,,237
856,VALID,Y a-t-il un départ vers 14h de Saint-Denis pour Les Sables-d'Olonne ?,Saint-Denis,Les Sables-d'Olonne,117
2877,INVALID,Carte détaillée Biarritz,,,265
3679,INVALID,Informations trafic Les Sables-d'Olonne,,,260
455,VALID,Je souhaite réserver un train de Niort vers Cergy,Niort,Cergy,58
1969,INVALID,architecture de bourgoin-jallieu,,,198
305,VALID,Prochain TGV de Compiègne pour Étampes,Compiègne,Étampes,95
4107,INVALID,Photos aeriennes Port-Boulet,,,211
2827,INVALID,Carte détaillée Langres,,,265
3224,INVALID,Code postal Béziers,,,176
510,VALID,Train direct sans correspondance Manosque Fontenay-le-Comte,Manosque,Fontenay-le-Comte,82
3566,INVALID,Carte postale Le Puy-en-Velay,,,196
2843,INVALID,Clubs sportifs Valenciennes,,,215
2845,INVALID,Population étudiante Compiègne,,,193
668,VALID,Je dois prendre le train de Orléans pour Agen,Orléans,Agen,45
1390,VALID,Train avec peu de correspondances de Vendôme vers Verdun,Vendôme,Verdun,127
2662,INVALID,Coût de la vie Saint-Dizier,,,209
1880,INVALID,services municipaux montivilliers,,,259
3240,INVALID,Clubs sportifs Agen,,,215
2449,INVALID,Toulon est magnifique en été,,,162
2092,INVALID,Services publics Douai,,,234
2949,INVALID,Ambassade à La Rochelle,,,184
368,VALID,Je dois voyager en train de Montbéliard vers Le Puy-en-Velay mercredi,Montbéliard,Le Puy-en-Velay,136
2914,INVALID,Bibliothèèque à Lyon,,,212
3097,INVALID,Quelle heure est-il à Nantes ?,,,160
2846,INVALID,Limoges est une belle ville,,,153
645,VALID,Train de fin de journée Bayonne vers Besançon,Bayonne,Besançon,147
716,VALID,Train quotidien Besançon Orléans,Besançon,Orléans,107
2726,INVALID,Carte des routes Lannion,,,223
2170,INVALID,Centres commerciaux Annecy,,,226
1242,VALID,Je cherche un train dimanche de Challans à Arras,Challans,Arras,132
3143,INVALID,Événements culturels Grenoble,,,268
2982,INVALID,Événements sportifs Dinan,,,250
3583,INVALID,Entreprise connue à Châteaubriant,,,180
2254,INVALID,Parc célèbre à Amiens,,,203
3837,INVALID,associations locales bethune,,,236
41,VALID,je dois aller de évreux à amiens ce soir,Évreux,Amiens,39
3139,INVALID,Carte détaillée Bastia,,,265
3984,VALID,Un aller simple Lille Saint-Omer,Lille,Saint-Omer,10
3118,INVALID,Carte historique Saint-Étienne,,,210
3475,INVALID,Statistiques démographiques Nantes,,,245
4063,VALID,Je dois voyager en train de Segre vers Le Puy-en-Velay mercredi,Segré,Le Puy-en-Velay,136
3183,INVALID,Marchés hebdomadaires Marseille,,,238
3543,INVALID,Shopping à Melun,,,182
1338,VALID,Je souhaite partir de Biarritz et arriver à Étampes,Biarritz,Étampes,81
507,VALID,Je dois voyager de Châlons-en-Champagne à Évreux vendredi,Châlons-en-Champagne,Évreux,112
1675,VALID,Train avec pe ude monde de Morlaxi à Éperny,Morlaix,Épernay,97
918,VALID,Y a-t-il un TER Épinal Nanterre ?,Épinal,Nanterre,68
1479,VALID,Je souhaite réserver un train de Melun vers Bourgoin-Jallieu,Melun,Bourgoin-Jallieu,58
2740,INVALID, Centres éducatifs VVannes,,,270
1208,VALID,Je cherche le meilleur horaire d tranB ar-le-DucThonon-les-Bains,Bar-le-Duc,Thonon-les-Bains,86
1605,VALID,Je voudrais connaître les horaires de train de Saint-Quentin à Abbeville,Saint-Quentin,Abbeville,67
3381,INVALID,Restaurant à Modane,,,159
2926,INVALID,Code postal Montreuil,,,176
1971,INVALID,meilleur moment pour visiter lourdes,,,197
2783,INVALID,Guide urbain Béziers,,,253
496,VALID,Je cherche à aller de Bourges à Châlons-en-Champagne par le train,Bourges,Châlons-en-Champagne,116
3089,INVALID,Meilleur mmoent pour visiter Aix-en-Provence,,,197
3927,INVALID,Bonour,,,156
3944,INVALID,Zones rurales Nantes,,,243
414,VALID,Je cherche un trajet en train de Tarbes vers Évry,Tarbes,Évry,30
1363,VALID,Je souhaite partir en milieu de matinée de Argenteuil vers Cannes,Argenteuil,Cannes,92
812,VALID,Je voudrais connaître les horaires de train de Thonon-les-Bains à Fontenay-le-Comte,Thonon-les-Bains,Fontenay-le-Comte,67
929,VALID,Évreux Soissons pour demain,Évreux,Soissons,6
3841,VALID,je dois prendre un train de moulins a saint-nazaire lundi,Moulins,Saint-Nazaire,96
1189,VALID,Prochain départ de Vierzon pour Tours,Vierzon,Tours,27
3886,VALID,je veux le train avec le meilleur confort toul macon,Toul,Mâcon,138
505,VALID,Y a-t-il un TGV en fin d'après-midi Troyes Paris ?,Troyes,Paris,133
1942,INVALID,monument célèbre à calais,,,188
764,VALID,Train avec peu de correspondances de Lorient vers Verdun,Lorient,Verdun,127
2020,INVALID,statistiques météo grenoble,,,204
2004,INVALID,restaurant à bourges,,,25
3437,INVALID,Restaurant à Oyonnax,,,159
1209,VALID,Train matinal de Saint-Quentin vers Niort,Saint-Quentin,Niort,115
1147,VALID,Départ Fougères arrivée Amboise,Fougères,Amboise,15
3371,INVALID,La distance entre Maubeuge et Carcassonne,,,20
2375,INVALID,Guide étudiant Bourges,,,201
930,VALID,Je veux partir en train de Belfort à Avignon samedi,Belfort,Avignon,126
2193,INVALID,Transport urbain Lunéville,,,258
798,VALID,Je dois faire Segré Vernon en train,Segré,Vernon,102
3924,INVALID,Meteo actuelle a Cambrai,,,167
2100,INVALID,Carte postale Alençon,,,196
3446,INVALID,Hôtel disponible à Évreux,,,163
1984,INVALID,carte détaillée oyonnax,,,265
598,VALID,Train express de Saint-Brieuc vers Annemasse,Saint-Brieuc,Annemasse,139
975,VALID,Y a-t-il un TER Mâcon Pontivy ?,Mâcon,Pontivy,68
3858,INVALID,photos aeriennes privas,,,211
1688,VALID,Je voudrais connaître les horaires de train de Chalon-sur-Saône à Montreuil,Chalon-sur-Saône,Montreuil,67
4018,INVALID,Statistiques emploi Lourdes,,,225
3916,VALID,Je dois me deplacer en train de Auxerre vers Calais mardi,Auxerre,Calais,120
2147,INVALID,Bonjour,,,21
65,VALID,je veux partir maintenant de granville pour évreux,Granville,Évreux,56
2182,INVALID,Parc célèbre à Berck,,,203
3508,INVALID,Activités sportives Argenteuil,,,264
1452,VALID,Y a-t-il un TGV en fin d'après-midi Albi Arras ?,Albi,Arras,133
401,VALID,Je dois faire Alençon Lunéville en train,Alençon,Lunéville,102
2746,INVALID,Événements culturels Quimper,,,268
3190,INVALID,Carte touristique de Romans-sur-Isère,,,164
2302,INVALID, Ciénma à Olréans,,,216
2424,INVALID,Zones résidentielles Pontarlier,,,274
1457,VALID,Train de nuit Vernon Montauban,Vernon,Montauban,36
246,VALID,je pars en train de montélimar vers bar-le-duc,Montélimar,Bar-le-Duc,71
3843,INVALID,zones residentielles dunkerque,,,274
932,VALID,Premier train Mulhouse Saint-Malo,Mulhouse,Saint-Malo,41
1695,VALID,Je souhaite prendre un train en début d'après-midi de Épinal à Sens,Épinal,Sens,110
2987,INVALID,Carte scolaire Nîmes,,,230
2055,INVALID,quartiers historiques besançon,,,227
2489,INVALID,Population urbaine Lisieux,,,266
3126,INVALID,Population étudiante Courbevoie,,,193
2816,INVALID,Plan de ville Manosque,,,206
3657,INVALID,Hôtel disponible à Albert,,,163
2961,INVALID,Marchés hebdomadaires Melun,,,238
1094,VALID,Je planifie un voyage en train de Moulins vers Florence,Moulins,Florence,49
392,VALID,Je cherche un train jeudi de Manosque à Concarneau,Manosque,Concarneau,140
618,VALID,Y a-t-il un train dans l'heure de Saint-Brieuc vers Vitré ?,Saint-Brieuc,Vitré,80
656,VALID,Je voudrais aller de Limoges à Privas en TGV,Limoges,Privas,47
1266,VALID,Y a-t-il des réductions sur le train Romans-sur-Isère Roubaix ?,Romans-sur-Isère,Roubaix,99
2872,INVALID,Bonjour,,,21
1198,VALID,Y a-t-il un train vers 10h de Elbeuf à Dunkerque ?,Elbeuf,Dunkerque,129
573,VALID,Y a-t-il un train toutes les heures de Valenciennes à Strasbourg ?,Valenciennes,Strasbourg,89
142,VALID,je souhaite partir en milieu de matinée de auxerre vers toulouse,Auxerre,Toulouse,92
1391,VALID,Billet de train Agen Tarbes pour aujourd'hui,Agen,Tarbes,40
159,VALID,un billet vitry-le-françois dole s'il vous plaît,Vitry-le-François,Dole,2
3066,INVALID,Activités nocturnes Cholet,,,255
1953,INVALID,centres culturels nevers,,,254
1874,INVALID,services de santé bourg-en-bresse,,,271
101,VALID,je souhaite prendre un train en début d'après-midi de saint-omer à saint-brieuc,Saint-Omer,Saint-Brieuc,110
1297,VALID,Prochain train pour Annecy depuis Pontarlier,Pontarlier,Annecy,13
796,VALID,Y a-t-il un TGV en fin d'après-midi Cherbourg Lourdes ?,Cherbourg,Lourdes,133
2811,INVALID,Bibliothèque à Nevers,,,212
490,VALID,Un billet pou rle rain Vnanes Thonon-le-Bains,Vannes,Thonon-les-Bains,51
3766,INVALID,informations trafic poitiers,,,260
3659,INVALID,Informations générales Avignon,,,275
1974,INVALID,la distance entre lille et lyon,,,276
1331,VALID,Billet de train aller-retour Montbéliard Maubeuge,Montbéliard,Maubeuge,78
71,VALID,train de albi à avranches cet après-midi,Albi,Avranches,59
4077,VALID,Train quotidien Annecy Epernay,Annecy,Épernay,107
752,VALID,Y a-t-il un Intercités Provins Aix-en-Provence ?,Provins,Aix-en-Provence,57
2590,INVALID,Quartiers modernes Carcassonne,,,244
3338,INVALID,Musée à visiter à Digne-les-Bains,,,172
2204,INVALID,Immobilier à Lava,,,208
3557,INVALID,Offres d'emploi Montargis,,,246
763,VALID,Train pour Morlaix au départ de Lunéville,Lunéville,Morlaix,91
448,VALID,Un aller simple Troyes Vesoul,Troyes,Vesoul,10
3764,VALID,y a-t-il un tgv digne-les-bains perpignan ?,Digne-les-Bains,Perpignan,34
2036,INVALID,langue parlée à périgueux,,,175
3304,INVALID,Événements culturels Arles,,,268
3257,INVALID,Musée à visiter à Douai,,,172
311,VALID,Je veux le train avec le meilleur confort Bourg-en-Bresse Bourges,Bourg-en-Bresse,Bourges,138
2151,INVALID,Carte touristique de Roubaix,,,164
1659,VALID,Je veux un train rapide de Agen à Montauban,Agen,Montauban,35
3321,INVALID,Restaurant à Privas,,,25
1335,VALID,Je cherche un train pour la semaine prochaine de Vitré à Albert,Vitré,Albert,106
3310,INVALID,Associations à Cherbourg,,,207
452,VALID,Je cherche un trajet en train de Auch vers Dunkerque,Auch,Dunkerque,30
285,VALID,Train avec restauration de Concarneau à Toul,Concarneau,Toul,135
3460,INVALID,Shopping à Lille,,,182
947,VALID,Je cherche un train après 18h de Bourges vers Mulhouse,Bourges,Mulhouse,98
3805,INVALID,activites culturelles saint-denis,,,247
140,VALID,y a-t-il un tgv calais nantes ?,Calais,Nantes,34
176,VALID,train de saint-malo à nancy cet après-midi,Saint-Malo,Nancy,59
2645,INVALID,Carte interactive Saint-Quentin,,,240
1676,VALID,Y a-t-il un train l'après-midi de Ancenis à Aix-les-Bains ?,Ancenis,Aix-les-Bains,121
395,VALID,Y a-t-il des trains vers Lens au départ de Pontivy ?,Pontivy,Lens,4
3664,INVALID,Services de santé Biarritz,,,271
724,VALID,Je dois prendre un train de Montbéliard à Albertville lundi,Montbéliard,Albertville,96
1700,VALID,Je vais de Montreuil à Périgueux en train,Montreuil,Périgueux,52
1928,INVALID,carte postale évreux,,,196
73,VALID,je pars demain de clermont-ferrand vers vernon,Clermont-Ferrand,Vernon,37
790,VALID,Je cherche un train jeudi de Challans à Rodez,Challans,Rodez,140
62,VALID,je cherche le train le moins cher de louviers à lille,Louviers,Lille,54
3196,INVALID,Informations générales Alençon,,,275
125,VALID,je souhaite voyager de évreux vers toulon,Évreux,Toulon,5
2983,INVALID,Besançon ou Lille pour les vacances ?,,,157
2514,INVALID,Ambassade à Oyonnax,,,184
1195,VALID,Je dois prendre le train de Elbeuf pour Dunkerque,Elbeuf,Dunkerque,45
2661,INVALID,Entreprise connue à Nevers,,,180
2175,INVALID,Restaurant à Toul,,,159
1894,INVALID,population urbaine auxerre,,,266
1717,VALID,Train matinal de Toul vers Vichy,Toul,Vichy,115
3662,INVALID,Économie de Perpignan,,,199
3848,INVALID,restaurant a amboise,,,159
852,VALID,À quelle heure arrive le train à Angers depuis Biarritz ?,Biarritz,Angers,48
556,VALID,Train avec le moins de correspondances Montargis Montbéliard,Montargis,Montbéliard,55
822,VALID,Prochain train pour Ancenis depuis Nantes,Nantes,Ancenis,13
3934,VALID,Premier train Albert Aix-en-Provence,Albert,Aix-en-Provence,41
4113,INVALID,Ambassade a Toulouse,,,184
433,VALID,Train pour Montpellier au départ de Orange,Orange,Montpellier,91
3586,INVALID,Agenda culturel Vienne,,,233
4094,VALID,Je dois faire Albi Toul en train,Albi,Toul,102
1963,INVALID,j'habite actuellement à carcassonne,,,161
2717,INVALID,Carte scolaire Valenciennes,,,230
718,VALID,Train express de Loches vers Fontainebleau,Loches,Fontainebleau,139
3512,INVALID,Boulogne-Billancourt ou Lourdes pour les vacances ?,,,23
2273,INVALID,J'habite à Laon,,,152
1113,VALID,Billet de train aller-retour Cambrai Angers,Cambrai,Angers,78
688,VALID,Je souhaite partir de Chalon-sur-Saône et arriver à Niort,Chalon-sur-Saône,Niort,81
2056,INVALID,événements locaux montélimar,,,228
2199,INVALID,Actualités à Vienne,,,178
3432,INVALID,Quelle est la population de Albi ?,,,22
2418,INVALID,MMarchés hebdomadaires Aix-les-aBiins,,,238
116,VALID,je veux aller de berck à aix-les-bains,Berck,Aix-les-Bains,1
20,VALID,train du matin beauvais elbeuf,Beauvais,Elbeuf,29
182,VALID,je veux partir maintenant de saint-denis pour fontenay-le-comte,Saint-Denis,Fontenay-le-Comte,56
1460,VALID,Je cherche un train pour la semaine prochaine de Vienne à Sens,Vienne,Sens,106
122,VALID,je dois voyager en train de nantes vers cannes mercredi,Nantes,Cannes,136
1522,VALID,Je cherche le meilleur horaire de train Chaumont Berck,Chaumont,Berck,86
1798,INVALID,quelle est la population de boulogne-sur-mer ?,,,155
2576,INVALID,Entreprise connue à Paris,,,180
2019,INVALID,carte de les sables-d'olonne,,,169
584,VALID,Je cherche un train pur demain de Montbéliard à Rennes,Montbéliard,Rennes,75
2316,INVALID,Plan de ville Alençon,,,206
910,VALID,Y a-t-il un départ tôt demain de Berck vers Calais ?,Berck,Calais,125
245,VALID,train pour évreux au départ de lannion,Lannion,Évreux,91
234,VALID,je dois aller de châlons-en-champagne à quimper ce soir,Châlons-en-Champagne,Quimper,39
2610,INVALID,Zones touristiques Versailles,,,219
1862,INVALID,quartier sûr à marseille,,,190
2426,INVALID,Activités nocturnes Albi,,,255
2522,INVALID,Plages proches de Douai,,,181
1484,VALID,Je cherche le meilleur horaire de train Langres Port-Boulet,Langres,Port-Boulet,86
889,VALID,Départ Ajaccio arrivée Sens,Ajaccio,Sens,15
131,VALID,je dois me déplacer en train de aurillac vers oyonnax mardi,Aurillac,Oyonnax,120
2457,INVALID,Toul est une belle ville,,,18
93,VALID,train de milieu d'après-midi mulhouse quimper,Mulhouse,Quimper,143
1065,VALID,Je dois voyager de Douai à Quimper vendredi,Douai,Quimper,112
2233,INVALID,Centres de loisirs Albert,,,262
1443,VALID,Je voudrais connaître les horaires de train de Roubaix à Valence,Roubaix,Valence,67
1231,VALID,Quelle est la fréquence des trains Challans Vernon ?,Challans,Vernon,72
478,VALID,Y a-t-il des trains disponibles de Évreux à Vendôme ?,Évreux,Vendôme,50
1018,VALID,Je veux arriver à Bourges depuis Loches,Loches,Bourges,63
669,VALID,Je dois me rendre de Avignon à Évreux,Avignon,Évreux,7
388,VALID,Je vais de Vendôme à Bar-le-Duc en train,Vendôme,Bar-le-Duc,52
1089,VALID,Y a-t-il un train vers midi de Fougères à Segré ?,Fougères,Segré,137
150,VALID,prochain tgv de béziers pour chartres,Béziers,Chartres,95
1615,VALID,Je veux le prochain départ en train de Pau pour Besançon,Pau,Besançon,122
3826,INVALID,population etudiante angers,,,193
2239,INVALID,Entreprise conne à Lunéville,,,180
3154,INVALID,Espaces verts Blois,,,239
3742,VALID,je dois me rendre de pau a chateaubriant,Pau,Châteaubriant,7
3547,INVALID,Marché local Saint-Malo,,,202
3845,VALID,je cherche un train pour demain de abbeville a chinon,Abbeville,Chinon,75
3710,VALID,je souhaite partir de chaumont et arriver a amboise,Chaumont,Amboise,81
2264,INVALID,Mon ai vit à Pontivy t moi à Elbeuf,,,154
1179,VALID,Train de milieu d'après-midi Les Sables-d'Olonne Antibes,Les Sables-d'Olonne,Antibes,143
422,VALID,Je dois aller de Albert à Auch ce soir,Albert,Auch,39
941,VALID,Je veux acheter un billet de train Metz Aubenas,Metz,Aubenas,83
185,VALID,je souhaite réserver un train de angoulême vers marseille,Angoulême,Marseille,58
2516,INVALID,Je suis né à Dunkerque,,,185
2948,INVALID,Spécialités culinaires Toul,,,187
3034,INVALID,Quel temps fait-il à Saint-Nazaire ?,,,16
860,VALID,Je veux voyager confortablement de Montauban vers Montpellier,Montauban,Montpellier,104
1628,VALID,Je veux un billet flexible Chartres Bar-le-Duc,Chartres,Bar-le-Duc,114
2828,INVALID,Saint-Malo ou Poitiers pour les vacances ?,,,23
3374,INVALID,Quelle heure est-il à Bayonne ?,,,160
2574,INVALID,Hôpitaux à Épernay,,,222
667,VALID,Dernier train de Chambéry vers Vienne,Chambéry,Vienne,42
1180,VALID,Je veeux me rendr à Roubaix depis Valence par le train,Valence,Roubaix,73
3458,INVALID,Photos aciennes Maubeuge,,,200
3951,INVALID,Centres educatifs Bourgoin-Jallieu,,,270
2218,INVALID,Activités sportives Montélimar,,,264
2276,INVALID,Annecy est magnifique en été,,,162
420,VALID,Je veux comparer les horaires de train de Port-Boulet à Gap,Port-Boulet,Gap,94
473,VALID,Je cherche un train pour demain de Agen à Bolbec,Agen,Bolbec,75
3148,INVALID,Restaurant à Vesoul,,,159
2082,INVALID,Zones touristiques Pontoise,,,219
517,VALID,Combien de temps dure le trajet en train de Dunkerque à Béziers ?,Dunkerque,Béziers,60
3497,INVALID,Statistiques économiques Évreux,,,272
2236,INVALID,Patrimoine culturel Saint-Omer,,,232
3010,INVALID,Coût de la vie Le Havre,,,209
3941,VALID,Je veuxx arriver a ernon depuis Abletrvile,Albertville,Vernon,63
405,VALID,Prochain départ de Mulhouse pour Albi,Mulhouse,Albi,27
244,VALID,je cherche un raiin après 18h de besançon vers argenteuil,Besançon,Argenteuil,98
2349,INVALID,Parc célèbre à Saint-Dizier,,,203
2481,INVALID,Le maire de Saint-Dizier,,,24
1399,VALID,Prochain départ de Lons-le-Saunier pour Étampes,Lons-le-Saunier,Étampes,27
1186,VALID,Combien de temps dure le trajet en train de Modane à Aix-les-Bains ?,Modane,Aix-les-Bains,60
3261,INVALID,Statistiques météo Châlons-en-Champagne,,,204
3414,INVALID,Zones industrielles Bourges,,,231
984,VALID,Train avec peu de correspondances de Tours vers Troyes,Tours,Troyes,127
3069,INVALID,Le maire de Blois,,,24
647,VALID,Je dois voyager de Dole à Agen vendredi,Dole,Agen,112
3461,INVALID,Guide urbain Étampes,,,253
1413,VALID,Train avec peu de correspondances de La Rochelle vers Amiens,La Rochelle,Amiens,127
439,VALID,Je veux réserver une place dans le train Chartres Roubaix,Chartres,Roubaix,90
2385,INVALID,Population étudiante Manosque,,,193
2072,INVALID,Je travaille à Marseille,,,165
1873,INVALID,zones résidentielles thonon-les-bains,,,274
2655,INVALID,Festival à Oyonnax,,,189
2397,INVALID,Carte historique Villeurbanne,,,210
3104,INVALID,Zones industrielles Beauvais,,,231
3519,INVALID,Quartiers de Alençon,,,173
2657,INVALID,Clermont-Ferrand est une belle ville,,,153
3435,INVALID,Météo actuelle à Melun,,,167
3024,INVALID,Photos anciennes Douai,,,200
2053,INVALID,informations locales lannion,,,241
3796,INVALID,carte administrative beauvais,,,218
3991,VALID,Je veux acheter mon billet pour le train Bar-le-Duc Vannes,Bar-le-Duc,Vannes,118
525,VALID,Je veux réserver une place dans le train Metz Valence,Metz,Valence,90
3000,INVALID,Carte détaillée Aix-en-Provence,,,265
54,VALID,y a-t-il un train vers midi de caen à châlons-en-champagne ?,Caen,Châlons-en-Champagne,137
238,VALID,quel train prendre pour aller de aubenas à pontoise ?,Aubenas,Pontoise,84
616,VALID,Train pour Verdun au départ de Louviers,Louviers,Verdun,91
2155,INVALID,Plages prochse de Lisieux,,,181
3996,INVALID,Cartographie Troyes,,,237
151,VALID,prochain train pour amiens depuis rouen,Rouen,Amiens,13
1991,INVALID,guide local chalon-sur-saône,,,269
292,VALID,Je dois aller à Étampes en partant de Saint-Brieuc en train,Saint-Brieuc,Étampes,128
118,VALID,je réserve un train de cholet à saint-brieuc,Cholet,Saint-Brieuc,26
3244,INVALID,Activités sportives Challans,,,264
1146,VALID,Je cerche un ttrain dimanche de Saint-Denis  Courbevoie,Saint-Denis,Courbevoie,132
3003,INVALID,Musée à visiter à Carcassonne,,,172
363,VALID,Train pour Annemasse au départ de Lille,Lille,Annemasse,91
61,VALID,train avec wifi de vichy à privas,Vichy,Privas,111
2791,INVALID,Heure locale à Metz,,,194
3169,INVALID,Oyonnax ou Béthune pour les vacances ?,,,23
2395,INVALID,Population étudiante Chalon-sur-Saône,,,193
2930,INVALID, Zones tourrstiques Soissons,,,219
1950,INVALID,université à aix-en-provence,,,179
1905,INVALID,statistiques économiques lourdes,,,272
2307,INVALID,Boulogne-sur-Mer est une belle ville,,,18
2438,INVALID,Meilleur moment pour visiter Vierzon,,,197
676,VALID,Y a-t-il un train rapide sans arrêt Tours Saint-Quentin ?,Tours,Saint-Quentin,113
1230,VALID,Je veux me rendre à Montélimar depuis Sens par le train,Sens,Montélimar,73
713,VALID,Je veux le prochain départ en train de Montpellier pour Étampes,Montpellier,Étampes,122
293,VALID,Je veux me rendre à Blois depuis Toul par le train,Toul,Blois,73
58,VALID,je veux un train rapide de lyon à nantes,Lyon,Nantes,35
2756,INVALID,Transports locaux lbeuf,,,273
3525,INVALID,Restaurant à Cambrai,,,25
729,VALID,Je souhaite prendre un train en début d'après-midi de Vesoul à Nancy,Vesoul,Nancy,110
471,VALID,Y a-t-il un train dans l'heure de Nantes vers Oyonnax ?,Nantes,Oyonnax,80
2635,INVALID,Écoles à Angerrs,,,213
3428,INVALID,Zones commerciales Argenteuil,,,263
319,VALID,Je veux acheter un billet de train Aubenas Vernon,Aubenas,Vernon,83
2362,INVALID,Quartiers modernes Nancy,,,244
2357,INVALID,Musée célèbre à Provins,,,166
1453,VALID,Train avec peu de correspondances de Elbeuf vers Lyon,Elbeuf,Lyon,127
2062,INVALID,Carte météo Évreux,,,191
654,VALID,Je planifie un voyage en train de Elbeuf vers Paris,Elbeuf,Paris,49
1430,VALID,Train de fin de journée Montélimar vers Les Sables-d'Olonne,Montélimar,Les Sables-d'Olonne,147
3227,INVALID,Angoulême ou Metz pour les vacances ?,,,23
875,VALID,Comment me rendre à Albert depuis Port-Boulet ?,Port-Boulet,Albert,3
2649,INVALID,Quel temps fait-il à Provins ?,,,151
629,VALID,Fontenay-le-Comte Évreux pour demain,Fontenay-le-Comte,Évreux,6
673,VALID,Y a-t-il un train avant 8h de Angoulême à Morlaix ?,Angoulême,Morlaix,103
3965,VALID,Je dois me deplacer de Montbeliard a Privas en train,Montbéliard,Privas,65
384,VALID,Je dois être à Florence avant midi en partant de Tarbes,Tarbes,Florence,88
749,VALID,Je veux partir de Quimper à Morlaix en première classe,Quimper,Morlaix,142
3378,INVALID,Agenda culturel Bourges,,,233
3390,INVALID,Services municipaux Alençon,,,259
3170,INVALID,Zones rurales Orléans,,,243
130,VALID,je veux arriver à maubeuge depuis orange,Orange,Maubeuge,63
3765,VALID,un billet pour le train chateauroux orleans,Châteauroux,Orléans,51
1952,INVALID,carte administrative blois,,,218
2579,INVALID,Plan de ville Morlaix,,,206
1015,VALID,Quel train me conseillez-vous de Caen à Briançon ?,Caen,Briançon,53
4051,INVALID,Briancon ou Reims pour les vacances ?,,,23
2242,INVALID,Carte des routes Amiens,,,223
1369,VALID,Je voudrais partir de Calais pour aller à Chambéry,Calais,Chambéry,9
2213,INVALID,Quartier sûr à Briançon,,,190
3592,INVALID,Restaurant à Angoulême,,,159
864,VALID,Comment me rendre à Chaumont depuis Dieppe ?,Dieppe,Chaumont,3
1273,VALID,Je veux réserver pour le train de Clermont-Ferrand vers Rodez,Clermont-Ferrand,Rodez,130
2915,INVALID,Transport urbain Périgueux,,,258
2413,INVALID,Le maire de Roubaix,,,24
463,VALID,Train en milieu de journée Chaumont Douai,Chaumont,Douai,101
3026,INVALID,Nancy est une belle ville,,,18
3526,INVALID,Pontivy ou Dunkerque pour les vacances ?,,,157
3172,INVALID,Guide touristique Avignon,,,183
2789,INVALID,Transport urbain Roubaix,,,258
3644,INVALID,Centres culturels Mulhouse,,,254
1270,VALID,Y a-t-il un TGV Chalon-sur-Saône Dieppe ?,Chalon-sur-Saône,Dieppe,34
1582,VALID,Je pars en train de Chartrees vers Segré,Chartres,Segré,71
1072,VALID,Je souhaite voyager de Lannion vers Angers,Lannion,Angers,5
2014,INVALID,guide étudiant châteaubriant,,,201
904,VALID,Train matinal de Bar-le-Duc vers Biarritz,Bar-le-Duc,Biarritz,115
2189,INVALID,Spécialités culinaires Metz,,,187
4046,VALID,Y a-t-il un train vers 10h de Saint-Denis a Amiens ?,Saint-Denis,Amiens,129
2380,INVALID,Activités nocturnes Périgueux,,,255
1340,VALID,Dernier train de Épernay vers Argenteuil,Épernay,Argenteuil,42
2515,INVALID,Carte météo Dijon,,,191
3343,INVALID,Mon ami vit à Toulon et moi à Nanterre,,,154
518,VALID,Je veux voyager en train de Châteaubriant à Privas,Châteaubriant,Privas,43
1749,VALID,Je cherche un trajet en train de Biarritz vers Morlaix,Biarritz,Morlaix,30
2897,INVALID,Carte scolaire Agen,,,230
753,VALID, Je veux acheteer un  billet de train Saint--Dizier Troyes,Saint-Dizier,Troyes,83
1053,VALID,Comment rejoindre Lyon depuis Amiens en train ?,Amiens,Lyon,38
3648,INVALID,Metz ou Les Sables-d'Olonnne pour les vacances ?,,,23
1062,VALID,Je dois allerr à Cannes en partant d Épernay en train,Épernay,Cannes,128
2706,INVALID,Activités culturelles Belfort,,,247
836,VALID,Train de milieu d'après-midi Le Mans Créteil,Le Mans,Créteil,143
561,VALID,Y a-t-il un train de nuit entre Étampes et Nantes ?,Étampes,Nantes,149
2541,INVALID,La distance entre Béziers et Aurillac,,,276
107,VALID,y a-t-il un tgv direct segré montreuil ?,Segré,Montreuil,93
3216,INVALID,Informations locales Belfort,,,241
2318,INVALID,Quel temps fait-il à Fontenay-le-Comte ?,,,151
3322,INVALID,Photos anciennes Pau,,,200
89,VALID,train de fin de journée manosque vers lorient,Manosque,Lorient,147
823,VALID,Train rapide de Vendôme à Valenciennes,Vendôme,Valenciennes,46
1011,VALID,Y a-t-il un départ en soirée de Amiens pour Vienne ?,Amiens,Vienne,141
1355,VALID,Train avec restauration de Annemasse à Quimper,Annemasse,Quimper,135
485,VALID,Je dois voyager de Évreux à Albert ce week-end,Évreux,Albert,77
196,VALID,y a-t-il des trains vers dole au départ de aurillac ?,Aurillac,Dole,4
959,VALID,Je planifie un voyage en train de La Rochelle vers Hazebrouck,La Rochelle,Hazebrouck,49
693,VALID,Y a-t-il un Intercités Modane Auxerre ?,Modane,Auxerre,57
2817,INVALID,Université à Alençon,,,179
2323,INVALID,Centres sportifs Montbéliard,,,235
3457,INVALID,Université à Manosque,,,179
4069,VALID,Je souhaite prendre un train en debut d'apres-midi de Fecamp a Provins,Fécamp,Provins,110
828,VALID,Y a-t-il un train toutes les heures de Arles à Compiègne ?,Arles,Compiègne,89
2779,INVALID,Écoles à Quimper,,,213
1036,VALID,Y a-t-il des trains vers Auxerre au départ de Douai ?,Douai,Auxerre,4
1134,VALID,Je dois me rendre de Mâcon à Saint-Nazaire,Mâcon,Saint-Nazaire,7
2702,INVALID,Plages proches de Montbéliard,,,181
3663,INVALID,Calendrier événements Arles,,,248
640,VALID,Quel train prendre pour aller de Périgueux à Ancenis ?,Périgueux,Ancenis,84
4049,INVALID,Carte detaillee Soissons,,,265
2565,INVALID,Zones touristiques Évreux,,,219
3075,INVALID,Centres médicaux Carcassonne,,,242
3161,INVALID,Carte météo Clisson,,,191
1289,VALID,Train quotidien Cannes Challans,Cannes,Challans,107
1611,VALID,Je voudrais connaître les horaires de train de Nice à Angers,Nice,Angers,67
3347,INVALID,Statistiques emploi Albi,,,225
3814,VALID,y a-t-il un tgv en fin d'apres-midi antibes amboise ?,Antibes,Amboise,133
3718,INVALID,centres educatifs port-boulet,,,270
2801,INVALID,Code postal Marseille,,,176
2968,INVALID,Quel temps fait-il à Évreux ?,,,16
643,VALID,ee veux le train le plus rappide de Mabueuge à Limoges,Maubeuge,Limoges,79
2853,INVALID,Le maire de Romans-sur-Isère,,,158
522,VALID,Je souhaite prendre le train de Évry pour Amiens,Évry,Amiens,32
228,VALID,y a-t-il unn train l'apèrs--mdi de challans à concarneau ?,Challans,Concarneau,121
2192,INVALID,Transports locaux Metz,,,273
3684,VALID,train de fin de matinee nanterre carcassonne,Nanterre,Carcassonne,131
404,VALID,Je dois aller à Sens en partant de Périgueux en train,Périgueux,Sens,128
744,VALID,Je cherche le train le plus économique de Meaux à Bolbec,Meaux,Bolbec,124
3518,INVALID,Monument célèbre à Albi,,,188
155,VALID,train avec le moins de correspondances hazebrouck agen,Hazebrouck,Agen,55
1787,INVALID,associations locales bourges,,,236
1314,VALID,Je veux partir en milieu de soirée de Berck pour Pau,Berck,Pau,150
26,VALID,y a-t-il des trains vers évry au départ de clisson ?,Clisson,Évry,4
1820,INVALID,guide étudiant melun,,,201
1757,VALID,Train de nuit Louviers Troyes,Louviers,Troyes,36
1143,VALID,Y a-t-il un train vers midi de Arras à Briançon ?,Arras,Briançon,137
3091,INVALID,Restaurant à Colmar,,,25
2077,INVALID,Rodez est une belle ville,,,18
2884,INVALID,Université à Port-Boulet,,,179
2344,INVALID,Meilleur moment pour visiter Saint-Quentin,,,197
1738,VALID,Je ovudraiss connaître les horaires de train  e Fontainebleau à Arles,Fontainebleau,Arles,67
2293,INVALID,Je travaille à Reims,,,165
3761,VALID,je dois me rendre de pontoise a auch,Pontoise,Auch,7
3129,INVALID,Statistiques météo Lannion,,,204
3175,INVALID,Nancy ou Châteaubriant pour les vacances ?,,,23
145,VALID,je dois être à aix-les-bains avant midi en partant de paris,Paris,Aix-les-Bains,88
906,VALID,Train avec le moins de correspondances Niort Pontivy,Niort,Pontivy,55
1046,VALID,Je planifie un voyage en train de Annemasse vers Agen,Annemasse,Agen,49
2094,INVALID,Hôpitaux à Dieppe,,,222
3005,INVALID,La distance entre Valence et Le Havre,,,276
1693,VALID,Y a-t-il un tran aant 8h de  Alençon à Maubeuge ?,Alençon,Maubeuge,103
2766,INVALID,Architecture de Chaumont,,,198
2470,INVALID,Statistiques locales Cannes,,,261
1970,INVALID,associations locales langres,,,236
3602,INVALID,Carte touristique de Dieppe,,,164
472,VALID,Je vais de Montpellier à Évry en train,Montpellier,Évry,52
2546,INVALID,Carte des quartiers Angoulême,,,267
1546,VALID,Je cherche un train jeudi de Vendôme à Versailles,Vendôme,Versailles,140
1374,VALID,Train avec peu de monde de Antibes à Provins,Antibes,Provins,97
1890,INVALID,concert prévu à perpignan,,,174
1514,VALID,Train direct sans correspondance Montbéliard Nantes,Montbéliard,Nantes,82
2513,INVALID,Le Havre estt une belle ville,,,18
901,VALID,Je veux arriver à Boulogne-sur-Mer depuis Évreux,Évreux,Boulogne-sur-Mer,63
3316,INVALID,Carte des routes Lisieux,,,223
1561,VALID,Je souhaite prendre le train de Saint-Omer pour Aix-en-Provence,Saint-Omer,Aix-en-Provence,32
3012,INVALID,Événements culturels Dole,,,268
3478,INVALID,Carte météo Lille,,,251
589,VALID,Je pars de Perpignan direction Nîmes,Perpignan,Nîmes,12
1591,VALID,Y a-t-il un Ouigo de Strasbourg vers Nîmes ?,Strasbourg,Nîmes,109
3985,VALID,Y a-t-il un Intercites Orange Alencon ?,Orange,Alençon,57
3484,INVALID,Carte administrative Lille,,,218
1245,VALID,Y a-t-il un train de nuit entre Auxerre et Orléans ?,Auxerre,Orléans,149
4093,INVALID,Zones commerciales Perpignan,,,263
1483,VALID,À quelle heure arrive le train à Évreux depuis Granville ?,Granville,Évreux,48
2429,INVALID,Office postal Perpignan,,,221
1960,INVALID,services publics saint-malo,,,234
1725,VALID,Billet aller simple en train Vierzon Roubaix,Vierzon,Roubaix,70
1419,VALID,Combien de temps dure le trajet en train de Montreuil à Abbeville ?,Montreuil,Abbeville,60
4081,INVALID,Statistiques emploi Bar-le-Duc,,,225
1606,VALID,Train du matn Auxerre Le Mans,Auxerre,Le Mans,29
1067,VALID,Je veux partir de Lens et descendre à Pontoise,Lens,Pontoise,108
1296,VALID,Un billet Niort Saint-Étienne s'il vous plaît,Niort,Saint-Étienne,2
99,VALID,je veux partir de vierzon à épernay en première classe,Vierzon,Épernay,142
3521,INVALID,Centres sportifs Nancy,,,235
2040,INVALID,je travaille à saint-nazaire,,,165
3466,INVALID,Mon ami vit à Port-Boulet et moi à Modane,,,19
3229,INVALID,Services municipaux Toulouse,,,259
1789,INVALID,hôtel disponible à concarneau,,,163
40,VALID,y a-t-il un train toutes les heures de saumur à vendôme ?,Saumur,Vendôme,89
3253,INVALID,Climat de Moulins,,,186
3617,INVALID,Carte administrative Évry,,,218
2208,INVALID,Meilleur moment pour visiter Louviers,,,197
421,VALID,Je cherche à aller de Bastia à Saint-Dizier par le train,Bastia,Saint-Dizier,116
3493,INVALID,Quelle est la population de Dunkerque ?,,,22
1153,VALID,Je vais de Blois à Vannes en train,Blois,Vannes,52
3612,INVALID,Statistiques économiques Fontainebleau,,,272
63,VALID,je planifie un voyage en train de privas vers beauvais,Privas,Beauvais,49
3997,VALID,Train rapide de Antibes a Besancon,Antibes,Besançon,46
4028,INVALID,Langue parlee a Concarneau,,,175
4002,INVALID,Quelle estt la population de Evreux ?,,,22
3527,INVALID,Plan de ville Saumur,,,206
3160,INVALID,Zones tourristiques Orange,,,219
342,VALID,Y a-t-il un train de nuit entre Lunéville et Bourg-en-Bresse ?,Lunéville,Bourg-en-Bresse,149
613,VALID,Quel est l'horaire du prochain train Tourcoing Strasbourg ?,Tourcoing,Strasbourg,64
3699,INVALID,plages proches de laval,,,181
3152,INVALID,Zones industrielles Oyonnax,,,231
662,VALID,Train quotidien Pontivy Douai,Pontivy,Douai,107
1044,VALID,Train avec le moins de correspondances Orange Strasbourg,Orange,Strasbourg,55
361,VALID,Y a-t-il un Ouigo de Charleville-Mézières vers Paris ?,Charleville-Mézières,Paris,109
708,VALID,Train express de Saint-Dizier vers Ajaccio,Saint-Dizier,Ajaccio,139
2410,INVALID,Univveisté à Épinal,,,179
135,VALID,je dois faire angoulême saint-dizier en train,Angoulême,Saint-Dizier,102
3919,INVALID,Journaux locaux Blois,,,192
770,VALID,Je veux arriver à Saint-Nazaire depuis Gap,Gap,Saint-Nazaire,63
681,VALID,Train en milieu de journée Rouen Lons-le-Saunier,Rouen,Lons-le-Saunier,101
330,VALID,Train avec peu de correspondances de Laon vers Aubenas,Laon,Aubenas,127
2869,INVALID,Parc célèbre à Albi,,,203
808,VALID,Y a-t-il un Intercités Calais Étampes ?,Calais,Étampes,57
4003,VALID,Je souhaite prendre le train de Pau pour Pontarlier,Pau,Pontarlier,32
2599,INVALID,Événements culturels Lorient,,,268
861,VALID,Je pars demain de Laon vers Nice,Laon,Nice,37
4026,INVALID,Informations locales Modane,,,241
3326,INVALID,J'habite à Bayonne,,,17
3786,VALID,je veux le train avec le meilleur confort bourg-en-bresse ajaccio,Bourg-en-Bresse,Ajaccio,138
446,VALID,Y a-t-il un train vers midi de Niort à Blois ?,Niort,Blois,137
1940,INVALID,carte historique tourcoing,,,210
2802,INVALID,Carte météo Clermont-Ferrand,,,251
3279,INVALID,Zones rurales Montivilliers,,,243
730,VALID,Train de milieu d'après-midi Concarneau Oyonnax,Concarneau,Oyonnax,143
137,VALID,je veux le train avec le meilleur confort yvetot nevers,Yvetot,Nevers,138
881,VALID,Un billet pour le train Moulins Pontoise,Moulins,Pontoise,51
2623,INVALID,Offres d'emploi Yvetot,,,246
2093,INVALID,Zones industrielles Cergy,,,231
2160,INVALID,Cartographie Vitré,,,237
711,VALID,Je cherche un train pour demain de Oyonnax à Nancy,Oyonnax,Nancy,75
1920,INVALID,zones touristiques beauvais,,,219
1218,VALID,Train express de Pontivy vers Rennes,Pontivy,Rennes,139
685,VALID, Je doiss prenddre le train de Abebville pour Angoulême,Abbeville,Angoulême,45
3505,INVALID,Informations pratiques Privas,,,256
1552,VALID,Je veux acheter un billet de train Clermont-Ferrand Vitry-le-François,Clermont-Ferrand,Vitry-le-François,83
1466,VALID,Billet de train aller-retour Épinal Albertville,Épinal,Albertville,78
2231,INVALID,Je vis à Rennes,,,168
2805,INVALID,Météo actuelle à Montpellier,,,167
398,VALID,Trajet de Thonon-les-Bains vers Reims,Thonon-les-Bains,Reims,11
3328,INVALID,Chaumont ou Bordeaux pour les vacances ?,,,157
1156,VALID,Je dois être à Lyon avant midi en partant de Modane,Modane,Lyon,88
2282,INVALID,Restaurant à Mulhouse,,,25
138,VALID,y a-t-il un train toutes les deux heures de auray à calais ?,Auray,Calais,145
1254,VALID,Je souhaite partir de Albert et arriver à Blois,Albert,Blois,81
3041,INVALID, Associations locales  Aurillac,,,236
117,VALID,je veux le prochain départ en train de saint-nazaire pour fontenay-le-comte,Saint-Nazaire,Fontenay-le-Comte,122
194,VALID,je dois me déplacer en train de ajaccio vers boulogne-billancourt mardi,Ajaccio,Boulogne-Billancourt,120
1282,VALID,Je veux un train rapide de Marseille à Albi,Marseille,Albi,35
842,VALID,YY a--t-il un TGGV Amien sLeens ?,Amiens,Lens,34
1040,VALID,Je dois me rendre à Évry depuis Sens en TGV,Sens,Évry,144
235,VALID,y a-t-il un train l'après-midi de perpignan à évreux ?,Perpignan,Évreux,121
3329,INVALID,Poitiers est une belle ville,,,18
2065,INVALID,Offres d'emploi Colmar,,,246
3262,INVALID,Hôpitaux à Port-Boulet,,,222
1713,VALID,Je veux un billet flexible Angers Montargis,Angers,Montargis,114
338,VALID,Je dois voyager de Lens à Toulouse vendredi,Lens,Toulouse,112
1638,VALID,Je dois prendre le train de Boulogne-Billancourt pour Louviers,Boulogne-Billancourt,Louviers,45
3032,INVALID,Événements culturels Manosque,,,268
3141,INVALID,Offres d'emploi Antibes,,,246
675,VALID,Je veux réserver une place dans le train Alençon Arles,Alençon,Arles,90
1941,INVALID,la distance entre roubaix et cergy,,,20
3873,INVALID,langue parlee a niort,,,175
1095,VALID,Billet aller simple en train Avranches Saint-Nazaire,Avranches,Saint-Nazaire,70
2518,INVALID,Population urbaine Nanterre,,,266
264,VALID,je cherche à aller de vitry-le-françois à aix-en-provence par le train,Vitry-le-François,Aix-en-Provence,116
1811,INVALID,théâtre à pontoise,,,217
219,VALID,je veux un train avec prises électriques sens soissons,Sens,Soissons,146
574,VALID,Y a-t-il un Ouigo de Chaumont vers Bourgoin-Jallieu ?,Chaumont,Bourgoin-Jallieu,109
1512,VALID,Je cherche un train Langres Vierzon,Langres,Vierzon,14
3747,INVALID,immobilier a reims,,,208
1691,VALID,Train avec le moins de correspondances Saint-Omer Oyonnax,Saint-Omer,Oyonnax,55
2241,INVALID,Carte postale Dieppe,,,196
502,VALID,Y --til un trian avant 8h de Vernon à Boulogne-Billancuort ?,Vernon,Boulogne-Billancourt,103
552,VALID,Y a-t-il un Ouigo de La Rochelle vers Oyonnax ?,La Rochelle,Oyonnax,109
853,VALID,Je veux un train confortable de Montpellier à Le Mans,Montpellier,Le Mans,69
3609,INVALID,Carte détaillée Montargis,,,265
638,VALID,Je dois voyager de Paris à Boulogne-Billancourt vendredi,Paris,Boulogne-Billancourt,112
1761,VALID,Y a-t-il un train toutes les deux heures de Blois à Reims ?,Blois,Reims,145
931,VALID,Je veux aller de Digne-les-Bains à Loches,Digne-les-Bains,Loches,1
1048,VALID,Je planifie un voyage en train de Montreuil vers Manosque,Montreuil,Manosque,49
3865,INVALID, festival a limoges,,,189
1699,VALID,Un billet Abbeville Yvetot s'il vous plaît,Abbeville,Yvetot,2
2866,INVALID,Journaux locaux Bar-le-Duc,,,192
884,VALID,Train quotidien Calais Cherbourg,Calais,Cherbourg,107
2113,INVALID,Shopping à Créteil,,,182
3320,INVALID,La distance entre Pau et Arras,,,20
1306,VALID,Y a-t-il un train de nuit entre Saint-Dizier et Charleville-Mézières ?,Saint-Dizier,Charleville-Mézières,149
3819,VALID,je veux partir de poitiers et descendre a aix-les-bains,Poitiers,Aix-les-Bains,108
2561,INVALID,J'habite actuellement à Rodez,,,161
1887,INVALID,je suis né à le havre,,,185
2133,INVALID,Population urbaine Nice,,,266
2374,INVALID,Guide étudiant Pau,,,201
2883,INVALID,Quartiers modernes Modane,,,244
198,VALID,train du soir saint-étienne nancy,Saint-Étienne,Nancy,66
310,VALID,Je veux partir en train de Pontivy à Nancy samedi,Pontivy,Nancy,126
3459,INVALID,Hôtel disponible à Oyonnax,,,163
3971,INVALID,Evenements locaux Lorient,,,228
2331,INVALID,Quartiers de Cergy,,,173
1470,VALID,Je cherche untrainn pour demain de Épernay à Bordeaux,Épernay,Bordeaux,75
1364,VALID,Je souhaite réserver un train de Courbevoie vers Annemasse,Courbevoie,Annemasse,58
1288,VALID,Je cherche le meilleur horaire de train Montbéliard Annecy,Montbéliard,Annecy,86
819,VALID,Dernier train de Montpellier vers Fontenay-le-Comte,Montpellier,Fontenay-le-Comte,42
3177,INVALID,Quelle heure est-il à Thonon-les-BBains ?,,,160
678,VALID,À quelle heure arrive le train à Le Mans depuis Châteaubriant ?,Châteaubriant,Le Mans,48
3933,INVALID,Centres culturels Caen,,,254
2250,INVALID,Carte postale Nancy,,,196
3795,INVALID,immobilier a lourdes,,,208
2038,INVALID,associations à amiens,,,207
335,VALID,Je veux un train avec prises électriques Angers Saint-Dizier,Angers,Saint-Dizier,146
1775,INVALID,marché local pontoise,,,202
1022,VALID,Y a-t-il un train dans l'heure de Quimper vers Pontoise ?,Quimper,Pontoise,80
1037,VALID,Je pars en train de Soissons vers Vitry-le-François,Soissons,Vitry-le-François,71
469,VALID, veux résever pour le traiin de Anerss vers Montiivilliers,Angers,Montivilliers,130
758,VALID,Y a-t-il des trains vers Quimper au départ de Rennes ?,Rennes,Quimper,4
2699,INVALID,Moulins est magnifique en été,,,162
210,VALID,train de nuit melun verdun,Melun,Verdun,36
143,VALID,train avec restauration de digne-les-bains à béziers,Digne-les-Bains,Béziers,135
2256,INVALID,Transports locaux Boulogne-sur-Mer,,,273
2136,INVALID,Centres sportifs Nice,,,235
402,VALID,Je cherche un train Compiègne Besançon,Compiègne,Besançon,14
1433,VALID,Y a-t-il un TER Bastia Angers ?,Bastia,Angers,68
2627,INVALID,Meilleur moment pour visiter Montreuil,,,197
3245,INVALID,Informations pratiques Albi,,,256
550,VALID,Je dois faire Rodez Perpignan en train,Rodez,Perpignan,102
1729,VALID,Y a-t-il des trains disponibles de Montbéliard à Quimper ?,Montbéliard,Quimper,50
869,VALID,Je cherche un train Cherbourg Melun,Cherbourg,Melun,14
837,VALID,Train matinal de Vannes vers Maubeuge,Vannes,Maubeuge,115
3940,INVALID,Carte mete oClermont-Ferrand,,,191
1531,VALID,Train quotidien Saint-Brieuc Orléans,Saint-Brieuc,Orléans,107
403,VALID,Je veux le prochain départ en train de Lons-le-Saunier pour Auch,Lons-le-Saunier,Auch,122
127,VALID,train de milieu d'après-midi orléans fougères,Orléans,Fougères,143
1361,VALID,Y a-t-il un départ en début de soirée de Florence pour Brest ?,Florence,Brest,85
3018,INVALID,Zones industrielles Colmar,,,231
3554,INVALID,Je déménage à Lunéville,,,195
255,VALID,y a-t-il un train de nuit entre chaumont et montauban ?,Chaumont,Montauban,149
141,VALID,je souhaite partir de clermont-ferrand et arriver à blois,Clermont-Ferrand,Blois,81
2732,INVALID,Événements culturels Limoges,,,268
2876,INVALID,Marché local Marseille,,,202
1865,INVALID,spécialités culinaires étampes,,,187
1024,VALID,Je réserve un train de Reims à Tourcoing,Reims,Tourcoing,26
3555,INVALID,Carte météo Sens,,,191
3453,INVALID,Statistiques locales Saint-Omer,,,261
1506,VALID,Y a-t-il un départ en début de soirée de Blois pour Albert ?,Blois,Albert,85
2370,INVALID,Cinémm aà Digne-les-Bainns,,,216
1161,VALID,Je veux arriver à Lorient depuis Cergy,Cergy,Lorient,63
610,VALID,Y a-t-il un train vers midi de Vitry-le-François à Évry ?,Vitry-le-François,Évry,137
3144,INVALID,Photos anciennes Sen,,,200
2340,INVALID,Services publics Saint-Nazaire,,,234
934,VALID,Je veux partir de Dunkerque et descendre à Laon,Dunkerque,Laon,108
2131,INVALID,Centres éducatifs Besançon,,,270
454,VALID,Je veux partir en milieu de soirée de Évreux pour Ajaccio,Évreux,Ajaccio,150
3266,INVALID,Événements culturels Châteaubriant,,,268
2578,INVALID,Bibliothèque à Pontarlier,,,212
233,VALID,je veux partir de toul et descendre à cherbourg,Toul,Cherbourg,108
2497,INVALID,oBnjour,,,21
295,VALID,Je veux  acheter mon  billet pour le train Angers Manoosque,Angers,Manosque,118
2583,INVALID,Concert prévu à Montivilliers,,,174
3635,INVALID,Informations locales Saint-Quentin,,,241
3588,INVALID,Marchés hebdomadaires Cherbourg,,,238
2639,INVALID,Langgu eparlée à Mnosque,,,175
3946,VALID,Train matinal de Cherbourg vers Beauvais,Cherbourg,Beauvais,115
4097,INVALID,Centres culturels Creteil,,,254
3955,INVALID,Quartiers historiques Vichy,,,227
1626,VALID,Je veux voyager confortablement de Granville vers Lens,Granville,Lens,104
353,VALID,Je veux le prochain départ en train de Maubeuge pour Albertville,Maubeuge,Albertville,122
3271,INVALID,Événements culturels Angers,,,268
3630,INVALID,Associations locales Lille,,,236
2613,INVALID,Agenda culturel Villeurbanne,,,233
3520,INVALID,Services municipaux Annemasse,,,259
2104,INVALID,Guide touristique Saint-Nazaire,,,183
2317,INVALID,Carte détaillée Lorient,,,265
3485,INVALID,Parc célèbre à Roubaix,,,203
2955,INVALID,Zones ruraes Chaleville-Mézières ,,,243
1540,VALID,Quelle est la durée du trajet en train de Grenoble à Vichy ?,Grenoble,Vichy,31
2348,INVALID,Journaux locaux Verdun,,,192
1720,VALID,Y a-t-il un train vers midi de Clermont-Ferrand à Perpignan ?,Clermont-Ferrand,Perpignan,137
2181,INVALID,Statistiques démographiques Metz,,,245
635,VALID,Je cherche un train dimanche de Saint-Brieeuc à Challans,Saint-Brieuc,Challans,132
1220,VALID,Je veux prendre le train de Compiègne à Épinal,Compiègne,Épinal,28
1957,INVALID,la distance entre boulogne-sur-mer et cannes,,,20
3,VALID,je dois aller à lille en partant de auray en train,Auray,Lille,128
1488,VALID,Quel train me conseillez-vous de Fécamp à Biarritz ?,Fécamp,Biarritz,53
3801,VALID,un billet pour le train dunkerqe les sables-d'olonne,Dunkerque,Les Sables-d'Olonne,51
2406,INVALID,Carte détailél eAuraay,,,265
3803,INVALID,je suis ne a chateaubriant,,,185
3151,INVALID,Guide pratiquue Chinon,,,229
3087,INVALID,Offres d'emploi Fontainebleau,,,246
3375,INVALID,Photos aériennes Nantes,,,211
461,VALID,Y a-t-il un train l'après-midi de Chinon à Perpignan ?,Chinon,Perpignan,121
1415,VALID,Je dois prendre un train de Dole à Béziers lundi,Dole,Béziers,96
3990,INVALID,Zones touristiques Caen,,,219
2693,INVALID,Guide touristique Hazebrouck,,,183
3704,VALID,train avec restauration de lille a tours,Lille,Tours,135
3385,INVALID,Office du touurisme Fougères,,,205
3685,INVALID,informations locales lyon,,,241
778,VALID,Je veux partir en milieu de soirée de Villeurbanne pour Lisieux,Villeurbanne,Lisieux,150
46,VALID,y a-t-il un train vers 10h de port-boulet à fontenay-le-comte ?,Port-Boulet,Fontenay-le-Comte,129
1968,INVALID,agenda culturel saint-omer,,,233
1598,VALID,Je cherche un train pour demain de Châteaubriant à Digne-les-Bains,Châteaubriant,Digne-les-Bains,75
2771,INVALID,La distance entre Versailles et Poitiers,,,20
1673,VALID,Je cherche un train pour demain de Périgueux à Chalon-sur-Saône,Périgueux,Chalon-sur-Saône,75
622,VALID,Je cherche un train pour demain de Angers à Nevers,Angers,Nevers,75
3572,INVALID,Quelle est la population de Amboise ?,,,155
843,VALID,Je veux un train rapide de Béthune à Montélimar,Béthune,Montélimar,35
3479,INVALID,Activités sportives Cholet,,,264
1117,VALID,Y a-t-il un train toutes les deux heures de Marseille à Saint-Nazaire ?,Marseille,Saint-Nazaire,145
576,VALID,Y a-t-il un TGV direct Montauban Mulhouse ?,Montauban,Mulhouse,93
923,VALID,Je veux un train confortable de Louviers à Belfort,Louviers,Belfort,69
1632,VALID,Prochain TGV de Vitré pour Poitiers,Vitré,Poitiers,95
2106,INVALID,Clubs sportifs Ajaccio,,,215
1467,VALID,Je veux partir en train de Dunkerque à Lunéville samedi,Dunkerque,Lunéville,126
1109,VALID,Train defind e matinée Fontaineebleau Modane,Fontainebleau,Modane,131
2174,INVALID,Concert prévu à Rennes,,,174
3881,VALID,quel est l'horaire du prochain train evreux thonon-les-bains ?,Évreux,Thonon-les-Bains,64
916,VALID,Trai npou rÉvreu xa udpéart de ulhouse,Mulhouse,Évreux,91
2705,INVALID,Écoles à Aix-en-Provence,,,213
3929,INVALID,Statistiques locales Strasbourg,,,261
2409,INVALID,Activités nocturnes Pontarlier,,,255
868,VALID,Billet de train Bourgoin-Jallieu Amboise pour aujourd'hui,Bourgoin-Jallieu,Amboise,40
3105,INVALID,Quel temps fait-il à Montivilliers ?,,,16
2548,INVALID,Centres de loisirs Le Puy-en-Velay,,,262
964,VALID,Je veux prendre le train de Biarritz à Segré,Biarritz,Segré,28
3242,INVALID,Zonees résidentiellles Tarbes,,,274
2822,INVALID,Zones commerciales Suamur ,,,263
3006,INVALID,Population étudiante Lourdes,,,193
739,VALID,Train avec restauration de Montivilliers à Elbeuf,Montivilliers,Elbeuf,135
147,VALID,je veux partir après le déjeuner de châteauroux pour loches,Châteauroux,Loches,134
1068,VALID,Je veux le prochain départ en train de Montélimar pour Saint-Brieuc,Montélimar,Saint-Brieuc,122
2183,INVALID,Hôtel pas cher à Étampes,,,170
594,VALID,Train direct sans correspondance Amiens Saint-Brieuc,Amiens,Saint-Brieuc,82
3314,INVALID,Concert prévu à Bolbec,,,174
158,VALID,combien de temps dure le trajet en train de saint-quentin à verdun ?,Saint-Quentin,Verdun,60
2637,INVALID,Centres de loisirs Le Havre,,,262
1899,INVALID,la distance entre auxerre et strasbourg,,,20
3134,INVALID,J'habite actuellement à Nancy,,,161
367,VALID,Comment rejoindre Annecy depuis Vendôme en train ?,Vendôme,Annecy,38
1646,VALID,Je dois me rendre à Port-Boulet depuis Briançon en TGV,Briançon,Port-Boulet,144
193,VALID,je vais de reims à chartres en train,Reims,Chartres,52
3333,INVALID,Code postal Mulhouse,,,176
1162,VALID,JJe veux partir maintenant de Tarbs pour Aubens,Tarbes,Aubenas,56
3448,INVALID,Carte des quartiers Carcassonne,,,267
4076,VALID,Je cherche un train apres 18h de Versailles vers Saint-Dizier,Versailles,Saint-Dizier,98
3781,VALID,quelle est la duree du trajet en train de saumur a abbeville ?,Saumur,Abbeville,31
2243,INVALID,Je vis à Vitry-le-François,,,168
3773,INVALID,activites culturelles auch,,,247
2895,INVALID,Associations locales Berck,,,236
2962,INVALID,Marhé local Saint-enis,,,202
1944,INVALID,architecture de blois,,,198
1219,VALID,Un billet de train pour aller de Langres à Montauban,Langres,Montauban,33
672,VALID,Je cherche à voyager de Versailles à Paris en TER,Versailles,Paris,148
1910,INVALID,la distance entre roubaix et laval,,,20
2891,INVALID,Carte administrative Blois,,,218
409,VALID,Billet de train Belfort Thonon-les-Bains pour aujourd'hui,Belfort,Thonon-les-Bains,40
2994,INVALID,Centres éducatifs Granville,,,270
2500,INVALID,Statistiques économiques Cherbourg,,,272
527,VALID,Un billet Chartres Nantes s'il vous plaît,Chartres,Nantes,2
1490,VALID,Je veux réserver pour le train de Rodez vers Angers,Rodez,Angers,130
963,VALID,Je veux me rendre à Maubeuge depuis Montpellier par le train,Montpellier,Maubeuge,73
924,VALID,Y a-t-il un train vers 10h de Saint-Quentin à Avignon ?,Saint-Quentin,Avignon,129
2468,INVALID,Restaurant à Pau,,,159
3377,INVALID,Ativités culturelles Amboise,,,247
1704,VALID,Je souhaite réserver un train de Lunéville vers Orléans,Lunéville,Orléans,58
3188,INVALID,Carte des routes Pontoise,,,223
690,VALID,Je veux voyager confortablement de Villeurbanne vers Maubeuge,Villeurbanne,Maubeuge,104
2966,INVALID,Architecture de Nice,,,198
3565,INVALID,Journaux locaux Besançon,,,192
2681,INVALID,Informations trafic Romans-sur-Isère,,,260
1735,VALID,Quel train me conseillez-vous de Chalon-sur-Saône à Évreux ?,Chalon-sur-Saône,Évreux,53
2957,INVALID,Guide urbain Ajaccio,,,253
3065,INVALID,Shopping à Versailles,,,182
1672,VALID,Départ Segré arrivée Montreuil,Segré,Montreuil,15
1822,INVALID,je travaille à vernon,,,165
2309,INVALID,Carte de Créteil,,,169
1277,VALID,Je dois prendre un train de Abbeville à Poitiers lundi,Abbeville,Poitiers,96
858,VALID,Je pars de Béziers direction Aix-les-Bains,Béziers,Aix-les-Bains,12
2993,INVALID,Centres éducatifs Albert,,,270
742,VALID,Combien de temps dure le trajet en train de Abbeville à Tourcoing ?,Abbeville,Tourcoing,60
2675,INVALID,Journaux locaux Orléans,,,192
3702,VALID,quel est le prix du billet de train lille montbeliard ?,Lille,Montbéliard,105
1990,INVALID,zones touristiques charleville-mézières,,,219
3208,INVALID,Je suis né à Avignon,,,185
1163,VALID,Je veux partir de Belfort à Saint-Malo en première classe,Belfort,Saint-Malo,142
1264,VALID,Train régional de Fontainebleau à Morlaix,Fontainebleau,Morlaix,87
3849,VALID,train de fin de matinee montauban etampes,Montauban,Étampes,131
1987,INVALID,patrimoine culturel roubaix,,,232
3337,INVALID,Quartier sûr à Aix-les-Bains,,,190
1595,VALID,Y a-t-il un train rapide sans arrêt Concarneau Maubeuge ?,Concarneau,Maubeuge,113
4017,VALID,Je veux aller de Angers a Nimes,Angers,Nîmes,1
1492,VALID,Je dois être à Lens avant midi en partant de Paris,Paris,Lens,88
3723,INVALID,zones touristiques challans,,,249
3008,INVALID,Restaurant à Port-Boulet,,,25
1444,VALID,Je cherche un train dimanche de Lourdes à Douai,Lourdes,Douai,132
1999,INVALID,informations générales avignon,,,275
211,VALID,je cherche un trajet en train de metz vers vernon,Metz,Vernon,30
1569,VALID,Y a-t-il un train tôt le matin de Lourdes vers Moulins ?,Lourdes,Moulins,62
1681,VALID,Je cherche le meilleur horaire de train Saint-Étienne Épinal,Saint-Étienne,Épinal,86
2904,INVALID,Quel temps fait-il à Montpellier ?,,,16
1889,INVALID,quartiers de lorient,,,173
1212,VALID,Train du soir Charleville-Mézières Angers,Charleville-Mézières,Angers,66
4019,INVALID,Heure locale a Douai,,,194
377,VALID,Je dois prendre le train de Charleville-Mézières pour Montreuil,Charleville-Mézières,Montreuil,45
2069,INVALID,Population étudiante Le Havre,,,193
4062,INVALID,Fontainebleau ou Ancenis pour les vacances ?,,,23
2775,INVALID,Centres éducatifs Albert,,,270
2169,INVALID,Carte adminsttrativ Tours,,,218
1491,VALID,Je pars demain de Toulouse vers Versailles,Toulouse,Versailles,37
844,VALID,Y a-t-il un TGV en fin d'après-midi Bourgoin-Jallieu Bar-le-Duc ?,Bourgoin-Jallieu,Bar-le-Duc,133
397,VALID,Je veux réserver pour le train de Challans vers Dijon,Challans,Dijon,130
3341,INVALID,Zones rurales Fécamp,,,243
3007,INVALID,Architecture de Saint-Denis,,,198
2806,INVALID,Mon ami vit à Montivilliers et moi à Chaumont,,,19
2263,INVALID,Statistiques démographiques Lille,,,245
564,VALID,Train avec wifi de Valene à Avignon,Valence,Avignon,111
3424,INVALID,Guide pratique Bordeaux,,,229
2277,INVALID,Quartiers modernes Sens,,,244
3452,INVALID,Clubs sportifs Nantes,,,215
791,VALID,Train du matin Laval Villeurbanne,Laval,Villeurbanne,29
1554,VALID,Y a-t-il un Intercités Bourgoin-Jallieu Granville ?,Bourgoin-Jallieu,Granville,57
501,VALID,Je cherche le meilleur horaire de train Angers Aix-les-Bains,Angers,Aix-les-Bains,86
1658,VALID,Je souhaite voyager de Tours vers Concarneau,Tours,Concarneau,5
3309,INVALID,Carte des quartiers Créteil,,,267
1002,VALID,Je veux le train de Saint-Denis à Chaumont le plus tôt possible,Saint-Denis,Chaumont,100
1732,VALID,Train express de Thonon-les-Bains vers Chartres,Thonon-les-Bains,Chartres,139
2057,INVALID,informations trafic vitry-le-françois,,,260
2754,INVALID,Le maire de Auray,,,24
4,VALID,je voudrais aller de angoulême à saint-brieuc en tgv,Angoulême,Saint-Brieuc,47
2388,INVALID,J'habite à Provins,,,152
807,VALID,Je dois faire Annemasse Chalon-sur-Saône en train,Annemasse,Chalon-sur-Saône,102
3909,INVALID,Centres commerciaux Saint-Omer,,,226
2641,INVALID,Cartographie Pontoise,,,237
3418,INVALID,Statistiques emploi Saint-Brieuc,,,225
3983,INVALID,Photos anciennes Vannes,,,200
1114,VALID,Je veux le prochain départ en train de Les Sables-d'Olonne pour Toulouse,Les Sables-d'Olonne,Toulouse,122
3862,INVALID,code postal segre,,,176
1859,INVALID,carte administrative port-boulet,,,218
1949,INVALID,carte interactive verdun,,,240
2841,INVALID,JJe suis né à Dijon,,,185
2950,INVALID,Mon ami vit à Auray et moi à Nantes,,,154
1318,VALID,Billet de train Arras Modane pour aujourd'hui,Arras,Modane,40
3243,INVALID,Cinéma à Calais,,,216
2810,INVALID,Population totale Aix-les-Bains,,,252
4101,INVALID,Parc celebre a Charleville-Mezieres,,,203
2870,INVALID,Météo actuelle à Aurillac,,,167
1929,INVALID,quel temps fait-il à nice ?,,,151
1292,VALID,Train express de Courbevoie vers Nantes,Courbevoie,Nantes,139
55,VALID,je dois être à toul avant midi en partant de lens,Lens,Toul,88
911,VALID,Je cherche un train pour demain de Poitiers à Chartres,Poitiers,Chartres,75
3730,VALID,train express de dinan vers pontarlier,Dinan,Pontarlier,139
429,VALID, Derrnieer train ed Buolognes-ur-Mer vers Blois,Boulogne-sur-Mer,Blois,42
1025,VALID,Y a-t-il un train de nuit entre Montpellier et Le Mans ?,Montpellier,Le Mans,149
3785,VALID,train de fin de journee marseille vers saint-nazaire,Marseille,Saint-Nazaire,147
1711,VALID,Train rapide de Châteaubriant à Cherbourg,Châteaubriant,Cherbourg,46
1853,INVALID,parc célèbre à calais,,,203
1402,VALID,Je dois mee rendre à Étampes epuis Angers een TTV,Angers,Étampes,144
1102,VALID,Un billet de train pour aller de Berck à Granville,Berck,Granville,33
2177,INVALID,Offres d'emploi Beauvais,,,246
1633,VALID,Train de fin de journée Mende vers Boulogne-Billancourt,Mende,Boulogne-Billancourt,147
3238,INVALID,Entreprise connue à Chauumonnt,,,180
810,VALID,Y a-t-il un TER Châteaubriant Saint-Brieuc ?,Châteaubriant,Saint-Brieuc,68
2359,INVALID,Zones vertes Marseille,,,224
4104,VALID,Billet de train Oyonnax Cannes pour aujourd'hui,Oyonnax,Cannes,40
217,VALID,un aller simple annecy segré,Annecy,Segré,10
3598,INVALID,Je suis né à Montreuil,,,185
1321,VALID,Je réserve unt rain de Fontenay-le-Comte à Évry,Fontenay-le-Comte,Évry,26
1458,VALID,Je veux acheter un billet de train Lons-le-Saunier Boulogne-Billancourt,Lons-le-Saunier,Boulogne-Billancourt,83
607,VALID,Y a-t-il un départ en soirée de Vienne pour Les Sables-d'Olonne ?,Vienne,Les Sables-d'Olonne,141
1537,VALID,Je veux comparer les horaires de train de Saumur à Challans,Saumur,Challans,94
3956,VALID,Je veux un train avec prises electriques Saint-Brieuc Dinan,Saint-Brieuc,Dinan,146
4011,INVALID,Bonjour,,,156
3904,VALID,Je veux partir en train de Modane a Montbeliard samedi,Modane,Montbéliard,126
3712,INVALID,zones touristiques carcassonne,,,249
3915,INVALID,Quartiers modernes Pontarlier,,,244
269,VALID,Quel train me conseillez-vous de Pontivy à Cholet ?,Pontivy,Cholet,53
3176,INVALID,Clubs sportifs Nevers,,,215
4096,INVALID,Monument celebre a Amiens,,,188
989,VALID,Train en fin d'après-midi Versailles Épinal,Versailles,Épinal,76
3966,VALID,Je veux reserver pour le train de Saint-Quentin vers Vierzon,Saint-Quentin,Vierzon,130
1936,INVALID,je travaille à vitré,,,165
2759,INVALID,Calendrier événements Évreux,,,248
2707,INVALID,Carte détaillée Vienne,,,265
2612,INVALID,Événements culturels Bolbec,,,268
1988,INVALID,guide pratique arras,,,229
2252,INVALID,Zones vertes Montivilliers,,,224
2772,INVALID,J'habit àà Lille ,,,152
480,VALID,Un billet Dieppe Beauvais s'il vous plaît,Dieppe,Beauvais,2
2517,INVALID,Je travaille à Bayonne,,,165
3016,INVALID,Actualités à Béziers,,,178
325,VALID,Je voudrais partir de Pontoise pour aller à Briançon,Pontoise,Briançon,9
1573,VALID,Billet de train Bourg-en-Bresse Aix-en-Provence pour aujourd'hui,Bourg-en-Bresse,Aix-en-Provence,40
88,VALID,je souhaite réserver un train de yvetot vers angoulême,Yvetot,Angoulême,58
3589,INVALID,Transport urbain Mulhouse,,,258
390,VALID,Prochain train pour Chinon depuis Épinal,Épinal,Chinon,13
1620,VALID,Je dois me déplacer de Toulon à Carcassonne en train,Toulon,Carcassonne,65
1236,VALID,Y a-t-il un train vers midi de Arras à Quimper ?,Arras,Quimper,137
2477,INVALID,Plan de ville Lourdes,,,206
2773,INVALID,Cartographie Dijon,,,237
674,VALID,Je veux voyager confortablement de Périgueux vers Tourcoing,Périgueux,Tourcoing,104
3083,INVALID,Je suis né à Chambéry,,,185
2356,INVALID,Centres culturels Tourcoing,,,254
2097,INVALID,Office du tourisme Vitré,,,205
1596,VALID,Train avec wifi de Laval à Bourg-en-Bresse,Laval,Bourg-en-Bresse,111
2597,INVALID,Quartiers modernes Soissons,,,244
2286,INVALID,Calendrier événements La Rochelle,,,248
2013,INVALID,population urbaine lens,,,266
741,VALID,Y a-t-il des trains disponibles de Soissons à Fontainebleau ?,Soissons,Fontainebleau,50
1133,VALID,Y a-t-il des trains en semaine de Lons-le-Saunier à Aubenas ?,Lons-le-Saunier,Aubenas,74
281,VALID,Train rapide de Évry à Loches,Évry,Loches,46
578,VALID,Je veux réserver pour le train de Saint-Denis vers Les Sables-d'Olonne,Saint-Denis,Les Sables-d'Olonne,130
262,VALID,y a-t-il un train toutes les heures de yvetot à toulouse ?,Yvetot,Toulouse,89
3298,INVALID,Je travaille à Auch,,,165
2595,INVALID,Office du tourisme Chartres,,,205
2476,INVALID,Beauvais est magnifique en été,,,162
2678,INVALID,La distance entre Vienne et Cholet,,,276
2871,INVALID,Calendrier événements Lannion,,,248
3729,VALID,y a-t-il un train dans l'heure de beauvais vers villeurbanne ?,Beauvais,Villeurbanne,80
1097,VALID,Je réserve un train de Versailles à Chaumont,Versailles,Chaumont,26
2630,INVALID,Hôtel disponible à Biarritz,,,163
1843,INVALID,centres commerciaux blois,,,226
2495,INVALID,Centres de loisirs Abbeville,,,262
4001,INVALID,Informations ggeneralees Renne,,,275
3184,INVALID,Meilleur moment pour visiter Créteil,,,197
1797,INVALID,actiivités nocturnes bourgoin-jallieu,,,255
2570,INVALID,Espaces verts Marseille,,,239
524,VALID,Y a-t-il un train rapide sans arrêt Saint-Quentin Auray ?,Saint-Quentin,Auray,113
1702,VALID,Train du matin Louviers Soissons,Louviers,Soissons,29
3580,INVALID,Statistiques économiques Vichy,,,272
1707,VALID,Je veux voyager confortablement de Saumur vers Ajaccio,Saumur,Ajaccio,104
224,VALID,prochain train pour montélimar depuis pontarlier,Pontarlier,Montélimar,13
2899,INVALID,Bonjour,,,156
2,VALID,je souhaite prendre un train en début d'après-midi de hazebrouck à valenciennes,Hazebrouck,Valenciennes,110
1468,VALID,Je veux réserver une place dans le train Dinan Nancy,Dinan,Nancy,90
1922,INVALID,ambassade à berck,,,184
998,VALID,Un billet pour le train Châteauroux Chambéry,Châteauroux,Chambéry,51
1420,VALID,Je veux un train rapide de Dunkerque à Toul,Dunkerque,Toul,35
2049,INVALID,quartiers historiques chambéry,,,227
1669,VALID,Je veux partir en milieu de soirée de Metz pour Bordeaux,Metz,Bordeaux,150
602,VALID,Un billet de train pour aller de Lunéville à Chambéry,Lunéville,Chambéry,33
2167,INVALID,Marché local Aix-les-Bains,,,202
3980,INVALID,Evenements culturels Lyon,,,268
3470,INVALID,Office postal Manosque,,,221
4029,INVALID,Entreprise connue a Nantes,,,180
4111,INVALID,Carte generale Saumur,,,257
585,VALID,Billet de train Montargis Vannes pour aujourd'hui,Montargis,Vannes,40
696,VALID,Train en fin d'après-midi Ancenis Châteaubriant,Ancenis,Châteaubriant,76
1578,VALID,Y a-t-il un TGV direct Courbevoie Albi ?,Courbevoie,Albi,93
769,VALID,Y a-t-il un Ouigo de Rouen vers Beauvais ?,Rouen,Beauvais,109
2634,INVALID,Guide local Dinan,,,269
1323,VALID,Je cherche un train après 18h de Privas vers Metz,Privas,Metz,98
620,VALID,Je veux le train de Bar-le-Duc à Bayonne le plus tôt possible,Bar-le-Duc,Bayonne,100
595,VALID,Prochain départ de Vernon pour Pontivy,Vernon,Pontivy,27
3633,INVALID,Festival à Biarritz,,,189
3368,INVALID,Guide local Chaumont,,,269
1503,VALID,Y a-t-il des trains en semaine de Cherbourg à Montivilliers ?,Cherbourg,Montivilliers,74
1649,VALID,Je dois voyager de Ancenis à Montbéliard ce week-end,Ancenis,Montbéliard,77
1403,VALID,Train de Strasbourg à Vitré cet après-midi,Strasbourg,Vitré,59
3616,INVALID,Économie de Arles,,,199
1892,INVALID,informations locales lons-le-saunier,,,241
221,VALID,je pars de briançon direction auch,Briançon,Auch,12
366,VALID,Je veuxel traain avec le meilleur confot Bourgg-en-Brsse Vienne,Bourg-en-Bresse,Vienne,138
499,VALID,Je dois aller de Grenoble à Belfort ce soir,Grenoble,Belfort,39
1762,VALID,Je souhaite prendre un train en début d'après-midi de Vendôme à Toulouse,Vendôme,Toulouse,110
4021,VALID,Train regional de Aurillac a Alencon,Aurillac,Alençon,87
1933,INVALID,carte touristique de aix-en-provence,,,164
2900,INVALID,Je suis né à Moulins,,,185
1902,INVALID,zones commerciales orléans,,,263
308,VALID,Je veux un train confortable de Montbéliard à Meaux,Montbéliard,Meaux,69
2954,INVALID,Langue parlée à Évreux,,,175
3020,INVALID,Statistiques météo Sens,,,204
3552,INVALID,Zones commerciales Metz,,,263
204,VALID,quels sont les horaires de train colmar boulogne-billancourt ?,Colmar,Boulogne-Billancourt,8
2281,INVALID,Activités nocturnes Montreuil,,,255
2441,INVALID,Associations locales Soissons,,,236
871,VALID,Je vais de Épinal à Clermont-Ferrand en train,Épinal,Clermont-Ferrand,52
3767,VALID,train avec peu de monde de versailles a le puy-en-velay,Versailles,Le Puy-en-Velay,97
1334,VALID,Y a-t-il des trains disponibles de Boulogne-Billancourt à Saint-Étienne ?,Boulogne-Billancourt,Saint-Étienne,50
3694,VALID,y a-t-il un train dans l'heure de les sables-d'olonne vers epinal ?,Les Sables-d'Olonne,Épinal,80
300,VALID,Je veux prendre le train de Pau à Aurillac,Pau,Aurillac,28
883,VALID,Je cherche lee train le moins cher de Quimper à Fontena-yle-oCmte ,Quimper,Fontenay-le-Comte,54
2446,INVALID,Agenda culturel Mâcon,,,233
3531,INVALID,Carte scolaire Privas,,,230
1965,INVALID,statistiques économiques elbeuf,,,272
1148,VALID,Quelle est la fréquence des trains Auray Châteauroux ?,Auray,Châteauroux,72
3976,INVALID,Cout de la vie Douai,,,209
801,VALID,Je cherche le meilleur horaire de train Roubaix Le Puy-en-Velay,Roubaix,Le Puy-en-Velay,86
733,VALID,Y a-t-il un train avant 8h de Bar-le-Duc à Antibes ?,Bar-le-Duc,Antibes,103
144,VALID,billet de train aller-retour nîmes maubeuge,Nîmes,Maubeuge,78
161,VALID, tarin avec restauration de tours à orange,Tours,Orange,135
981,VALID,Je dois voyager en train de Blois vers Bar-le-Duc mercredi,Blois,Bar-le-Duc,136
91,VALID,y a-t-il un ter aurillac calais ?,Aurillac,Calais,68
297,VALID,Je réserve un train de Dinan à Pontivy,Dinan,Pontivy,26
3607,INVALID,Carte des routes Pontarlier,,,223
2314,INVALID,Hôpitaux à Auray,,,222
3692,INVALID,hotl disponible a villeurbanne,,,163
1502,VALID,Quel train me conseillez-vous de Bolbec à Ajaccio ?,Bolbec,Ajaccio,53
3409,INVALID,Carte touristique de Aix-les-Bains,,,164
624,VALID,Je veux partir de Albert et descendre à Toulon,Albert,Toulon,108
1241,VALID,Train de début de soirée Épinal Saint-Brieuc,Épinal,Saint-Brieuc,123
3275,INVALID,Zones industrielles Lisieux,,,231
1348,VALID,Je veux acheter mon billet pour le train Argenteuil Clisson,Argenteuil,Clisson,118
1687,VALID,Quel est le meilleur train de Béziers à Montargis ?,Béziers,Montargis,44
1256,VALID,Je souhaite prendre un train en début d'après-midi de Villeurbanne à Lons-le-Saunier,Villeurbanne,Lons-le-Saunier,110
3799,INVALID,immobilier a brest,,,208
3545,INVALID,Carte météo Albert,,,251
3923,INVALID,Guide urbain Belfort,,,253
2760,INVALID,Monument célèbre à Louviers,,,188
375,VALID,Je veux me rendràà Fontinebleau depui sTours par le train,Tours,Fontainebleau,73
2974,INVALID,Marché local Ancenis,,,202
2670,INVALID,Mon ami vit à Pau et moi à Valenciennes,,,154
29,VALID,train de nuit romans-sur-isère rennes,Romans-sur-Isère,Rennes,36
3820,INVALID,meteo actuelle a auray,,,167
351,VALID,Billet de train aller-retour Lorient Saumur,Lorient,Saumur,78
3092,INVALID,Ambassade à Brest,,,184
1035,VALID,Je vais de Bourg-en-Bresse à Limoges en train,Bourg-en-Bresse,Limoges,52
2329,INVALID,Photo de Épinal,,,177
1135,VALID,Je veux voyager en train de Antibes à Saint-Quentin,Antibes,Saint-Quentin,43
1831,INVALID,écoles à le mans,,,213
3994,INVALID,Monument celebre a Saint-Dizier,,,188
1004,VALID,Quels sont les horaires de train Cannes Vienne ?,Cannes,Vienne,8
119,VALID,je dois me déplacer de amiens à saint-quentin en train,Amiens,Saint-Quentin,65
2622,INVALID,Carte des routes Mulhouse,,,223
1489,VALID,Je souhaite prendre le train de Pontivy pour Brest,Pontivy,Brest,32
3146,INVALID,Je déménage à Châteaubriant,,,195
1837,INVALID,la distance entre nantes et cergy,,,20
3947,INVALID,Photos anciennes Creteil,,,200
866,VALID,Train du matin Compiègne Vitry-le-François,Compiègne,Vitry-le-François,29
996,VALID,Y a-t-il un train avant 8h de Périgueux à Avignon ?,Périgueux,Avignon,103
253,VALID,je voudrais aller de lyon à moulins en tgv,Lyon,Moulins,47
2797,INVALID,Population étudiante Cherbourg,,,193
1275,VALID,Quel est le meilleur train de Compiègne à Versailles ?,Compiègne,Versailles,44
3276,INVALID,Restaurant à Albi,,,159
736,VALID,Je pars de Saint-Denis direction Vendôme,Saint-Denis,Vendôme,12
1529,VALID,Prochain départ de Modane pour Verdun,Modane,Verdun,27
3922,VALID,Y a-t-il un TER Lille Oyonnax ?,Lille,Oyonnax,68
2405,INVALID,Centres médicaux Annemasse,,,242
323,VALID,Je dois me rendre à Aubenas depuis Grenoble en TGV,Grenoble,Aubenas,144
3977,VALID,Je dois me rendre de Berck a Beauvais,Berck,Beauvais,7
795,VALID,Y a-t-il un départ vers 14h de Clermont-Ferrand pour Nice ?,Clermont-Ferrand,Nice,117
3468,INVALID,Hôtel disponible à Fécamp,,,163
2444,INVALID,Carte météo Florence,,,251
1267,VALID,Je veux voyager en train de Saint-Denis à Le Mans,Saint-Denis,Le Mans,43
2633,INVALID,Quartiers historiques Cannes,,,227
3573,INVALID,Population étudiante Ajaccio,,,193
1685,VALID,Y a-t-il des trains en semaine de Le Puy-een-Velya à Bourg-en-Bersse ?,Le Puy-en-Velay,Bourg-en-Bresse,74
1047,VALID,Y a-t-il un train toutes les heures de Béthune à Poitiers ?,Béthune,Poitiers,89
1205,VALID,Train quotidien Amiens Metz,Amiens,Metz,107
2165,INVALID,Calendrier événements Nantes,,,248
393,VALID,Train matinal de Rouen vers Vichy,Rouen,Vichy,115
256,VALID,je dois faire argenteuil bar-le-duc en train,Argenteuil,Bar-le-Duc,102
1472,VALID,Je veux acheter un billet de train Chambéry Strasbourg,Chambéry,Strasbourg,83
1796,INVALID,heure locale à albertville,,,194
3295,INVALID,Carte des routes La Rochelle,,,223
442,VALID,Un aller simple Sens Agen,Sens,Agen,10
582,VALID,Je vexu le train dee Aix-en-PProvence à Nioort le lppus tôt pssible,Aix-en-Provence,Niort,100
2394,INVALID,Code postal Angers,,,176
1875,INVALID,actualités à saint-étienne,,,178
1279,VALID, Y a-t-il un départ vers 14h de Alençon pour Tours ?,Alençon,Tours,117
2115,INVALID,Je suis né à Épernay,,,185
1906,INVALID,histoire de yvetot,,,171
109,VALID,un billet nîmes lorient s'il vous plaît,Nîmes,Lorient,2
2035,INVALID,j'habite actuellement à montivilliers,,,161
1343,VALID,Un billet Elbeuf Évry s'il vous plaît,Elbeuf,Évry,2
3157,INVALID,Météo actuelle à Poitiers,,,167
1799,INVALID,cartographie port-boulet,,,237
1207,VALID,Billet aller simple en train Bastia Pau,Bastia,Pau,70
352,VALID,Quel train prendre pour aller de Saumur à Challans ?,Saumur,Challans,84
583,VALID,Je veux prendre le train de Privas à Fougères,Privas,Fougères,28
604,VALID,Train de début de soirée Bourges Courbevoie,Bourges,Courbevoie,123
1882,INVALID,guide étudiant loches,,,201
1495,VALID,Y a-t-il un Intercités Amiens Amboise ?,Amiens,Amboise,57
2440,INVALID,Festival à Lons-le-Saunier,,,189
2859,INVALID,Carte historique Châteaubriant,,,210
4067,VALID,Je veux voyager en train de Montreuil a Tours,Montreuil,Tours,43
529,VALID,Je planifie un voyage en train de Chaumont vers Langres,Chaumont,Langres,49
3498,INVALID,Zones touristiques Albertville,,,249
2157,INVALID,J'habite actuellement à Vannes,,,161
1365,VALID,Je dois faire Étampes Nevers en train,Étampes,Nevers,102
3043,INVALID,Photos anciennes Évreux,,,200
720,VALID,Je dois me déplacer de Toulouse à Montélimar en train,Toulouse,Montélimar,65
3973,INVALID,Centres educatifs Lourdes,,,270
702,VALID,Un billet Fontainebleau Lunéville s'il vous plaît,Fontainebleau,Lunéville,2
3690,INVALID,quelle est la population de melun ?,,,155
2741,INVALID,Informations générales Bayonne,,,275
173,VALID,je veux acheter un billet de train châteaubriant angoulême,Châteaubriant,Angoulême,83
53,VALID,je cherche un train dimanche de montbéliard à tarbes,Montbéliard,Tarbes,132
3514,INVALID,Parc célèbre à Auray,,,203
577,VALID,Train de Rouen à Boulogne-Billancourt cet après-midi,Rouen,Boulogne-Billancourt,59
726,VALID,Je cherche le meilleur horaire de train Cherbourg Lille,Cherbourg,Lille,86
1376,VALID,Je pars en train de Arles vers Vitré,Arles,Vitré,71
2043,INVALID,hôtel pas cher à gap,,,170
3103,INVALID,Journaux locaux Tarbes,,,192
2584,INVALID,La distance entre Ancenis et Saintt-Quentn,,,20
1058,VALID,Je cherche un train dimanche de Albi à Mâcon,Albi,Mâcon,132
2298,INVALID,Patrimoine culturel Compiègne,,,232
2206,INVALID,Zones touristiques Le Puy-en-Velay,,,249
2697,INVALID,Population étudiante Bordeaux,,,193
3203,INVALID,Statistiques démographiques Blois,,,245
2971,INVALID,Activitésncturnes Vichy,,,255
928,VALID,Train de fin de journée Chinon vers Béthune,Chinon,Béthune,147
3958,VALID,Je veux un train confortable de Vitre a Soissons,Vitré,Soissons,69
2918,INVALID,Écoles à Chartres,,,213
4027,INVALID,Quelle est la population de Albertville ?,,,22
96,VALID,je souhaite prendre le train de morlaix pour douai,Morlaix,Douai,32
1918,INVALID,économie de berck,,,199
152,VALID,train direct sans correespondanec dijon concarneau,Dijon,Concarneau,82
2951,INVALID,Festival à Saumur,,,189
2030,INVALID,centres de loisirs saint-denis,,,262
1463,VALID,Train avec peu de correspondances de Melun vers Nancy,Melun,Nancy,127
2844,INVALID,Économie de Concarneau,,,199
1915,INVALID,cclmat de anggoulême,,,186
1029,VALID,Quel est le prix du billet de train Boulogne-Billancourt Aix-les-Bains ?,Boulogne-Billancourt,Aix-les-Bains,105
1786,INVALID,le maire de mende,,,158
2363,INVALID,Épernay est une belle ville,,,153
3974,VALID,Train avec wifi de Boulogne-sur-Mer a Niort,Boulogne-sur-Mer,Niort,111
3449,INVALID,Population active Clisson,,,220
76,VALID,train express de chambéry vers brest,Chambéry,Brest,139
2770,INVALID,La distance entre Niort et Nîmes,,,276
172,VALID,je pars de clisson direction cherbourg,Clisson,Cherbourg,12
3302,INVALID,Musée célèbre à Lisieux,,,166
855,VALID,Je voudrais connaître les horaires de train de Vierzon à Briançon,Vierzon,Briançon,67
3085,INVALID,Meilleur moment pour visiter Roubaix,,,197
2992,INVALID,Restaurant à Manosque,,,159
2985,INVALID,Bonjour,,,156
1542,VALID,Tarin de fin d ejournéée Dieppe ves Boulogne-Billancourt,Dieppe,Boulogne-Billancourt,147
1329,VALID,Je veux le train le plus rapide de Saint-Nazaire à Chambéry,Saint-Nazaire,Chambéry,79
649,VALID,Train régional de Provins à Boulogne-sur-Mer,Provins,Boulogne-sur-Mer,87
2324,INVALID,Carte des routes Boulogne-Billancourt,,,223
519,VALID,Je souhaite réserver un train de Verdun vers Vichy,Verdun,Vichy,58
743,VALID,Train du matin Montivilliers Moulins,Montivilliers,Moulins,29
3123,INVALID,Photo de Paris,,,177
1281,VALID,Trajet de Aix-en-Provence vers Lourdes,Aix-en-Provence,Lourdes,11
3235,INVALID,Informations pratiques Vitré,,,256
1028,VALID,Je veux voyager confortablement de Belfort vers Fécamp,Belfort,Fécamp,104
1541,VALID,Je cherche un train pour demain de Limoges à Aurillac,Limoges,Aurillac,75
948,VALID,Y a-t-il un train toutes les deux heures de Châteauroux à Perpignan ?,Châteauroux,Perpignan,145
2485,INVALID,Statistiques emploi Aix-les-Bains,,,225
2290,INVALID,Plan de ville Arles,,,206
593,VALID,Train avec wifi de Montpellier à Agen,Montpellier,Agen,111
2571,INVALID,Théâtre à Bastia,,,217
215,VALID,je voudrais aller de vierzon à épinal en tgv,Vierzon,Épinal,47
2240,INVALID,Quartier sûr à Toul,,,190
2139,INVALID,Le maire de Paris,,,24
2881,INVALID,Histoire de Valenciennes,,,171
3036,INVALID,Zones touristiques Dole,,,219
3113,INVALID,Hôtel pas cher à Lisieux,,,170
3945,INVALID,Evenements culturels Beziers,,,268
3979,INVALID,Plan de ville Saint-Malo,,,206
722,VALID,Départ Nice arrivée Blois,Nice,Blois,15
1842,INVALID,patrimoine culturel granville,,,232
1524,VALID,Je veux me rendre à Mâcon depuis Bayonne par le train,Bayonne,Mâcon,73
379,VALID,Je veux me rendre à Fougères depuis Vierzon par le train,Vierzon,Fougères,73
4008,INVALID,Parc celebre a Maubeuge,,,203
2369,INVALID,Zones touristiques Metz,,,219
108,VALID,je veux acheter mon billet pour le train digne-les-bains privas,Digne-les-Bains,Privas,118
2701,INVALID,Espaces verts Vienne,,,239
1913,INVALID,spécialités culinaires briançon,,,187
170,VALID,y a-t-il un train toutes les heures de nancy à avignon ?,Nancy,Avignon,89
3666,INVALID,Meilleur moment pour visiter Manosque,,,197
513,VALID,Train avec le moins de correspondances Dole Melun,Dole,Melun,55
540,VALID,Je dois voyager de Meaux à Port-Boulet ce week-end,Meaux,Port-Boulet,77
2519,INVALID,Activités nocturnes Chartres,,,255
3599,INVALID,Clubs sportifs Saint-Brieuc,,,215
2703,INVALID,Zones industrielles Thonon-les-Bains,,,231
1520,VALID,Premier train Dole Rodez,Dole,Rodez,41
1401,VALID,Train avec places assises garanties Fougères Arles,Fougères,Arles,119
1972,INVALID,qaurtier sûr à briançon,,,190
719,VALID,Prochain départ de Strasbourg pour Rouen,Strasbourg,Rouen,27
2297,INVALID,Zones commerciales Mâcon,,,263
3136,INVALID,Marché local Évreux,,,202
767,VALID,Y a-t-il un train l'après-midi de Montpellier à Segré ?,Montpellier,Segré,121
1925,INVALID,statistiques météo nîmes,,,204
2943,INVALID,Informations locales Concarneau,,,241
2414,INVALID,Informations locales Courbevoie,,,241
3954,INVALID,Quartiers modernes Angouleme,,,244
2058,INVALID,niort est une belle ville,,,18
2074,INVALID,Bibliothèque à Aix-en-Provence,,,212
2491,INVALID,Hôtel disponible à Aurillac,,,163
703,VALID,Train avec peu de monde de Vernon à Mende,Vernon,Mende,97
51,VALID,je vais de toulon à morlaix en train,Toulon,Morlaix,52
1708,VALID,Billet de train Pau Laval pour aujourd'hui,Pau,Laval,40
3640,INVALID,Espaes verts Claasi,,,239
773,VALID,Je prends le train de Elbeuf à Amiens,Elbeuf,Amiens,61
1155,VALID,Train quotidien Dole Albert,Dole,Albert,107
4075,VALID,Train en milieu de journee Abbeville Langres,Abbeville,Langres,101
1395,VALID,Je veux un billet flexible Vierzon Montélimar,Vierzon,Montélimar,114
3033,INVALID,Carte de Laval,,,169
2016,INVALID,patrimoine culturel argenteuil,,,232
453,VALID,Y a-t-il un TER Alençon Pontarlier ?,Alençon,Pontarlier,68
3603,INVALID,Centres culturels Strasbourg,,,254
3908,INVALID,Zones industrielles Antibes,,,231
800,VALID,Je dois voyager de Maubeuge à Périgueux ce week-end,Maubeuge,Périgueux,77
3691,INVALID,evenements culturels besancon,,,268
207,VALID,je cherche un train pour la semaine prochaine de renobel à mulhose,Grenoble,Mulhouse,106
1642,VALID,Y a-t-il un TGV en fin d'après-midi Carcassonne Metz ?,Carcassonne,Metz,133
2873,INVALID,Angoulême est une belle ville,,,153
3410,INVALID,Statistiques économiques Chartres,,,272
2506,INVALID,J'habite à Épinal,,,152
997,VALID,Je dois aller de Perpignan à Vendôme ce soir,Perpignan,Vendôme,39
2138,INVALID,Centres éducatifs Antibes,,,270
774,VALID,Train en fin d'après-midi Nîmes Évry,Nîmes,Évry,76
2682,INVALID,Centres culturels Vitré,,,254
747,VALID,Je pars demain de Annemasse vers Vierzon,Annemasse,Vierzon,37
2880,INVALID,Statistiques locales Lons-le-Saunier,,,261
175,VALID,je dois voyager en train de louviers vers vernon mercredi,Louviers,Vernon,136
2371,INVALID,Immobilier à Angers,,,208
1020,VALID,Je veux un train avec prises électriques Saint-Dizier Lisieux,Saint-Dizier,Lisieux,146
340,VALID,Train du soir Saint-Nazaire Évry,Saint-Nazaire,Évry,66
746,VALID,Train matinal de Amiens vers Créteil,Amiens,Créteil,115
1406,VALID,Quel est le prix du billet de train Calais Lorient ?,Calais,Lorient,105
2743,INVALID,Agenda culturel Toulouse,,,233
2836,INVALID,Je vis à Chalon-sur-Saône,,,168
3831,INVALID,associations locales agen,,,236
2272,INVALID,Le maire de Bar-le-Duc,,,158
780,VALID,Je vais de Gap à Vichy en train,Gap,Vichy,52
2851,INVALID,aL distance entre Perpignan et Boourg-en-Bressse,,,276
2712,INVALID,Espaces verts Cholet,,,239
333,VALID,Je cherche le meilleur horaire de train Fougères Auxerre,Fougères,Auxerre,86
3852,VALID,train de fin de matinee provins argenteuil,Provins,Argenteuil,131
2425,INVALID,Heure locale à Dole,,,194
3870,INVALID,associations locales les sables-d'olonne,,,236
2563,INVALID,Statistiques météo Créteil,,,204
3108,INVALID,Pontarlier ou Valenciennes pour les vacances ?,,,23
3274,INVALID,Statistiques météo Nevers,,,204
1794,INVALID,bibliothèque à pontivy,,,212
2219,INVALID,Informations pratiques Charleville-Mézières,,,256
3631,INVALID,Météo actuelle à Lannion,,,167
2769,INVALID,Zones touristiques Lunéville,,,219
3380,INVALID,Hôpitaux à Châteaubriant,,,222
1639,VALID,Train en milieu de journée Cambrai Béziers,Cambrai,Béziers,101
287,VALID,Je souhaite partir de Chinon et arriver à Bolbec,Chinon,Bolbec,81
2421,INVALID,Centres éducatifs Hazebrouck,,,270
1238,VALID,Y a-t-il un départ en soirée de Segré pour Annemasse ?,Segré,Annemasse,141
387,VALID,Je veux voyager confortablement de Soissons vers Montpellier,Soissons,Montpellier,104
1560,VALID,Je veux le prochain déépart en trai de  Vitry-le-FFrançois pour Albi,Vitry-le-François,Albi,122
840,VALID,Train matinal de Auch vers Lille,Auch,Lille,115
572,VALID,Dernier train de Montivilliers vers Bolbec,Montivilliers,Bolbec,42
1385,VALID,Train du matin Quimper Modane,Quimper,Modane,29
1359,VALID,Quelle est la durée du trajet en train de Albi à Charleville-Mézières ?,Albi,Charleville-Mézières,31
1380,VALID,Train en fin d'après-midi Tours Nancy,Tours,Nancy,76
2006,INVALID,histoire de aubens,,,171
2709,INVALID,Carte scolaire Besançon,,,230
3055,INVALID,Je déménage à Pau,,,195
1519,VALID,Prochain TGV de Tarbes pour Dunkerque,Tarbes,Dunkerque,95
1358,VALID,Je dois voyager en trai nde Ambiose vers Bayonne mrecredi,Amboise,Bayonne,136
1994,INVALID,le maire de pontivy,,,24
1410,VALID,Je veux réserver pour le train de Montélimar vers Fécamp,Montélimar,Fécamp,130
11,VALID,je dois me rendre de montpellier à valence,Montpellier,Valence,7
3585,INVALID,Restaurant à Annemasse,,,25
2882,INVALID,Université à Le Mans,,,179
1536,VALID,Un aller simple Strasbourg Le Puy-en-Velay,Strasbourg,Le Puy-en-Velay,10
1184,VALID,Quel train me conseillez-vous de Lons-le-Saunier à Montivilliers ?,Lons-le-Saunier,Montivilliers,53
1464,VALID,Train de Montivilliers à Chalon-sur-Saône cet après-midi,Montivilliers,Chalon-sur-Saône,59
2510,INVALID,J'habite actuellement à Poarlier,,,161
2614,INVALID,Carte météo Villeurbanne,,,251
1244,VALID,Y a-t-il un train toutes les deux heures de Montivilliers à Pontivy ?,Montivilliers,Pontivy,145
2458,INVALID,Centres commerciaux Fontenay-le-Comte,,,226
3584,INVALID,Architecture de Oyonnax,,,198
3903,INVALID,Evenements sportifs Vannes,,,250
431,VALID,Y a-t-il n dépar vers 14h de Vienne pour Segré ?,Vienne,Segré,117
1706,VALID,Je voudrais connaître les horaires de train de Reims à Albert,Reims,Albert,67
2420,INVALID,Zones touristiques Châlons-en-Champagne,,,249
2210,INVALID,Cinéma à Montpellier,,,216
4047,INVALID,Theatre a Cergy,,,217
4079,VALID,Y a-t-il un depart en soiree de Orange pour Montargis ?,Orange,Montargis,141
3689,INVALID,meilleur moment pour visiter chateaubriant,,,197
2998,INVALID,Associations locales Valence,,,236
1996,INVALID,cambrai ou arras pour les vacances ?,,,23
186,VALID,je veux un train rapide de charleville-mézières à toulouse,Charleville-Mézières,Toulouse,35
3671,INVALID,Hôpitaux à Lourdes,,,222
1907,INVALID,transports locaux lunéville,,,273
2580,INVALID,Musée à visiter à Manosque,,,172
3427,INVALID,Quel temps fait-il à Arles ?,,,16
254,VALID,train avec peu de corrrespondances d elyon vers albert,Lyon,Albert,127
1268,VALID,Je cherche un train pour la semaine prochaine de Vienne à Rodez,Vienne,Rodez,106
3619,INVALID,Photos anciennes Poitiers,,,200
2480,INVALID,Je suis né à Lunéville,,,185
2719,INVALID,Carte des quartiers Biarritz,,,267
3486,INVALID,Quelle heure est-il à Belfort ?,,,160
608,VALID,Train de nuit Le Havre Bastia,Le Havre,Bastia,36
4045,VALID,Quel train me conseillez-vous de Angers a Briancon ?,Angers,Briançon,53
3860,INVALID,cartographie avranches,,,237
3373,INVALID,Agenda culturel Romans-sur-Isère,,,233
2927,INVALID,Transport urbain Albi,,,258
202,VALID,y a-t-il un départ en début de soirée de montpellier pour saumur ?,Montpellier,Saumur,85
2608,INVALID,Mon ami vit à Blois et moi à Abbeville,,,154
1759,VALID,À quelle heure arrive le train à Vienne depuis Thonon-les-Bains ?,Thonon-les-Bains,Vienne,48
3174,INVALID,Associations locales Thonon-les-Bains,,,236
623,VALID,Je cherche à voyager de Pontarlier à Antibes en TER,Pontarlier,Antibes,148
1768,VALID,Je veux réserver pour le train de Dunkerque vers Amiens,Dunkerque,Amiens,130
661,VALID,Je veux comparer les horaires de train de Cherbourg à Romans-sur-Isère,Cherbourg,Romans-sur-Isère,94
3115,INVALID,Valenciennes est une belle ville,,,18
3463,INVALID,Restaurant à Blois,,,25
1557,VALID,Je veux le train de Rouen à Nantes le plus tôt possible,Rouen,Nantes,100
201,VALID,train du matin chambéry soissons,Chambéry,Soissons,29
3231,INVALID,La distance entre Saint-Nazaie t Saumur,,,276
2422,INVALID,Services publics Chalon-sur-Saône,,,234
1518,VALID,Je veux arriver à Verdun depuis Lille,Lille,Verdun,63
1840,INVALID,je travaille à cannes,,,165
1392,VALID,Je réserve un train de Grenoble à Montargis,Grenoble,Montargis,26
2229,INVALID,Espaces verts Dunkerque,,,239
1682,VALID,Billet de train Limoges Laval pour aujourd'hui,Limoges,Laval,40
2091,INVALID,Je suis né à Amboise,,,185
1021,VALID,Je veux partir en train de Lens à Abbeville samedi,Lens,Abbeville,126
3731,INVALID,statistiques demographiques avignon,,,245
1867,INVALID,le maire de cannes,,,158
3496,INVALID,Mon ami vit à Montpellier et moi à Beauvais,,,19
278,VALID,Je pends le train de Luunéville àDunkerque,Lunéville,Dunkerque,61
22,VALID,y a-t-il un ter rouen étampes ?,Rouen,Étampes,68
2939,INVALID,Carte des quartiers Metz,,,267
2304,INVALID,Évry ou Concarneau pour les vacances ?,,,157
2911,INVALID,Guide touristique Melun,,,183
2320,INVALID,Mon ami vit à Meaux et moi à Loches,,,19
2664,INVALID,Parc célèbre à Clermont-Ferrand,,,203
3053,INVALID, Pan d eville Aubenas,,,206
2656,INVALID,Restaurant à Biarritz,,,159
1085,VALID,Train avec wifi de Bolbec à Châlons-en-Champagne,Bolbec,Châlons-en-Champagne,111
3800,INVALID,nice est une belle ville,,,153
3213,INVALID,Shopping à Albertville,,,182
1962,INVALID,la distance entre port-boulet et saint-dizier,,,276
1075,VALID,Je oudrais connaîtr eles horaires de train de Dijon àCh artres,Dijon,Chartres,67
2916,INVALID,Bonjour,,,156
3201,INVALID,Carte scolaire Chinon,,,230
740,VALID,TTrain réginoal de Concareau à Aubeas,Concarneau,Aubenas,87
1538,VALID,Train matinal de Lunéville vers Elbeuf,Lunéville,Elbeuf,115
838,VALID,Je souhaite réserver un train de Lannion vers Châteaubriant,Lannion,Châteaubriant,58
2638,INVALID,Photo de Saint-Omer,,,177
1828,INVALID,quartier sûr à chalon-sur-saône,,,190
2547,INVALID,Carte ddes routes Meaux,,,223
2322,INVALID,Guide local Vitré,,,269
1434,VALID,Y a-t-il un train vers midi de Compiègne à Verdun ?,Compiègne,Verdun,137
2224,INVALID,Montauban est une belle ville,,,153
2908,INVALID,Langue parlée à Bordeaux,,,175
2103,INVALID,Informations locales Arles,,,241
2959,INVALID,Activités culturelles Auray,,,247
343,VALID,Y a-t-il un train vers midi de Vitré à Vannes ?,Vitré,Vannes,137
357,VALID,Je veux partir en milieu de soirée de Yvetot pour Louviers,Yvetot,Louviers,150
3189,INVALID,J'habite actuellement à Charleville-Mézières,,,161
3577,INVALID,Bonjour,,,21
1103,VALID,Je veux un train confortable de Laon à Alençon,Laon,Alençon,69
3968,INVALID,Je vis a Beauvais,,,168
1671,VALID,Train rapide de Lyon à Beauvais,Lyon,Beauvais,46
1556,VALID,Je veux partir en train de Saint-Étienne à Évreux samedi,Saint-Étienne,Évreux,126
4090,VALID,Y a-t-il un train tot le matin de Rodez vers Charleville-Mezieres ?,Rodez,Charleville-Mézières,62
3574,INVALID,Bonjour,,,21
3667,INVALID,Architecture de Metz,,,198
111,VALID,train en milieu de journée chalon-sur-saône meaux,Chalon-sur-Saône,Meaux,101
14,VALID,un billet de train pour aaller de lisieux à le mans,Lisieux,Le Mans,33
2529,INVALID,Je rtavaille àà Beauvais,,,165
227,VALID, e veux réserverr por le train de bourg-en-bresse vers aurillac,Bourg-en-Bresse,Aurillac,130
938,VALID,Je souhaite prendre le train de Les Sables-d'Olonne pour Pontoise,Les Sables-d'Olonne,Pontoise,32
3856,INVALID,espaces verts mulhouse,,,239
1350,VALID,Je veux arriver à Oyonnax depuis Compiègne,Compiègne,Oyonnax,63
1172,VALID,Je veux voyager confortablement de Aurillac vers Lourdes,Aurillac,Lourdes,104
3017,INVALID,Carte de BBrest,,,169
2321,INVALID,Office du tourisme Arles,,,205
28,VALID,je voudrais aller de soissons à mende en tgv,Soissons,Mende,47
937,VALID,Un billet Versailles Aurillac s'il vous plaît,Versailles,Aurillac,2
1412,VALID,Dernier train de Roubaix vers Dunkerque,Roubaix,Dunkerque,42
3214,INVALID,Événements culturels Lisieux,,,268
833,VALID,Je souhaite parti en milieu de matinée de Abbeville vers Meaux,Abbeville,Meaux,92
2715,INVALID,Quartiers historiques Besançon,,,227
2551,INVALID,Office du tourisme Vienne,,,205
2073,INVALID,Hôtel pas cher à Aix-les-Bains,,,170
4098,INVALID,Immobilier a Macon,,,208
664,VALID,Je dois me rendre de Saumur à Port-Boulet,Saumur,Port-Boulet,7
1630,VALID,Je pars en train de Lunéville vers  Colmarr ,Lunéville,Colmar,71
1982,INVALID,carte détaillée montivilliesr,,,265
2952,INVALID,Population active Le Puy-en-Velay,,,220
3002,INVALID,Carte des quartiers Clermont-Ferrand,,,267
1144,VALID,Je veux acheter un billet de train Aix-en-Provence Nîmes,Aix-en-Provence,Nîmes,83
4040,VALID,Je veux prendre le train de Perigueux a Auxerre,Périgueux,Auxerre,28
1344,VALID,Je pars de Laval direction Auch,Laval,Auch,12
3495,INVALID,La distance entre Auxerre et Châteauroux,,,276
3798,INVALID,le maire de soissons,,,158
658,VALID,Départ Morlaix arrivée Verdun,Morlaix,Verdun,15
1603,VALID,Y a-t-il des trains disponibles de Aurillac à Strasbourg ?,Aurillac,Strasbourg,50
890,VALID,Train avec peu de correspondances de Fontainebleau vers Provins,Fontainebleau,Provins,127
291,VALID,Je veux acheter un billet de train Lyon Fontenay-le-Comte,Lyon,Fontenay-le-Comte,83
2526,INVALID,Carte  scolaire Segré,,,230
2669,INVALID,Photos anciennes Chartres,,,200
3821,VALID,train de debut de soiree beziers cergy,Béziers,Cergy,123
1448,VALID,Y a-t-il un départ vers 14h de Lens pour Rodez ?,Lens,Rodez,117
222,VALID,je dois me rendre de saint-denis à belfort,Saint-Denis,Belfort,7
105,VALID,je réserve un train de thonon-les-bains à calais,Thonon-les-Bains,Calais,26
2063,INVALID,Carte des routes Fontainebleau,,,223
2237,INVALID,Statistiques économiques Niort,,,272
1835,INVALID,code potsal cholet,,,176
3895,VALID,je cherche u ntrain pour demain de langres a cherbourg,Langres,Cherbourg,75
316,VALID,Je souhaite partir de Saint-Denis et arriver à Boulogne-sur-Mer,Saint-Denis,Boulogne-sur-Mer,81
2498,INVALID,Statistiques emploi Arras,,,225
1989,INVALID,statistiqes économiques mâcon,,,272
2064,INVALID,Centres de loisirs Le Mans,,,262
2909,INVALID,ôpHitaaux à oFugères ,,,222
1888,INVALID,services publics boulogne-sur-mer,,,234
3456,INVALID,Associations locales Dieppe,,,236
1614,VALID,Train de Cannes à Tarbes cet après-midi,Cannes,Tarbes,59
3581,INVALID,Agenda culturel Vierzon,,,233
2906,INVALID,Activités sportives Gap,,,264
1001,VALID,Je souhaite partir en milieu de matinée de Roamns-sur-Isère vers Saint-Denis,Romans-sur-Isère,Saint-Denis,92
2455,INVALID,Acitvitésnocturns Cambrai,,,255
878,VALID,Départ Perpignan arrivée Aubenas,Perpignan,Aubenas,15
3500,INVALID,Population étudiante Nantes,,,193
3272,INVALID,Carte interactive Agen,,,240
2668,INVALID,Quartiers de Antibes,,,173
2306,INVALID,Concert prévu à Port-Boulet,,,174
177,VALID,train de fin de journée vernon vers nevers,Vernon,Nevers,147
575,VALID,Y a-t-il un départ vers 14h de Fécamp pour Étampes ?,Fécamp,Étampes,117
2905,INVALID,Office postal Bolbec,,,221
36,VALID,je cherche le meilleur horaire de train saint-denis lens,Saint-Denis,Lens,86
168,VALID,comment rejoindre reims depuis mende en train ?,Mende,Reims,38
412,VALID,Quelle est la fréquence des trains Laval Metz ?,Laval,Metz,72
60,VALID,je voudrais partir de vannes pour aller à bolbec,Vannes,Bolbec,9
1766,VALID,Je pars de Montpellier direction Orléans,Montpellier,Orléans,12
1728,VALID,À quelle heure arrive le train à Grenoble depuis Mâcon ?,Mâcon,Grenoble,48
3429,INVALID,Rouen ou Metz pour les vacances ?,,,157
3095,INVALID,Agenda culturel RRommanss-r-Isère,,,233
4007,VALID,Je dois voyager en train de Romans-sur-Isere vers Reims mercredi,Romans-sur-Isère,Reims,136
3045,INVALID,Guide étudiant Cherbourg,,,201
1429,VALID,Je souhaite voyager de Cholet vers Tarbes,Cholet,Tarbes,5
1118,VALID,Y a-t-il un train toutes les deux heures de Nice à Dinan ?,Nice,Dinan,145
1451,VALID,Y a-t-il un Intercités Chaumont Strasbourg ?,Chaumont,Strasbourg,57
1261,VALID,Je planifie un voyage en train de Charleville-Mézières vers Modane,Charleville-Mézières,Modane,49
816,VALID,Je dois me rendre de Besançon à Fougères,Besançon,Fougères,7
2140,INVALID,Je travaille à Loches,,,165
1426,VALID,Départ Biarritz arrivée Lens,Biarritz,Lens,15
2936,INVALID,Immobilier à Évreux,,,208
1694,VALID,Je voudrais aller de Tours à Argenteuil en TGV,Tours,Argenteuil,47
326,VALID,Je souhaite réserver un train de Lens vers Tourcoing,Lens,Tourcoing,58
2528,INVALID,Quelle heure est-il à Biarritz ?,,,160
1712,VALID,Train avec wifi de Lens à Bourgoin-Jallieu,Lens,Bourgoin-Jallieu,111
1106,VALID,Je veux réserver une place dans le train Orléans Strasbourg,Orléans,Strasbourg,90
2383,INVALID,Hôtel disponible à Poitiers,,,163
2838,INVALID,Heure locale à Port-Boulet,,,194
59,VALID,train du soir toulouse elbeuf,Toulouse,Elbeuf,66
84,VALID,quels sont les horaires de train bar-le-duc douai ?,Bar-le-Duc,Douai,8
3056,INVALID,Informations locales Louviers,,,241
509,VALID,Je veux partir maintenant de Toul pour Lorient,Toul,Lorient,56
2492,INVALID,Carte de Boulogne-Billancourt,,,169
1049,VALID,Y a-t-il un train vers 10h de Quimper à Cholet ?,Quimper,Cholet,129
2327,INVALID,Meilleur moment pour visiter Lens,,,197
2750,INVALID,Centres de loisirs Le Mans,,,262
3530,INVALID,Monument célèbre à Vannes,,,188
3223,INVALID,Activités nocturnes Troyes,,,255
705,VALID,Je planifie un voyage en train de Étampes vers Maubeuge,Étampes,Maubeuge,49
2942,INVALID,Événements culturels Angoulême,,,268
2758,INVALID,Carte des quartiers Annecy,,,267
1983,INVALID,j'habite à versailles,,,17
1912,INVALID,informations générales marseille,,,275
1092,VALID,Départ Tours arrivée Provins,Tours,Provins,15
2245,INVALID,Mon ami vit à Ajaccio et moi à Vitré,,,154
3936,INVALID,Office postal Auxerre,,,221
748,VALID,Combien de temps dure le trajet en train de Montpellier à Saint-Malo ?,Montpellier,Saint-Malo,60
541,VALID,Je veux voyager confortablement de Montpellier vers Grenoble,Montpellier,Grenoble,104
267,VALID,Je veu xvoyageer en trai nde Quimper à Privas,Quimper,Privas,43
3205,INVALID,Carte postale Évreux,,,196
3406,INVALID,Statistiques démographiques Auch,,,245
178,VALID,train express de orange vers saumur,Orange,Saumur,139
2047,INVALID,guide pratique louviers,,,229
3397,INVALID,Espaces verts Évreux,,,239
317,VALID,Quel train prendre pour aller de Valenciennes à Compiègne ?,Valenciennes,Compiègne,84
3267,INVALID,Restaurant à Brest,,,25
2289,INVALID,Plan de ville Amiens,,,206
1510,VALID,Je vais de Rouen à Évreux en train,Rouen,Évreux,52
1196,VALID,Je voudrais aller de Chalon-sur-Saône à Loches en TGV,Chalon-sur-Saône,Loches,47
2033,INVALID,zones vertes saint-dizier,,,224
2227,INVALID,Climat de Vannes,,,186
3556,INVALID,Écoles à Aix-les-Bains,,,213
1191,VALID,Train rapide de Compiègne à Calais,Compiègne,Calais,46
3145,INVALID,Centres sportifs Caen,,,235
3899,VALID,je veux aller de elbeuf a chalons-en-champagne,Elbeuf,Châlons-en-Champagne,1
1016,VALID,Je veux aller de Évreux à Albert,Évreux,Albert,1
2689,INVALID,Services des  anté Lorient,,,271
1437,VALID,Train avec restauration de Évreux à Paris,Évreux,Paris,135
2018,INVALID,calendrier événements saint-brieuc,,,248
1258,VALID,Train en milieu de journée Biarritz Ancenis,Biarritz,Ancenis,101
4058,VALID,Y a-t-il un depart vers 14h de Vierzon pour Sens ?,Vierzon,Sens,117
1182,VALID,Je veux comparer les horaires de train de Belfort à Le Mans,Belfort,Le Mans,94
2009,INVALID,code postal pontivy,,,176
2569,INVALID,Informations générales Abbeville,,,275
712,VALID,Combien de temps dure le trajet en train de Tarbes à Béthune ?,Tarbes,Béthune,60
2963,INVALID,Musée à visiter à Villeurbanne,,,172
1337,VALID,Quel est l'horaire du prochain train Toulon Tarbes ?,Toulon,Tarbes,64
3972,VALID,Y a-t-il un depart tot demain de Berck vers Rennes ?,Berck,Rennes,125
1382,VALID,Train régional de Poitiers à Châteaubriant,Poitiers,Châteaubriant,87
232,VALID,y a-t-il un train toutes les heures de digne-les-bains à vitry-le-françois ?,Digne-les-Bains,Vitry-le-François,89
954,VALID,Je cherche un train dimanche de Pontivy à Valence,Pontivy,Valence,132
3111,INVALID,Laval est magnifique en été,,,162
2823,INVALID,Associations à Avignon,,,207
2454,INVALID,Zones vertes Avignon,,,224
2640,INVALID,Code postal Berck,,,176
2338,INVALID,Spécialités culinaires Arles,,,187
467,VALID,Y a-t-il des trains disponibles de Châlons-en-Champagne à Nantes ?,Châlons-en-Champagne,Nantes,50
3351,INVALID,Informations locales Lons-le-Saunier,,,241
3284,INVALID,Clubs sportifs Fontenay-le-Comte,,,215
2795,INVALID,Guide urbain Poitiers,,,253
3015,INVALID,Population étudiante Concarneau,,,193
257,VALID,y a-t-il un train avant 8h de concarneau à quimper ?,Concarneau,Quimper,103
1764,VALID,Y a-t-il un TGV direct Le Havre Cannes ?,Le Havre,Cannes,93
1619,VALID,Je cherche un train après 18h de Toulon vers Bolbec,Toulon,Bolbec,98
2996,INVALID,Centres médicaux Granville,,,242
2507,INVALID,La distance entre Annecy et Vannes,,,20
1009,VALID,Train avec peu de correspondances de Besançon vers Charleville-Mézières,Besançon,Charleville-Mézières,127
2521,INVALID,Informations pratiques Saint-Omer,,,256
372,VALID,Train vaec places assises garantie sDinan Vitry-le-François,Dinan,Vitry-le-François,119
3251,INVALID,Informaitons  générales Cannes,,,275
2347,INVALID,Activités culturelles Rouen,,,247
3346,INVALID,Guide touristique Paris,,,183
2232,INVALID, Shopping à Bayonne,,,182
757,VALID,Je cherche le meilleur horaire de train Dieppe Lens,Dieppe,Lens,86
3988,VALID,Y a-t-il un train tot le matin de Aurillac vers Oyonnax ?,Aurillac,Oyonnax,62
1986,INVALID,histoire de créteil,,,171
2197,INVALID,Théâtre à Strasbourg,,,217
114,VALID,premier train nantes charleville-mézières,Nantes,Charleville-Mézières,41
3596,INVALID,Climat de Orange,,,186
4078,INVALID,Je travaille a Boulogne-sur-Mer,,,165
1698,VALID,Je dois me rendre à Saint-Malo depuis Biarritz en TGV,Biarritz,Saint-Malo,144
3059,INVALID,Restaurant à Angoulême,,,159
2487,INVALID,Carte scolaire Cannes,,,230
1473,VALID,Train avec peu de correspondances de Charleville-Mézières vers Vitry-le-François,Charleville-Mézières,Vitry-le-François,127
33,VALID,je veux comparer les horaires de train de vienne à saumur,Vienne,Saumur,94
3492,INVALID,Guide touristique Lisieux,,,183
1079,VALID,Je dois voyager de Chaumont à Orange ce week-end,Chaumont,Orange,77
1654,VALID,Je veux partir de Lourdes à Saint-Malo en première classe,Lourdes,Saint-Malo,142
609,VALID,Y a-t-il des trains en semaine de Châlons-en-Champagne à Tourcoing ?,Châlons-en-Champagne,Tourcoing,74
3366,INVALID,Centres de loisirs Lourdes,,,262
2922,INVALID,Activités sportives Langres,,,264
2531,INVALID,Climat de Châteauroux,,,186
1893,INVALID,zones touristiques châlons-en-champagne,,,249
3116,INVALID,Statistiques économiques Amboise,,,272
2319,INVALID,Immobilier à Nancy,,,208
2910,INVALID,Vitry-le-François est une belle ville,,,18
4100,VALID,Train direct sans correspondance Lisieux Dijon,Lisieux,Dijon,82
1998,INVALID,montargis ou morlaix pour les vacances ?,,,157
95,VALID,je dois prendre le train de louviers pour montpellier,Louviers,Montpellier,45
500,VALID,Je veux partir en milieu de soirée de Nancy pour Lorient,Nancy,Lorient,150
1966,INVALID,écoles à valence,,,213
1599,VALID,Y a-t-il un Intercités Lille Évreux ?,Lille,Évreux,57
3967,VALID,Je dosi voyager de Tarbes a Avranches veddredi,Tarbes,Avranches,112
504,VALID,Je cherche le train le moins cher de Cannes à Pontarlier,Cannes,Pontarlier,54
2912,INVALID,Écoles à Tarbes,,,213
2211,INVALID,Quelle est la population de Carcassonne ?,,,22
815,VALID,Comment rejoindre Biarritz depuis Elbeuf en train ?,Elbeuf,Biarritz,38
3898,INVALID,quelle heure est-il a albert ?,,,160
34,VALID,y a-t-il des trains vers cergy au départ de chinon ?,Chinon,Cergy,4
2601,INVALID,Quartiers modernes Auray,,,244
1886,INVALID,office du tourisme biarritz,,,205
2874,INVALID,Le maire de Cholet,,,158
1366,VALID,Y a-t-il des trains en semaine de Nanterre à Vichy ?,Nanterre,Vichy,74
3114,INVALID,Centres éducatifs Dole,,,270
1640,VALID,Je cherche un train jeudi de Villeurbanne à Tarbes,Villeurbanne,Tarbes,140
2408,INVALID,Quel temps fait-il à Vernon ?,,,151
2162,INVALID,Carte détaillée Montreuil,,,265
2745,INVALID,Cinéma à Soissons,,,216
1752,VALID,Départ Vedun arrivvée Ajaccio,Verdun,Ajaccio,15
2209,INVALID,Climat de Fécamp,,,186
286,VALID,Prochain train pour Melun depuis Tours,Tours,Melun,13
2303,INVALID,Université à Douai,,,179
2854,INVALID,Office du tourisme Tours,,,205
3503,INVALID,Entreprise connue à Fougères,,,180
2334,INVALID,Associations à Limoges,,,207
2879,INVALID,Guide pratique Vierzon,,,229
2352,INVALID,Carte touristique de Épinal,,,164
2958,INVALID,Carte détaillée Colmar,,,265
466,VALID,Y a-t-il un TGV direct Niort Saint-Dizier ?,Niort,Saint-Dizier,93
3357,INVALID,Météo actuelle à Chambéry,,,167
2402,INVALID,Statistiques emploi Pontarlier,,,225
3510,INVALID,Agenda culturel Les Sables-d'Olonne,,,233
10,VALID,y a-t-il un départ en début de soirée de concarneau pour vendôme ?,Concarneau,Vendôme,85
788,VALID,Je veux acheter un billet de train Charleville-Mézières Roubaix,Charleville-Mézières,Roubaix,83
4059,INVALID,Code postal Vesoul,,,176
3943,INVALID,Hotel disponible a Orleans,,,163
2144,INVALID,Éconoime de Cannes,,,199
104,VALID,je dois me déplacer en train de cambrai vers strasbourg mardi,Cambrai,Strasbourg,120
341,VALID,Je dois me déplacer de Chaumont à Clermont-Ferrand en train,Chaumont,Clermont-Ferrand,65
2928,INVALID,Photos aériennes Douai,,,211
2674,INVALID,Marchés hebdomadaires Vernon,,,238
400,VALID,Je dois être à Montreuil avant midi en partant de Saint-Quentin,Saint-Quentin,Montreuil,88
992,VALID,À quelle heure arrive le train à Montreuil depuis Évreux ?,Évreux,Montreuil,48
4087,INVALID,Calendrier evenements Pontarlier,,,248
588,VALID,Je veux un train rapide de Challans à Grenoble,Challans,Grenoble,35
1533,VALID,Combien de temps dure le trajet en train de Brest à Vannes ?,Brest,Vannes,60
1769,VALID,Quels sont les horaires de train Florence Hazebrouck ?,Florence,Hazebrouck,8
1521,VALID,Y a-t-il un TGV Challans Port-Boulet ?,Challans,Port-Boulet,34
3728,VALID,je veux partir apres le dejeuner de perigueux pour dijon,Périgueux,Dijon,134
1904,INVALID,monument célèbre à la rochelle,,,188
2646,INVALID,Coût de la vie Fontainebleau,,,209
2837,INVALID,Activités culturelles Marseille,,,247
2628,INVALID,Bonjour,,,156
1353,VALID,Je voudrais aller de Pontivy à Saint-Malo en TGV,Pontivy,Saint-Malo,47
1767,VALID,Quel train me conseillez-vous de Épinal à Cholet ?,Épinal,Cholet,53
2415,INVALID,Marché local Dunkerque,,,202
1923,INVALID,carte météo poitiers,,,191
1190,VALID,Train avec le moins de correspondances Cannes Pontivy,Cannes,Pontivy,55
458,VALID,Je suohaite voyaegr de Bulogne-sur-Mer vres Versailles,Boulogne-sur-Mer,Versailles,5
74,VALID,train rapide de quimper à toulon,Quimper,Toulon,46
1082,VALID,Quel est l'horaire du prochain train Bourgoin-Jallieu Boulogne-Billancourt ?,Bourgoin-Jallieu,Boulogne-Billancourt,64
9,VALID,y a-t-il des trains disponibles de créteil à béthune ?,Créteil,Béthune,50
3611,INVALID,Soipng àB olbec,,,182
1760,VALID,Y a-t-il un train avant 8h de Moulins à Soissons ?,Moulins,Soissons,103
867,VALID,Je cherche un train jeudi de Auxerre à Blois,Auxerre,Blois,140
2129,INVALID,Cinéma à Montbéliard,,,216
1171,VALID,Je veux le train avec le meilleur confort Blois Soissons,Blois,Soissons,138
563,VALID,Je dois voyager de Compiègne à Nevers ce week-end,Compiègne,Nevers,77
634,VALID,Train express de Calais vers Orange,Calais,Orange,139
2832,INVALID,Transports locaux Bayonne,,,273
2025,INVALID,code postal nîmes,,,176
2142,INVALID,Théâtre à Saint-Malo,,,217
3771,INVALID,informations pratiques manosque,,,256
2739,INVALID,Clermont-Ferrand est magnifique en été,,,162
3171,INVALID,Zones commerciales Chartres,,,263
23,VALID,je veux le train le plus rapide de mulhouse à lannion,Mulhouse,Lannion,79
547,VALID,Je dois prendre le train de Vienne pour Mulhouse,Vienne,Mulhouse,45
3260,INVALID,Carte générale Arras,,,257
2538,INVALID,Le maire de Courbevoie,,,24
475,VALID,Y a-t-il un TGV direct Étampes Lille ?,Étampes,Lille,93
356,VALID,Je veux acheter mon billet pour le train Montreuil Évreux,Montreuil,Évreux,118
3315,INVALID,Carte historique Saumur,,,210
3287,INVALID,Hôtel pas cher à Aurillac,,,170
139,VALID,à quelle heure arrive le train à rouen depuis aix-en-provence ?,Aix-en-Provence,Rouen,48
571,VALID,Y a-t-il un train avant 8h de Argenteuil à Bourgoin-Jallieu ?,Argenteuil,Bourgoin-Jallieu,103
1398,VALID,Je veux partir maintenant de Morlaix pour Marseille,Morlaix,Marseille,56
782,VALID,Je veux partir en train de Alençon à Metz samedi,Alençon,Metz,126
2620,INVALID,Entreprise connue à Aubenas,,,180
380,VALID,Y a-t-il un départ en début de soirée de Bayonne pour Melun ?,Bayonne,Melun,85
2430,INVALID,Zones industrielles Saint-Malo,,,231
1508,VALID,Je cherche le train le plus économique de Nice à Ancenis,Nice,Ancenis,124
1891,INVALID,quel temps fait-il à pontivy ?,,,151
1234,VALID,Je dois me rendre de Granville à Châlons-en-Champagne,Granville,Châlons-en-Champagne,7
2502,INVALID,Centres éducatifs Villeurbanne,,,270
3571,INVALID,Office postal Bourges,,,221
2499,INVALID,Zones touristiques Pepignan,,,219
3289,INVALID,Populatioon totale Nevers,,,252
2796,INVALID,Activités culturelles Briançon,,,247
2217,INVALID,La distance entre Modane et Abbeville,,,276
707,VALID,Train du matin Montélimar Pontoise,Montélimar,Pontoise,29
451,VALID,Je cherche le trai le moins cher de Melun à Morlaix,Melun,Morlaix,54
2512,INVALID,Biarritz ou Lisieux pour les vacances ?,,,23
1041,VALID,Quel est l'horaire du prochain train Saint-Brieuc Montauban ?,Saint-Brieuc,Montauban,64
2984,INVALID,Restaurant à Morlaix,,,25
1055,VALID,Y a-t-il un train vers midi de Pontivy à Nevers ?,Pontivy,Nevers,137
1644,VALID,Je vais de Angoulême à Concarneau en train,Angoulême,Concarneau,52
1083,VALID,Prochain TGV de Manosque pour Béthune,Manosque,Béthune,95
1183,VALID,Train de début de soirée Melun Bar-le-Duc,Melun,Bar-le-Duc,123
1737,VALID,Quelle est la durée du trajet en train de Le Mans à Nancy ?,Le Mans,Nancy,31
2185,INVALID,Carte historique Chaumoont,,,210
2368,INVALID,Tranprrts locaux Boulogne-Billancourt,,,273
799,VALID,Train de début de soirée CobevoieR nness,Courbevoie,Rennes,123
2671,INVALID,Photos anciennes Béziers,,,200
3741,INVALID,universite a aurillac,,,179
3614,INVALID,Événements locaux Caen,,,228
2146,INVALID,Je suis né à Nancy,,,185
1927,INVALID,informations trafic nevers,,,260
2134,INVALID,Poto de Saint-Dizier,,,177
1352,VALID,Billet de train aller-retour Amboise Aix-les-Bains,Amboise,Aix-les-Bains,78
1723,VALID,Je veux voyager en train de Besançon à Pau,Besançon,Pau,43
876,VALID,Je dois voyager en train de Toul vers Les Sables-d'Olonne mercredi,Toul,Les Sables-d'Olonne,136
3436,INVALID,Services publics Vendôme,,,234
1854,INVALID,espaces verts louviers,,,239
289,VALID,Je dois me rendre à Sens depuis Amiens en TGV,Amiens,Sens,144
3336,INVALID,Services de santé Gap,,,271
2259,INVALID,Verdun ou Avignon pour les vacances ?,,,157
920,VALID,Train quotidien Montauban Melun,Montauban,Melun,107
2995,INVALID,Meilleur moment pour visiter Aurillac,,,197
2075,INVALID,BBolbec est maagnifique en été,,,162
1635,VALID,Y a-t-il un train l'après-midi de Auray à Granville ?,Auray,Granville,121
3031,INVALID,Bibliothèque à Avranches,,,212
2509,INVALID,Je suis né à Mende,,,185
4014,VALID,Depart Melun arrivee Caen,Melun,Caen,15
124,VALID,quels sont les horaires de train villeurbanne florence ?,Villeurbanne,Florence,8
2223,INVALID,Calendrier événements Angoulême,,,248
1810,INVALID,écoles à bar-le-duc,,,213
3246,INVALID,Guide urbain Challans,,,253
4109,INVALID,J'habite a Orange,,,152
3884,INVALID,nancy ou epinal pour les vacances ?,,,157
2582,INVALID,Événements sportifs Concarneau,,,250
709,VALID,Je voudrais partir de Lille pour aller à Montivilliers,Lille,Montivilliers,9
2341,INVALID,Quartiers historiques Nanterre,,,227
1841,INVALID,quel etmps fait-il à tarbes ?,,,151
2793,INVALID,Informations générales Fontenay-le-Comte,,,275
3350,INVALID,Carte de Lons-le-Saunier,,,169
2953,INVALID,Guide urbain Mulhouse,,,253
2621,INVALID,Monument célèbre à Dole,,,188
2847,INVALID,Marchés hebdomadaires Angers,,,238
3618,INVALID,Que temps fait-il à Gap ?,,,151
632,VALID,Train régional de Pontivy à Arras,Pontivy,Arras,87
579,VALID,Y a-t-il un Intercités Saumur Vienne ?,Saumur,Vienne,57
3180,INVALID,Zones touristiques Aix-les-Bains,,,219
1674,VALID,Départ Chalon-sur-Saône arrivée Pontoise,Chalon-sur-Saône,Pontoise,15
488,VALID,Je cherche le train le plus économique de Villeurbanne à Marseille,Villeurbanne,Marseille,124
3332,INVALID,Photos aériennes Lourdes,,,211
3049,INVALID,Heure locale à Dinan,,,194
331,VALID,Je veux acheter mon billet pour le train Poitiers Cherbourg,Poitiers,Cherbourg,118
2794,INVALID,Hôpitaux à Berck,,,222
1788,INVALID,zones touristiques nanterre,,,219
2024,INVALID,carte générale évreux,,,257
2651,INVALID,Carte météo Granville,,,191
1307,VALID,Y a-t-il un train rapide sans arrêt Tours Lille ?,Tours,Lille,113
133,VALID, quels sont les horaires de trin blois metz ?,Blois,Metz,8
3477,INVALID,Informations locales Nevers,,,241
3645,INVALID,Cartographie Les Sables-d'Olonne,,,237
1823,INVALID,plan de ville évreux,,,206
2271,INVALID,Activités sportives Épernay,,,264
2460,INVALID,Office du tourisme Nancy,,,205
271,VALID,Train du matin Vierzon Beauvais,Vierzon,Beauvais,29
903,VALID,Je veux réserver une place dans le train Valence Rouen,Valence,Rouen,90
841,VALID,Je souhaite prendre le train de Vitré pour Villeurbanne,Vitré,Villeurbanne,32
4108,VALID,Je cherche un train pour la semaine prochaine de Luneville a Lisieux,Lunéville,Lisieux,106
1845,INVALID,carte postale laon,,,196
3356,INVALID,Zones rurales Saint-Omer,,,243
2482,INVALID,Marchés hebdomadaires Chambéry,,,238
2586,INVALID,Musééecélbr eà Saint-Denis,,,166
2849,INVALID,Concert prévu à Bolbec,,,174
1826,INVALID,carte historique vienne,,,210
1515,VALID,Y a-t-il un train rapide sans arrêt Nanterre Poitiers ?,Nanterre,Poitiers,113
2238,INVALID,Musée célèbre à Privas,,,166
1876,INVALID,informations générales orléans,,,275
1547,VALID,Train régional de Tours à Moulins,Tours,Moulins,87
1852,INVALID,bibliothèque à bourges,,,212
3440,INVALID,Monument célèbre à Arles,,,188
3426,INVALID,Quartier sûr à Alençon,,,190
1486,VALID,Un ilblet d rtain pouraler de Granville à Béziers,Granville,Béziers,33
3063,INVALID,Zones touristiques Aubenas,,,219
3538,INVALID,Mon ami vit à Granville et moi à Berck,,,19
2023,INVALID,quelle heure est-il à évreux ?,,,160
3675,INVALID, Écolesà  Valenciennnes,,,213
3360,INVALID,Je suis né à Montbéliard,,,185
2642,INVALID,Restaurant à Cambrai,,,25
249,VALID,quel est le meilleur train de carcassonne à laon ?,Carcassonne,Laon,44
2611,INVALID,Parc célèbre à Montauban,,,203
555,VALID,Je veux un train confortable de Compiègne à Moulins,Compiègne,Moulins,69
4013,INVALID,Meteo actuelle a Roubaix,,,167
2831,INVALID,Clermont-Ferrand est une belle ville,,,153
3850,VALID,y a-t-il un train tot le matin de dinan vers orleans ?,Dinan,Orléans,62
2467,INVALID,Je suis né à Étampes,,,185
2071,INVALID,Statistiques locales Diion,,,261
495,VALID,Y a-t-il un TGV Lisieux Nanterre ?,Lisieux,Nanterre,34
787,VALID,Y a-t-il un train avant 8h de Mende à Chalon-sur-Saône ?,Mende,Chalon-sur-Saône,103
1237,VALID,Train de fin de journée Lorient vers Châlons-en-Champagne,Lorient,Châlons-en-Champagne,147
2215,INVALID,Centres commerciaux Saint-Étienne,,,226
4071,INVALID,J'habite actuellement a Cergy,,,161
3516,INVALID,Zones vertes Ajaccio,,,224
2260,INVALID,Hôtel disponible à Ancenis,,,163
3294,INVALID,Caret des routes Chambéry,,,223
1014,VALID,Y a-t-il un train de nuit entre Florence et Saumur ?,Florence,Saumur,149
1948,INVALID,centres culturels poitiers,,,254
3784,VALID,prochain tgv de avignon pour rennes,Avignon,Rennes,95
4038,VALID,Train avec wifi de Segre a Soissons,Segré,Soissons,111
3978,VALID,Y a-t-il des trains disponibles de Saint-Quentin a Vitry-le-Francois ?,Saint-Quentin,Vitry-le-François,50
94,VALID,je planifie un voyage en train de moulins vers valenciennes,Moulins,Valenciennes,49
2328,INVALID,Architceure de Fontenay-le-Comte,,,198
413,VALID,Train matinal de Dunkerque vers Créteil,Dunkerque,Créteil,115
1602,VALID,Quel train me conseillez-vous de Vendôe àà Lourdess ?,Vendôme,Lourdes,53
4102,VALID,Train de fin de journee Vierzon vers Laon,Vierzon,Laon,147
3672,INVALID,Musée à visiter à Chalon-sur-Saône,,,172
2714,INVALID,Metz ou Saumur pour les vacances ?,,,157
2212,INVALID,Centrees cmomerciauxx Digne-les-Bains,,,226
1801,INVALID,plan de ville compiègne,,,206
2367,INVALID,Statistiques mploi Angers,,,225
765,VALID,Quel train me conseillez-vous de Grenoble à Auxerre ?,Grenoble,Auxerre,53
3164,INVALID,Hôtel disponible à Limoges,,,163
1696,VALID,Je cherche le meilleur horaire de train Saint-Denis Maubeuge,Saint-Denis,Maubeuge,86
364,VALID,Prochain départ de Dinan pour Angers,Dinan,Angers,27
2683,INVALID,Hôtel pas cher à Amiens,,,170
206,VALID,je veux me rendre à vitré depuis cambrai par le train,Cambrai,Vitré,73
3706,INVALID,festival a vitry-le-francois,,,189
2658,INVALID,Marchés hebdomadaires Biarritz,,,238
98,VALID,je cherche le train le plus économique de évreux à dunkerque,Évreux,Dunkerque,124
665,VALID,Je planifie un voyage en train de Douai vers Port-Boulet,Douai,Port-Boulet,49
1570,VALID,Y a-t-il un train avant 8h de Port-Boulet à Manosque ?,Port-Boulet,Manosque,103
3340,INVALID,Monuments historiques Nancy,,,214
1005,VALID,Je veux acheter un billet de train Montivilliers Fontainebleau,Montivilliers,Fontainebleau,83
1228,VALID,Train avec peu de monde de Saint-Dizier à Alençon,Saint-Dizier,Alençon,97
863,VALID,Y a-t-il un train toutes les heures de Montargis à Toul ?,Montargis,Toul,89
1206,VALID,Train de fin de matinée Bourg-en-Bresse Béthune,Bourg-en-Bresse,Béthune,131
1201,VALID,Je veux voyager en train de Roubaix à Morlaix,Roubaix,Morlaix,43
988,VALID,Je veux le train avec le meilleur confort Auch Agen,Auch,Agen,138
521,VALID,Je prends le train de Vesoul à Vannes,Vesoul,Vannes,61
3185,INVALID,Services de santé Saint-Malo,,,271
2076,INVALID,Monument célèbre à Auxerre,,,188
962,VALID,Combien de temps dure le trajet en train de Oyonnax à Marseille ?,Oyonnax,Marseille,60
3624,INVALID,Festival à Laval,,,189
3677,INVALID,Carte touristique de Nevers,,,164
199,VALID,y a-t-il des réductions sur le train hazebrouck évreux ?,Hazebrouck,Évreux,99
8,VALID,je vais de la rochelle à vitry-le-françois en train,La Rochelle,Vitry-le-François,52
1235,VALID,Je pars en train de Dunkerque vers Montargis,Dunkerque,Montargis,71
3847,VALID,je veux un train rapide de lannion a besancon,Lannion,Besançon,35
3027,INVALID,Informations locales Dole,,,241
1176,VALID,Train matinal e Belfort vers Montéliar,Belfort,Montélimar,115
1274,VALID,Y a-t-il un train toutes les deux heures de Dieppe à Meaux ?,Dieppe,Meaux,145
3655,INVALID,Quelle heure est-il à Digne-les-Bains ?,,,160
1013,VALID,Je ddois voyager de Nantes à Châteaubriant vendredi,Nantes,Châteaubriant,112
3354,INVALID,Zones rurales Courbevoie,,,243
2417,INVALID,Quelle est la population de Lunéville ?,,,22
854,VALID,Y a-t-il un TGV en fin d'parès-midi Nicee Vichy ?,Nice,Vichy,133
3419,INVALID,Architecture de Auxerre,,,198
2594,INVALID,Festival à Nancy,,,189
1240,VALID,Y a-t-il un TGV Le Havre Aix-les-Bains? ,Le Havre,Aix-les-Bains,34
2280,INVALID,Zones commerciales Loches,,,263
3068,INVALID,Guide urbain Vitry-le-François,,,253
2355,INVALID,Je suis né à Langres,,,185
2663,INVALID,Clisson est une belle ville,,,18
369,VALID,Un billet de train pour aller de Fécamp à Antibes,Fécamp,Antibes,33
239,VALID,je veux voyager confortablement de le mans vers soissons,Le Mans,Soissons,104
756,VALID,Y a-t-il des trains disponibles de Belfort à Pontoise ?,Belfort,Pontoise,50
1815,INVALID,concert prévu à lille,,,174
1765,VALID,Y a-t-il un train vers midi de Aubenas à Montauban ?,Aubenas,Montauban,137
2679,INVALID,Arras est une belle ville,,,18
1136,VALID,Je voudrais partir de Périgueux pour aller à Yvetot,Périgueux,Yvetot,9
545,VALID,Je réserve un train de Dinan à Bar-le-Duc,Dinan,Bar-le-Duc,26
3964,VALID,Trajet de Abbeville vers Vierzon,Abbeville,Vierzon,11
2819,INVALID,Quartiers historiques Dunkerque,,,227
3738,INVALID,carte interactive saint-denis,,,240
2351,INVALID,Le maire de Brest,,,158
2890,INVALID,Guide local Créteil,,,269
979,VALID,Y a-t-il un train vers midi de Port-Boulet à Évreux ?,Port-Boulet,Évreux,137
2387,INVALID,Centres culturels Saint-Malo,,,254
3959,INVALID,Bourgoin-Jallieu ou Chinon pour les vacances ?,,,157
203,VALID,quels sont les horaires de train amiens briançon ?,Amiens,Briançon,8
1604,VALID,Je voudrais connaître les horaires de train de Chambéry à Versailles,Chambéry,Versailles,67
3885,VALID,je veux un train rapide de vendome a cherbourg,Vendôme,Cherbourg,35
789,VALID,Prrochian déparrt de Soissons pour Auch,Soissons,Auch,27
2313,INVALID,Associations à Morlaix,,,207
2143,INVALID,Cambrai est magnifique en été,,,162
1829,INVALID,shopping à vienne,,,182
3062,INVALID,Guide touristique Annecy,,,183
1345,VALID,Y a-t-il des trains disponibles de Lisieux à Niort ?,Lisieux,Niort,50
714,VALID,Y a-t-il un TGV direct Besançon Bordeaux ?,Besançon,Bordeaux,93
1792,INVALID,activités sportives courbevoie,,,264
3258,INVALID,Centres sportifs Cholet,,,235
415,VALID,Je cherche à aller de Mende à Langres par le trian,Mende,Langres,116
1567,VALID,Je veux me rendre à Gap depuis Le Puy-en-Velay par le train,Le Puy-en-Velay,Gap,73
2800,INVALID,Centres culturels Les Sables-d'Olonne,,,254
1086,VALID,Je dois me déplacer en train de Rennes vers Cergy mardi,Rennes,Cergy,120
2116,INVALID,Carte détaillée Bar-le-Duc,,,265
3768,INVALID,bibliotheque a modane,,,212
3532,INVALID,Quelle heure est-il à Granville ?,,,160
2268,INVALID,Carte des routes Aurillac,,,223
776,VALID,Je cherche un train pour la semaine prochaine de Avignon à Bourg-en-Bresse,Avignon,Bourg-en-Bresse,106
77,VALID,train avec le moins de correspondances fontainebleau lyon,Fontainebleau,Lyon,55
1535,VALID,Je veux un billet flexible Mâcon Dinan,Mâcon,Dinan,114
2786,INVALID,Services publics Lourdes,,,234
3942,VALID,Train avec peu de correspondances de Lille vers Loches,Lille,Loches,127
1784,INVALID,code postal antibes,,,176
3042,INVALID,Carte scolaire Arles,,,230
354,VALID,Train en fin d'après-midi Lannion Dijon,Lannion,Dijon,76
2532,INVALID,Chaumont est une belle ville,,,153
2713,INVALID,Statistiques locales Marseille,,,261
2127,INVALID,Carte scolaire Romans-sur-Isère,,,230
1609,VALID,Nevers Maubeuge pour demain,Nevers,Maubeuge,6
2390,INVALID,Université à Blois,,,179
180,VALID,quel train prendre pour aller de antibes à saint-malo ?,Antibes,Saint-Malo,84
2587,INVALID,Festival à Rodez,,,189
2616,INVALID,Population étudiante Saint-Quentin,,,193
2564,INVALID,Zones vertes Chambéry,,,224
1911,INVALID,cartographie dijon,,,237
877,VALID,Y a-t-il un départ vers 14h de Chaumont pour Port-Boulet ?,Chaumont,Port-Boulet,117
209,VALID,je cherche à aller de digne-les-bains à provins par le train,Digne-les-Bains,Provins,116
560,VALID,Je dois me déplacer de Saint-Quentin à Hazebrouck en train,Saint-Quentin,Hazebrouck,65
3472,INVALID,Métééo actuelle   àVesoul,,,167
3285,INVALID,Meilleur moment pour visiter Charleville-Mézières,,,197
427,VALID,Je veuxx oyager ne train de Caen à Annecy,Caen,Annecy,43
3643,INVALID,Événements locuax Avignon,,,228
31,VALID,y a-t-il des trains vers angoulême au départ de argenteuil ?,Argenteuil,Angoulême,4
2727,INVALID,Actualités à Port-Boulet,,,178
1087,VALID,Procain départ de Lyon pou Reims,Lyon,Reims,27
2350,INVALID,Langue parlée à Moulins,,,175
3683,INVALID,Office postal Grenoble,,,221
2636,INVALID,Hôpitaux à Bourg-en-Bresse,,,222
39,VALID,y a-t-il un départ en soirée de le puy-en-velay pour créteil ?,Le Puy-en-Velay,Créteil,141
3808,VALID,y a-t-il un train toutes les heures de cherbourg a strasbourg ?,Cherbourg,Strasbourg,89
157,VALID,à quelle heure arrive le train à courbevoie depuis saint-omer ?,Saint-Omer,Courbevoie,48
498,VALID,Je veux partir en milieu de soirée d Vitré pour Carcassonne,Vitré,Carcassonne,150
3541,INVALID,Code postal Metz,,,176
2168,INVALID,Guide étudiant Florence,,,201
